Space group: Fd-3m
Found 4 high-symmetry points:
  GM: k=(0.0, 0.0, 0.0)
  L: k=(0.5, 0.5, 0.5)
  W: k=(0.5, 0.25, 0.75)
  X: k=(0.5, 0.0, 0.5)

# GM point (Primitive coordinates)
# k_prim = [0.0000, 0.0000, 0.0000]
# k_BCS  = [0.0000, 0.0000, 0.0000]  (BCS label: GM)
============================================================
# band  freq(THz)  freq(cm-1)     label(M)   label(BCS)  IR  Raman  OPD(BCS)        OPD(prim)       Daughter SG          Chiral  
     0    -0.9110      -30.39          T2u         GM5-  .     .    (a, 0, 0)       (a, 0, 0)       P1(#1)               III     
     1    -0.9110      -30.39          T2u         GM5-  .     .    (a, a, a)       (0, a, 0)       P1(#1)               III     
     2    -0.9110      -30.39          T2u         GM5-  .     .    (0, a, -a)      (0, 0, a)       P1(#1)               III     
     3    -0.0000       -0.00          T1u         GM4-  Y     .    (a, 0, 0)       (a, 0, 0)       Fd-3m(#227)          -       
     4    -0.0000       -0.00          T1u         GM4-  Y     .    (a, a, a)       (0, a, 0)       Fd-3m(#227)          -       
     5    -0.0000       -0.00          T1u         GM4-  Y     .    (0, a, a)       (0, 0, a)       Fd-3m(#227)          -       
     6     1.0561       35.23           Eu         GM3-  .     .    (a, 0)          (a, 0)          F222(#22)            III     
     7     1.0561       35.23           Eu         GM3-  .     .    (a, a)          (0, a)          F222(#22)            III     
     8     1.4784       49.31          T2g         GM5+  .     Y    (a, 0, 0)       (a, 0, 0)       P-1(#2)              -       
     9     1.4784       49.31          T2g         GM5+  .     Y    (a, a, a)       (0, a, 0)       P-1(#2)              -       
    10     1.4784       49.31          T2g         GM5+  .     Y    (0, a, -a)      (0, 0, a)       P-1(#2)              -       
    11     1.5649       52.20          T1u         GM4-  Y     .    (a, 0, 0)       (a, 0, 0)       I4_1md(#109)         -       
    12     1.5649       52.20          T1u         GM4-  Y     .    (a, a, a)       (0, a, 0)       Cc(#9)               -       
    13     1.5649       52.20          T1u         GM4-  Y     .    (0, a, a)       (0, 0, a)       Cc(#9)               -       
    14     1.6191       54.01          T1g         GM4+  .     .    (a, 0, 0)       (a, 0, 0)       P-1(#2)              -       
    15     1.6191       54.01          T1g         GM4+  .     .    (a, a, a)       (0, a, 0)       P-1(#2)              -       
    16     1.6191       54.01          T1g         GM4+  .     .    (0, a, a)       (0, 0, a)       P-1(#2)              -       
    17     1.9477       64.97          T2u         GM5-  .     .    (a, 0, 0)       (a, 0, 0)       P1(#1)               III     
    18     1.9477       64.97          T2u         GM5-  .     .    (a, a, a)       (0, a, 0)       P1(#1)               III     
    19     1.9477       64.97          T2u         GM5-  .     .    (0, a, -a)      (0, 0, a)       P1(#1)               III     
    20     2.0155       67.23          T1u         GM4-  Y     .    (a, 0, 0)       (a, 0, 0)       Cc(#9)               -       
    21     2.0155       67.23          T1u         GM4-  Y     .    (a, a, a)       (0, a, 0)       I4_1md(#109)         -       
    22     2.0155       67.23          T1u         GM4-  Y     .    (0, a, a)       (0, 0, a)       Cc(#9)               -       
    23     2.6175       87.31          T1g         GM4+  .     .    (a, 0, 0)       (a, 0, 0)       P-1(#2)              -       
    24     2.6175       87.31          T1g         GM4+  .     .    (a, a, a)       (0, a, 0)       P-1(#2)              -       
    25     2.6175       87.31          T1g         GM4+  .     .    (0, a, a)       (0, 0, a)       P-1(#2)              -       
    26     2.8849       96.23          T2u         GM5-  .     .    (a, 0, 0)       (a, 0, 0)       P1(#1)               III     
    27     2.8849       96.23          T2u         GM5-  .     .    (a, a, a)       (0, a, 0)       P1(#1)               III     
    28     2.8849       96.23          T2u         GM5-  .     .    (0, a, -a)      (0, 0, a)       P1(#1)               III     
    29     3.0195      100.72           Eg         GM3+  .     Y    (a, 0)          (a, 0)          Fddd(#70)            -       
    30     3.0195      100.72           Eg         GM3+  .     Y    (a, a)          (0, a)          Fddd(#70)            -       
    31     3.0372      101.31           Eu         GM3-  .     .    (a, 0)          (a, 0)          F222(#22)            III     
    32     3.0372      101.31           Eu         GM3-  .     .    (a, a)          (0, a)          F222(#22)            III     
    33     3.0678      102.33          A2u         GM2-  .     .    (a)             (a)             F-43m(#216)          -       
    34     3.9355      131.27          T2g         GM5+  .     Y    (a, 0, 0)       (a, 0, 0)       P-1(#2)              -       
    35     3.9355      131.27          T2g         GM5+  .     Y    (a, a, a)       (0, a, 0)       P-1(#2)              -       
    36     3.9355      131.27          T2g         GM5+  .     Y    (0, a, -a)      (0, 0, a)       P-1(#2)              -       
    37     3.9554      131.94          T1u         GM4-  Y     .    (a, 0, 0)       (a, 0, 0)       Cc(#9)               -       
    38     3.9554      131.94          T1u         GM4-  Y     .    (a, a, a)       (0, a, 0)       Cc(#9)               -       
    39     3.9554      131.94          T1u         GM4-  Y     .    (0, a, a)       (0, 0, a)       I4_1md(#109)         -       
    40     4.6624      155.52          T2u         GM5-  .     .    (a, 0, 0)       (a, 0, 0)       P1(#1)               III     
    41     4.6624      155.52          T2u         GM5-  .     .    (a, a, a)       (0, a, 0)       P1(#1)               III     
    42     4.6624      155.52          T2u         GM5-  .     .    (0, a, -a)      (0, 0, a)       P1(#1)               III     
    43     4.8557      161.97          T1g         GM4+  .     .    (a, 0, 0)       (a, 0, 0)       P-1(#2)              -       
    44     4.8557      161.97          T1g         GM4+  .     .    (a, a, a)       (0, a, 0)       P-1(#2)              -       
    45     4.8557      161.97          T1g         GM4+  .     .    (0, a, a)       (0, 0, a)       P-1(#2)              -       
    46     4.8935      163.23           Eu         GM3-  .     .    (a, 0)          (a, 0)          F222(#22)            III     
    47     4.8935      163.23           Eu         GM3-  .     .    (a, a)          (0, a)          F222(#22)            III     
    48     5.0030      166.88          T1u         GM4-  Y     .    (a, 0, 0)       (a, 0, 0)       Cc(#9)               -       
    49     5.0030      166.88          T1u         GM4-  Y     .    (a, a, a)       (0, a, 0)       I4_1md(#109)         -       
    50     5.0030      166.88          T1u         GM4-  Y     .    (0, a, a)       (0, 0, a)       Cc(#9)               -       
    51     5.1439      171.58           Eg         GM3+  .     Y    (a, 0)          (a, 0)          Fddd(#70)            -       
    52     5.1439      171.58           Eg         GM3+  .     Y    (a, a)          (0, a)          Fddd(#70)            -       
    53     5.1820      172.85          T2g         GM5+  .     Y    (a, 0, 0)       (a, 0, 0)       P-1(#2)              -       
    54     5.1820      172.85          T2g         GM5+  .     Y    (a, a, a)       (0, a, 0)       P-1(#2)              -       
    55     5.1820      172.85          T2g         GM5+  .     Y    (0, a, -a)      (0, 0, a)       P-1(#2)              -       
    56     5.3337      177.91          T1u         GM4-  Y     .    (a, 0, 0)       (a, 0, 0)       Cc(#9)               -       
    57     5.3337      177.91          T1u         GM4-  Y     .    (a, a, a)       (0, a, 0)       Cc(#9)               -       
    58     5.3337      177.91          T1u         GM4-  Y     .    (0, a, a)       (0, 0, a)       I4_1md(#109)         -       
    59     5.5156      183.98          T2g         GM5+  .     Y    (a, 0, 0)       (a, 0, 0)       P-1(#2)              -       
    60     5.5156      183.98          T2g         GM5+  .     Y    (a, a, a)       (0, a, 0)       P-1(#2)              -       
    61     5.5156      183.98          T2g         GM5+  .     Y    (0, a, -a)      (0, 0, a)       P-1(#2)              -       
    62     5.7645      192.28          A1g         GM1+  .     Y    (a)             (a)             Fd-3m(#227)          -       
    63     6.1386      204.76          A2u         GM2-  .     .    (a)             (a)             F-43m(#216)          -       
    64    10.1547      338.73          T1u         GM4-  Y     .    (a, 0, 0)       (a, 0, 0)       Cc(#9)               -       
    65    10.1547      338.73          T1u         GM4-  Y     .    (a, a, a)       (0, a, 0)       Cc(#9)               -       
    66    10.1547      338.73          T1u         GM4-  Y     .    (0, a, a)       (0, 0, a)       I4_1md(#109)         -       
    67    10.1577      338.82          A1g         GM1+  .     Y    (a)             (a)             Fd-3m(#227)          -       
    68    10.1734      339.35          A2u         GM2-  .     .    (a)             (a)             F-43m(#216)          -       
    69    10.3046      343.73          T2g         GM5+  .     Y    (a, 0, 0)       (a, 0, 0)       P-1(#2)              -       
    70    10.3046      343.73          T2g         GM5+  .     Y    (a, a, a)       (0, a, 0)       P-1(#2)              -       
    71    10.3046      343.73          T2g         GM5+  .     Y    (0, a, -a)      (0, 0, a)       P-1(#2)              -       
    72    10.6349      354.74          T1g         GM4+  .     .    (a, 0, 0)       (a, 0, 0)       P-1(#2)              -       
    73    10.6349      354.74          T1g         GM4+  .     .    (a, a, a)       (0, a, 0)       P-1(#2)              -       
    74    10.6349      354.74          T1g         GM4+  .     .    (0, a, a)       (0, 0, a)       I4_1/a(#88)          -       
    75    10.6969      356.81          T2u         GM5-  .     .    (a, 0, 0)       (a, 0, 0)       P1(#1)               III     
    76    10.6969      356.81          T2u         GM5-  .     .    (a, a, a)       (0, a, 0)       P1(#1)               III     
    77    10.6969      356.81          T2u         GM5-  .     .    (0, a, -a)      (0, 0, a)       P1(#1)               III     
    78    11.1964      373.47           Eg         GM3+  .     Y    (a, 0)          (a, 0)          Fddd(#70)            -       
    79    11.1964      373.47           Eg         GM3+  .     Y    (a, a)          (0, a)          Fddd(#70)            -       
    80    11.4546      382.08          T2g         GM5+  .     Y    (a, 0, 0)       (a, 0, 0)       P-1(#2)              -       
    81    11.4546      382.08          T2g         GM5+  .     Y    (a, a, a)       (0, a, 0)       P-1(#2)              -       
    82    11.4546      382.08          T2g         GM5+  .     Y    (0, a, -a)      (0, 0, a)       P-1(#2)              -       
    83    11.5832      386.37          T1u         GM4-  Y     .    (a, 0, 0)       (a, 0, 0)       Cc(#9)               -       
    84    11.5832      386.37          T1u         GM4-  Y     .    (a, a, a)       (0, a, 0)       I4_1md(#109)         -       
    85    11.5832      386.37          T1u         GM4-  Y     .    (0, a, a)       (0, 0, a)       Cc(#9)               -       
    86    11.5984      386.88           Eu         GM3-  .     .    (a, 0)          (a, 0)          F222(#22)            III     
    87    11.5984      386.88           Eu         GM3-  .     .    (a, a)          (0, a)          I-4m2(#119)          -       
    88    12.6174      420.87          T1u         GM4-  Y     .    (a, 0, 0)       (a, 0, 0)       I4_1md(#109)         -       
    89    12.6174      420.87          T1u         GM4-  Y     .    (a, a, a)       (0, a, 0)       Cc(#9)               -       
    90    12.6174      420.87          T1u         GM4-  Y     .    (0, a, a)       (0, 0, a)       Cc(#9)               -       
    91    12.7708      425.99          T2g         GM5+  .     Y    (a, 0, 0)       (a, 0, 0)       P-1(#2)              -       
    92    12.7708      425.99          T2g         GM5+  .     Y    (a, a, a)       (0, a, 0)       P-1(#2)              -       
    93    12.7708      425.99          T2g         GM5+  .     Y    (0, a, -a)      (0, 0, a)       Imma(#74)            -       
    94    13.2593      442.28          A2u         GM2-  .     .    (a)             (a)             F-43m(#216)          -       
    95    13.4654      449.16          A1g         GM1+  .     Y    (a)             (a)             Fd-3m(#227)          -       


# Verbose output for GM

-------------------------------
  Irreducible representations
-------------------------------
q-point: [0. 0. 0.]
Point group: m-3m

Original rotation matrices:

     1         2         3         4         5         6    
 --------  --------  --------  --------  --------  -------- 
  1  0  0   1  1  1   0  1  0   0  0 -1  -1 -1 -1   0 -1  0 
  0  1  0   0  0 -1   1  0  0   1  1  1   0  0  1  -1  0  0 
  0  0  1  -1  0  0  -1 -1 -1   0 -1  0   0  1  0   0  0 -1 

     7         8         9        10        11        12    
 --------  --------  --------  --------  --------  -------- 
  0  0  1  -1  0  0   0  0  1  -1  0  0  -1 -1 -1   0 -1  0 
 -1 -1 -1   0 -1  0   1  0  0   1  1  1   0  1  0   0  0 -1 
  1  0  0   1  1  1   0  1  0   0  0 -1   1  0  0   1  1  1 

    13        14        15        16        17        18    
 --------  --------  --------  --------  --------  -------- 
  0  1  0   0  0 -1   1  0  0   1  1  1   0  1  0   0  0 -1 
 -1 -1 -1   0 -1  0   0  0  1  -1  0  0   0  0  1  -1  0  0 
  0  0  1  -1  0  0  -1 -1 -1   0 -1  0   1  0  0   1  1  1 

    19        20        21        22        23        24    
 --------  --------  --------  --------  --------  -------- 
  1  0  0   1  1  1   0  0  1  -1  0  0  -1 -1 -1   0 -1  0 
 -1 -1 -1   0 -1  0   0  1  0   0  0 -1   1  0  0   1  1  1 
  0  1  0   0  0 -1  -1 -1 -1   0 -1  0   0  0  1  -1  0  0 

    25        26        27        28        29        30    
 --------  --------  --------  --------  --------  -------- 
 -1  0  0  -1 -1 -1   0 -1  0   0  0  1   1  1  1   0  1  0 
  0 -1  0   0  0  1  -1  0  0  -1 -1 -1   0  0 -1   1  0  0 
  0  0 -1   1  0  0   1  1  1   0  1  0   0 -1  0   0  0  1 

    31        32        33        34        35        36    
 --------  --------  --------  --------  --------  -------- 
  0  0 -1   1  0  0   0  0 -1   1  0  0   1  1  1   0  1  0 
  1  1  1   0  1  0  -1  0  0  -1 -1 -1   0 -1  0   0  0  1 
 -1  0  0  -1 -1 -1   0 -1  0   0  0  1  -1  0  0  -1 -1 -1 

    37        38        39        40        41        42    
 --------  --------  --------  --------  --------  -------- 
  0 -1  0   0  0  1  -1  0  0  -1 -1 -1   0 -1  0   0  0  1 
  1  1  1   0  1  0   0  0 -1   1  0  0   0  0 -1   1  0  0 
  0  0 -1   1  0  0   1  1  1   0  1  0  -1  0  0  -1 -1 -1 

    43        44        45        46        47        48    
 --------  --------  --------  --------  --------  -------- 
 -1  0  0  -1 -1 -1   0  0 -1   1  0  0   1  1  1   0  1  0 
  1  1  1   0  1  0   0 -1  0   0  0  1  -1  0  0  -1 -1 -1 
  0 -1  0   0  0  1   1  1  1   0  1  0   0  0 -1   1  0  0 

Transformation matrix:

 0.000  0.500  0.500
 0.500  0.000  0.500
 0.500  0.500  0.000

Rotation matrices after transformation matrix:

     E        C4       C4^2       C4       C4^2       C2    
 --------  --------  --------  --------  --------  -------- 
  1  0  0   0 -1  0  -1  0  0   0  1  0   1  0  0   0 -1  0 
  0  1  0   1  0  0   0 -1  0  -1  0  0   0 -1  0  -1  0  0 
  0  0  1   0  0  1   0  0  1   0  0  1   0  0 -1   0  0 -1 

   C4^2       C2        C3        C2        C3        C4    
 --------  --------  --------  --------  --------  -------- 
 -1  0  0   0  1  0   0  0  1   0  0  1   0  0  1   0  0  1 
  0  1  0   1  0  0   1  0  0   0 -1  0  -1  0  0   0  1  0 
  0  0 -1   0  0 -1   0  1  0   1  0  0   0 -1  0  -1  0  0 

    C3        C2        C3        C4        C3        C4    
 --------  --------  --------  --------  --------  -------- 
  0  0 -1   0  0 -1   0  0 -1   0  0 -1   0  1  0   1  0  0 
  1  0  0   0 -1  0  -1  0  0   0  1  0   0  0  1   0  0  1 
  0 -1  0  -1  0  0   0  1  0   1  0  0   1  0  0   0 -1  0 

    C3        C2        C3        C2        C3        C4    
 --------  --------  --------  --------  --------  -------- 
  0 -1  0  -1  0  0   0 -1  0  -1  0  0   0  1  0   1  0  0 
  0  0  1   0  0  1   0  0 -1   0  0 -1   0  0 -1   0  0 -1 
 -1  0  0   0  1  0   1  0  0   0 -1  0  -1  0  0   0  1  0 

     i        S4        sgh       S4        sgh       sgd   
 --------  --------  --------  --------  --------  -------- 
 -1  0  0   0  1  0   1  0  0   0 -1  0  -1  0  0   0  1  0 
  0 -1  0  -1  0  0   0  1  0   1  0  0   0  1  0   1  0  0 
  0  0 -1   0  0 -1   0  0 -1   0  0 -1   0  0  1   0  0  1 

    sgh       sgd       S6        sgd       S6        S4    
 --------  --------  --------  --------  --------  -------- 
  1  0  0   0 -1  0   0  0 -1   0  0 -1   0  0 -1   0  0 -1 
  0 -1  0  -1  0  0  -1  0  0   0  1  0   1  0  0   0 -1  0 
  0  0  1   0  0  1   0 -1  0  -1  0  0   0  1  0   1  0  0 

    S6        sgd       S6        S4        S6        S4    
 --------  --------  --------  --------  --------  -------- 
  0  0  1   0  0  1   0  0  1   0  0  1   0 -1  0  -1  0  0 
 -1  0  0   0  1  0   1  0  0   0 -1  0   0  0 -1   0  0 -1 
  0  1  0   1  0  0   0 -1  0  -1  0  0  -1  0  0   0  1  0 

    S6        sgd       S6        sgd       S6        S4    
 --------  --------  --------  --------  --------  -------- 
  0  1  0   1  0  0   0  1  0   1  0  0   0 -1  0  -1  0  0 
  0  0 -1   0  0 -1   0  0  1   0  0  1   0  0  1   0  0  1 
  1  0  0   0 -1  0  -1  0  0   0  1  0   1  0  0   0 -1  0 

Character table:

  1 (  -0.911): T2u
    ( 3,   0.0) ( 1, 180.0) ( 1, 180.0) ( 1, 180.0) ( 1, 180.0) ( 1,   0.0) 
    ( 1, 180.0) ( 1,   0.0) ( 0,   0.0) ( 1,   0.0) ( 0,   0.0) ( 1, 180.0) 
    ( 0,   0.0) ( 1,   0.0) ( 0,   0.0) ( 1, 180.0) ( 0,   0.0) ( 1, 180.0) 
    ( 0,   0.0) ( 1,   0.0) ( 0,   0.0) ( 1,   0.0) ( 0,   0.0) ( 1, 180.0) 
    ( 3, 180.0) ( 1,   0.0) ( 1,   0.0) ( 1,   0.0) ( 1,   0.0) ( 1, 180.0) 
    ( 1,   0.0) ( 1, 180.0) ( 0,   0.0) ( 1, 180.0) ( 0,   0.0) ( 1,   0.0) 
    ( 0,   0.0) ( 1, 180.0) ( 0,   0.0) ( 1,   0.0) ( 0,   0.0) ( 1,   0.0) 
    ( 0,   0.0) ( 1, 180.0) ( 0,   0.0) ( 1, 180.0) ( 0,   0.0) ( 1,   0.0) 

  4 (  -0.000): T1u
    ( 3,   0.0) ( 1,   0.0) ( 1, 180.0) ( 1,   0.0) ( 1, 180.0) ( 1, 180.0) 
    ( 1, 180.0) ( 1, 180.0) ( 0,   0.0) ( 1, 180.0) ( 0,   0.0) ( 1,   0.0) 
    ( 0,   0.0) ( 1, 180.0) ( 0,   0.0) ( 1,   0.0) ( 0,   0.0) ( 1,   0.0) 
    ( 0,   0.0) ( 1, 180.0) ( 0,   0.0) ( 1, 180.0) ( 0,   0.0) ( 1,   0.0) 
    ( 3, 180.0) ( 1, 180.0) ( 1,   0.0) ( 1, 180.0) ( 1,   0.0) ( 1,   0.0) 
    ( 1,   0.0) ( 1,   0.0) ( 0,   0.0) ( 1,   0.0) ( 0,   0.0) ( 1, 180.0) 
    ( 0,   0.0) ( 1,   0.0) ( 0,   0.0) ( 1, 180.0) ( 0,   0.0) ( 1, 180.0) 
    ( 0,   0.0) ( 1,   0.0) ( 0,   0.0) ( 1,   0.0) ( 0,   0.0) ( 1, 180.0) 

  7 (   1.056): Eu
    ( 2,   0.0) ( 0,   0.0) ( 2,   0.0) ( 0,   0.0) ( 2,   0.0) ( 0,   0.0) 
    ( 2,   0.0) ( 0,   0.0) ( 1, 180.0) ( 0,   0.0) ( 1, 180.0) ( 0,   0.0) 
    ( 1, 180.0) ( 0,   0.0) ( 1, 180.0) ( 0,   0.0) ( 1, 180.0) ( 0,   0.0) 
    ( 1, 180.0) ( 0,   0.0) ( 1, 180.0) ( 0,   0.0) ( 1, 180.0) ( 0,   0.0) 
    ( 2, 180.0) ( 0,   0.0) ( 2, 180.0) ( 0,   0.0) ( 2, 180.0) ( 0,   0.0) 
    ( 2, 180.0) ( 0,   0.0) ( 1,   0.0) ( 0,   0.0) ( 1,   0.0) ( 0,   0.0) 
    ( 1,   0.0) ( 0,   0.0) ( 1,   0.0) ( 0,   0.0) ( 1,   0.0) ( 0,   0.0) 
    ( 1,   0.0) ( 0,   0.0) ( 1,   0.0) ( 0,   0.0) ( 1,   0.0) ( 0,   0.0) 

  9 (   1.478): T2g
    ( 3,   0.0) ( 1, 180.0) ( 1, 180.0) ( 1, 180.0) ( 1, 180.0) ( 1,   0.0) 
    ( 1, 180.0) ( 1,   0.0) ( 0,   0.0) ( 1,   0.0) ( 0,   0.0) ( 1, 180.0) 
    ( 0,   0.0) ( 1,   0.0) ( 0,   0.0) ( 1, 180.0) ( 0,   0.0) ( 1, 180.0) 
    ( 0,   0.0) ( 1,   0.0) ( 0,   0.0) ( 1,   0.0) ( 0,   0.0) ( 1, 180.0) 
    ( 3,   0.0) ( 1, 180.0) ( 1, 180.0) ( 1, 180.0) ( 1, 180.0) ( 1,   0.0) 
    ( 1, 180.0) ( 1,   0.0) ( 0,   0.0) ( 1,   0.0) ( 0,   0.0) ( 1, 180.0) 
    ( 0,   0.0) ( 1,   0.0) ( 0,   0.0) ( 1, 180.0) ( 0,   0.0) ( 1, 180.0) 
    ( 0,   0.0) ( 1,   0.0) ( 0,   0.0) ( 1,   0.0) ( 0,   0.0) ( 1, 180.0) 

 12 (   1.565): T1u
    ( 3,   0.0) ( 1,   0.0) ( 1, 180.0) ( 1,   0.0) ( 1, 180.0) ( 1, 180.0) 
    ( 1, 180.0) ( 1, 180.0) ( 0,   0.0) ( 1, 180.0) ( 0,   0.0) ( 1,   0.0) 
    ( 0,   0.0) ( 1, 180.0) ( 0,   0.0) ( 1,   0.0) ( 0,   0.0) ( 1,   0.0) 
    ( 0,   0.0) ( 1, 180.0) ( 0,   0.0) ( 1, 180.0) ( 0,   0.0) ( 1,   0.0) 
    ( 3, 180.0) ( 1, 180.0) ( 1,   0.0) ( 1, 180.0) ( 1,   0.0) ( 1,   0.0) 
    ( 1,   0.0) ( 1,   0.0) ( 0,   0.0) ( 1,   0.0) ( 0,   0.0) ( 1, 180.0) 
    ( 0,   0.0) ( 1,   0.0) ( 0,   0.0) ( 1, 180.0) ( 0,   0.0) ( 1, 180.0) 
    ( 0,   0.0) ( 1,   0.0) ( 0,   0.0) ( 1,   0.0) ( 0,   0.0) ( 1, 180.0) 

 15 (   1.619): T1g
    ( 3,   0.0) ( 1,   0.0) ( 1, 180.0) ( 1,   0.0) ( 1, 180.0) ( 1, 180.0) 
    ( 1, 180.0) ( 1, 180.0) ( 0,   0.0) ( 1, 180.0) ( 0,   0.0) ( 1,   0.0) 
    ( 0,   0.0) ( 1, 180.0) ( 0,   0.0) ( 1,   0.0) ( 0,   0.0) ( 1,   0.0) 
    ( 0,   0.0) ( 1, 180.0) ( 0,   0.0) ( 1, 180.0) ( 0,   0.0) ( 1,   0.0) 
    ( 3,   0.0) ( 1,   0.0) ( 1, 180.0) ( 1,   0.0) ( 1, 180.0) ( 1, 180.0) 
    ( 1, 180.0) ( 1, 180.0) ( 0,   0.0) ( 1, 180.0) ( 0,   0.0) ( 1,   0.0) 
    ( 0,   0.0) ( 1, 180.0) ( 0,   0.0) ( 1,   0.0) ( 0,   0.0) ( 1,   0.0) 
    ( 0,   0.0) ( 1, 180.0) ( 0,   0.0) ( 1, 180.0) ( 0,   0.0) ( 1,   0.0) 

 18 (   1.948): T2u
    ( 3,   0.0) ( 1, 180.0) ( 1, 180.0) ( 1, 180.0) ( 1, 180.0) ( 1,   0.0) 
    ( 1, 180.0) ( 1,   0.0) ( 0,   0.0) ( 1,   0.0) ( 0,   0.0) ( 1, 180.0) 
    ( 0,   0.0) ( 1,   0.0) ( 0,   0.0) ( 1, 180.0) ( 0,   0.0) ( 1, 180.0) 
    ( 0,   0.0) ( 1,   0.0) ( 0,   0.0) ( 1,   0.0) ( 0,   0.0) ( 1, 180.0) 
    ( 3, 180.0) ( 1,   0.0) ( 1,   0.0) ( 1,   0.0) ( 1,   0.0) ( 1, 180.0) 
    ( 1,   0.0) ( 1, 180.0) ( 0,   0.0) ( 1, 180.0) ( 0,   0.0) ( 1,   0.0) 
    ( 0,   0.0) ( 1, 180.0) ( 0,   0.0) ( 1,   0.0) ( 0,   0.0) ( 1,   0.0) 
    ( 0,   0.0) ( 1, 180.0) ( 0,   0.0) ( 1, 180.0) ( 0,   0.0) ( 1,   0.0) 

 21 (   2.015): T1u
    ( 3,   0.0) ( 1,   0.0) ( 1, 180.0) ( 1,   0.0) ( 1, 180.0) ( 1, 180.0) 
    ( 1, 180.0) ( 1, 180.0) ( 0,   0.0) ( 1, 180.0) ( 0,   0.0) ( 1,   0.0) 
    ( 0,   0.0) ( 1, 180.0) ( 0,   0.0) ( 1,   0.0) ( 0,   0.0) ( 1,   0.0) 
    ( 0,   0.0) ( 1, 180.0) ( 0,   0.0) ( 1, 180.0) ( 0,   0.0) ( 1,   0.0) 
    ( 3, 180.0) ( 1, 180.0) ( 1,   0.0) ( 1, 180.0) ( 1,   0.0) ( 1,   0.0) 
    ( 1,   0.0) ( 1,   0.0) ( 0,   0.0) ( 1,   0.0) ( 0,   0.0) ( 1, 180.0) 
    ( 0,   0.0) ( 1,   0.0) ( 0,   0.0) ( 1, 180.0) ( 0,   0.0) ( 1, 180.0) 
    ( 0,   0.0) ( 1,   0.0) ( 0,   0.0) ( 1,   0.0) ( 0,   0.0) ( 1, 180.0) 

 24 (   2.617): T1g
    ( 3,   0.0) ( 1,   0.0) ( 1, 180.0) ( 1,   0.0) ( 1, 180.0) ( 1, 180.0) 
    ( 1, 180.0) ( 1, 180.0) ( 0,   0.0) ( 1, 180.0) ( 0,   0.0) ( 1,   0.0) 
    ( 0,   0.0) ( 1, 180.0) ( 0,   0.0) ( 1,   0.0) ( 0,   0.0) ( 1,   0.0) 
    ( 0,   0.0) ( 1, 180.0) ( 0,   0.0) ( 1, 180.0) ( 0,   0.0) ( 1,   0.0) 
    ( 3,   0.0) ( 1,   0.0) ( 1, 180.0) ( 1,   0.0) ( 1, 180.0) ( 1, 180.0) 
    ( 1, 180.0) ( 1, 180.0) ( 0,   0.0) ( 1, 180.0) ( 0,   0.0) ( 1,   0.0) 
    ( 0,   0.0) ( 1, 180.0) ( 0,   0.0) ( 1,   0.0) ( 0,   0.0) ( 1,   0.0) 
    ( 0,   0.0) ( 1, 180.0) ( 0,   0.0) ( 1, 180.0) ( 0,   0.0) ( 1,   0.0) 

 27 (   2.885): T2u
    ( 3,   0.0) ( 1, 180.0) ( 1, 180.0) ( 1, 180.0) ( 1, 180.0) ( 1,   0.0) 
    ( 1, 180.0) ( 1,   0.0) ( 0,   0.0) ( 1,   0.0) ( 0,   0.0) ( 1, 180.0) 
    ( 0,   0.0) ( 1,   0.0) ( 0,   0.0) ( 1, 180.0) ( 0,   0.0) ( 1, 180.0) 
    ( 0,   0.0) ( 1,   0.0) ( 0,   0.0) ( 1,   0.0) ( 0,   0.0) ( 1, 180.0) 
    ( 3, 180.0) ( 1,   0.0) ( 1,   0.0) ( 1,   0.0) ( 1,   0.0) ( 1, 180.0) 
    ( 1,   0.0) ( 1, 180.0) ( 0,   0.0) ( 1, 180.0) ( 0,   0.0) ( 1,   0.0) 
    ( 0,   0.0) ( 1, 180.0) ( 0,   0.0) ( 1,   0.0) ( 0,   0.0) ( 1,   0.0) 
    ( 0,   0.0) ( 1, 180.0) ( 0,   0.0) ( 1, 180.0) ( 0,   0.0) ( 1,   0.0) 

 30 (   3.020): Eg
    ( 2,   0.0) ( 0,   0.0) ( 2,   0.0) ( 0,   0.0) ( 2,   0.0) ( 0,   0.0) 
    ( 2,   0.0) ( 0,   0.0) ( 1, 180.0) ( 0,   0.0) ( 1, 180.0) ( 0,   0.0) 
    ( 1, 180.0) ( 0,   0.0) ( 1, 180.0) ( 0,   0.0) ( 1, 180.0) ( 0,   0.0) 
    ( 1, 180.0) ( 0,   0.0) ( 1, 180.0) ( 0,   0.0) ( 1, 180.0) ( 0,   0.0) 
    ( 2,   0.0) ( 0,   0.0) ( 2,   0.0) ( 0,   0.0) ( 2,   0.0) ( 0,   0.0) 
    ( 2,   0.0) ( 0,   0.0) ( 1, 180.0) ( 0,   0.0) ( 1, 180.0) ( 0,   0.0) 
    ( 1, 180.0) ( 0,   0.0) ( 1, 180.0) ( 0,   0.0) ( 1, 180.0) ( 0,   0.0) 
    ( 1, 180.0) ( 0,   0.0) ( 1, 180.0) ( 0,   0.0) ( 1, 180.0) ( 0,   0.0) 

 32 (   3.037): Eu
    ( 2,   0.0) ( 0,   0.0) ( 2,   0.0) ( 0,   0.0) ( 2,   0.0) ( 0,   0.0) 
    ( 2,   0.0) ( 0,   0.0) ( 1, 180.0) ( 0,   0.0) ( 1, 180.0) ( 0,   0.0) 
    ( 1, 180.0) ( 0,   0.0) ( 1, 180.0) ( 0,   0.0) ( 1, 180.0) ( 0,   0.0) 
    ( 1, 180.0) ( 0,   0.0) ( 1, 180.0) ( 0,   0.0) ( 1, 180.0) ( 0,   0.0) 
    ( 2, 180.0) ( 0,   0.0) ( 2, 180.0) ( 0,   0.0) ( 2, 180.0) ( 0,   0.0) 
    ( 2, 180.0) ( 0,   0.0) ( 1,   0.0) ( 0,   0.0) ( 1,   0.0) ( 0,   0.0) 
    ( 1,   0.0) ( 0,   0.0) ( 1,   0.0) ( 0,   0.0) ( 1,   0.0) ( 0,   0.0) 
    ( 1,   0.0) ( 0,   0.0) ( 1,   0.0) ( 0,   0.0) ( 1,   0.0) ( 0,   0.0) 

 34 (   3.068): A2u
    ( 1,   0.0) ( 1, 180.0) ( 1,   0.0) ( 1, 180.0) ( 1,   0.0) ( 1, 180.0) 
    ( 1,   0.0) ( 1, 180.0) ( 1,   0.0) ( 1, 180.0) ( 1,   0.0) ( 1, 180.0) 
    ( 1,   0.0) ( 1, 180.0) ( 1,   0.0) ( 1, 180.0) ( 1,   0.0) ( 1, 180.0) 
    ( 1,   0.0) ( 1, 180.0) ( 1,   0.0) ( 1, 180.0) ( 1,   0.0) ( 1, 180.0) 
    ( 1, 180.0) ( 1,   0.0) ( 1, 180.0) ( 1,   0.0) ( 1, 180.0) ( 1,   0.0) 
    ( 1, 180.0) ( 1,   0.0) ( 1, 180.0) ( 1,   0.0) ( 1, 180.0) ( 1,   0.0) 
    ( 1, 180.0) ( 1,   0.0) ( 1, 180.0) ( 1,   0.0) ( 1, 180.0) ( 1,   0.0) 
    ( 1, 180.0) ( 1,   0.0) ( 1, 180.0) ( 1,   0.0) ( 1, 180.0) ( 1,   0.0) 

 35 (   3.935): T2g
    ( 3,   0.0) ( 1, 180.0) ( 1, 180.0) ( 1, 180.0) ( 1, 180.0) ( 1,   0.0) 
    ( 1, 180.0) ( 1,   0.0) ( 0,   0.0) ( 1,   0.0) ( 0,   0.0) ( 1, 180.0) 
    ( 0,   0.0) ( 1,   0.0) ( 0,   0.0) ( 1, 180.0) ( 0,   0.0) ( 1, 180.0) 
    ( 0,   0.0) ( 1,   0.0) ( 0,   0.0) ( 1,   0.0) ( 0,   0.0) ( 1, 180.0) 
    ( 3,   0.0) ( 1, 180.0) ( 1, 180.0) ( 1, 180.0) ( 1, 180.0) ( 1,   0.0) 
    ( 1, 180.0) ( 1,   0.0) ( 0,   0.0) ( 1,   0.0) ( 0,   0.0) ( 1, 180.0) 
    ( 0,   0.0) ( 1,   0.0) ( 0,   0.0) ( 1, 180.0) ( 0,   0.0) ( 1, 180.0) 
    ( 0,   0.0) ( 1,   0.0) ( 0,   0.0) ( 1,   0.0) ( 0,   0.0) ( 1, 180.0) 

 38 (   3.955): T1u
    ( 3,   0.0) ( 1,   0.0) ( 1, 180.0) ( 1,   0.0) ( 1, 180.0) ( 1, 180.0) 
    ( 1, 180.0) ( 1, 180.0) ( 0,   0.0) ( 1, 180.0) ( 0,   0.0) ( 1,   0.0) 
    ( 0,   0.0) ( 1, 180.0) ( 0,   0.0) ( 1,   0.0) ( 0,   0.0) ( 1,   0.0) 
    ( 0,   0.0) ( 1, 180.0) ( 0,   0.0) ( 1, 180.0) ( 0,   0.0) ( 1,   0.0) 
    ( 3, 180.0) ( 1, 180.0) ( 1,   0.0) ( 1, 180.0) ( 1,   0.0) ( 1,   0.0) 
    ( 1,   0.0) ( 1,   0.0) ( 0,   0.0) ( 1,   0.0) ( 0,   0.0) ( 1, 180.0) 
    ( 0,   0.0) ( 1,   0.0) ( 0,   0.0) ( 1, 180.0) ( 0,   0.0) ( 1, 180.0) 
    ( 0,   0.0) ( 1,   0.0) ( 0,   0.0) ( 1,   0.0) ( 0,   0.0) ( 1, 180.0) 

 41 (   4.662): T2u
    ( 3,   0.0) ( 1, 180.0) ( 1, 180.0) ( 1, 180.0) ( 1, 180.0) ( 1,   0.0) 
    ( 1, 180.0) ( 1,   0.0) ( 0,   0.0) ( 1,   0.0) ( 0,   0.0) ( 1, 180.0) 
    ( 0,   0.0) ( 1,   0.0) ( 0,   0.0) ( 1, 180.0) ( 0,   0.0) ( 1, 180.0) 
    ( 0,   0.0) ( 1,   0.0) ( 0,   0.0) ( 1,   0.0) ( 0,   0.0) ( 1, 180.0) 
    ( 3, 180.0) ( 1,   0.0) ( 1,   0.0) ( 1,   0.0) ( 1,   0.0) ( 1, 180.0) 
    ( 1,   0.0) ( 1, 180.0) ( 0,   0.0) ( 1, 180.0) ( 0,   0.0) ( 1,   0.0) 
    ( 0,   0.0) ( 1, 180.0) ( 0,   0.0) ( 1,   0.0) ( 0,   0.0) ( 1,   0.0) 
    ( 0,   0.0) ( 1, 180.0) ( 0,   0.0) ( 1, 180.0) ( 0,   0.0) ( 1,   0.0) 

 44 (   4.856): T1g
    ( 3,   0.0) ( 1,   0.0) ( 1, 180.0) ( 1,   0.0) ( 1, 180.0) ( 1, 180.0) 
    ( 1, 180.0) ( 1, 180.0) ( 0,   0.0) ( 1, 180.0) ( 0,   0.0) ( 1,   0.0) 
    ( 0,   0.0) ( 1, 180.0) ( 0,   0.0) ( 1,   0.0) ( 0,   0.0) ( 1,   0.0) 
    ( 0,   0.0) ( 1, 180.0) ( 0,   0.0) ( 1, 180.0) ( 0,   0.0) ( 1,   0.0) 
    ( 3,   0.0) ( 1,   0.0) ( 1, 180.0) ( 1,   0.0) ( 1, 180.0) ( 1, 180.0) 
    ( 1, 180.0) ( 1, 180.0) ( 0,   0.0) ( 1, 180.0) ( 0,   0.0) ( 1,   0.0) 
    ( 0,   0.0) ( 1, 180.0) ( 0,   0.0) ( 1,   0.0) ( 0,   0.0) ( 1,   0.0) 
    ( 0,   0.0) ( 1, 180.0) ( 0,   0.0) ( 1, 180.0) ( 0,   0.0) ( 1,   0.0) 

 47 (   4.894): Eu
    ( 2,   0.0) ( 0,   0.0) ( 2,   0.0) ( 0,   0.0) ( 2,   0.0) ( 0,   0.0) 
    ( 2,   0.0) ( 0,   0.0) ( 1, 180.0) ( 0,   0.0) ( 1, 180.0) ( 0,   0.0) 
    ( 1, 180.0) ( 0,   0.0) ( 1, 180.0) ( 0,   0.0) ( 1, 180.0) ( 0,   0.0) 
    ( 1, 180.0) ( 0,   0.0) ( 1, 180.0) ( 0,   0.0) ( 1, 180.0) ( 0,   0.0) 
    ( 2, 180.0) ( 0,   0.0) ( 2, 180.0) ( 0,   0.0) ( 2, 180.0) ( 0,   0.0) 
    ( 2, 180.0) ( 0,   0.0) ( 1,   0.0) ( 0,   0.0) ( 1,   0.0) ( 0,   0.0) 
    ( 1,   0.0) ( 0,   0.0) ( 1,   0.0) ( 0,   0.0) ( 1,   0.0) ( 0,   0.0) 
    ( 1,   0.0) ( 0,   0.0) ( 1,   0.0) ( 0,   0.0) ( 1,   0.0) ( 0,   0.0) 

 49 (   5.003): T1u
    ( 3,   0.0) ( 1,   0.0) ( 1, 180.0) ( 1,   0.0) ( 1, 180.0) ( 1, 180.0) 
    ( 1, 180.0) ( 1, 180.0) ( 0,   0.0) ( 1, 180.0) ( 0,   0.0) ( 1,   0.0) 
    ( 0,   0.0) ( 1, 180.0) ( 0,   0.0) ( 1,   0.0) ( 0,   0.0) ( 1,   0.0) 
    ( 0,   0.0) ( 1, 180.0) ( 0,   0.0) ( 1, 180.0) ( 0,   0.0) ( 1,   0.0) 
    ( 3, 180.0) ( 1, 180.0) ( 1,   0.0) ( 1, 180.0) ( 1,   0.0) ( 1,   0.0) 
    ( 1,   0.0) ( 1,   0.0) ( 0,   0.0) ( 1,   0.0) ( 0,   0.0) ( 1, 180.0) 
    ( 0,   0.0) ( 1,   0.0) ( 0,   0.0) ( 1, 180.0) ( 0,   0.0) ( 1, 180.0) 
    ( 0,   0.0) ( 1,   0.0) ( 0,   0.0) ( 1,   0.0) ( 0,   0.0) ( 1, 180.0) 

 52 (   5.144): Eg
    ( 2,   0.0) ( 0,   0.0) ( 2,   0.0) ( 0,   0.0) ( 2,   0.0) ( 0,   0.0) 
    ( 2,   0.0) ( 0,   0.0) ( 1, 180.0) ( 0,   0.0) ( 1, 180.0) ( 0,   0.0) 
    ( 1, 180.0) ( 0,   0.0) ( 1, 180.0) ( 0,   0.0) ( 1, 180.0) ( 0,   0.0) 
    ( 1, 180.0) ( 0,   0.0) ( 1, 180.0) ( 0,   0.0) ( 1, 180.0) ( 0,   0.0) 
    ( 2,   0.0) ( 0,   0.0) ( 2,   0.0) ( 0,   0.0) ( 2,   0.0) ( 0,   0.0) 
    ( 2,   0.0) ( 0,   0.0) ( 1, 180.0) ( 0,   0.0) ( 1, 180.0) ( 0,   0.0) 
    ( 1, 180.0) ( 0,   0.0) ( 1, 180.0) ( 0,   0.0) ( 1, 180.0) ( 0,   0.0) 
    ( 1, 180.0) ( 0,   0.0) ( 1, 180.0) ( 0,   0.0) ( 1, 180.0) ( 0,   0.0) 

 54 (   5.182): T2g
    ( 3,   0.0) ( 1, 180.0) ( 1, 180.0) ( 1, 180.0) ( 1, 180.0) ( 1,   0.0) 
    ( 1, 180.0) ( 1,   0.0) ( 0,   0.0) ( 1,   0.0) ( 0,   0.0) ( 1, 180.0) 
    ( 0,   0.0) ( 1,   0.0) ( 0,   0.0) ( 1, 180.0) ( 0,   0.0) ( 1, 180.0) 
    ( 0,   0.0) ( 1,   0.0) ( 0,   0.0) ( 1,   0.0) ( 0,   0.0) ( 1, 180.0) 
    ( 3,   0.0) ( 1, 180.0) ( 1, 180.0) ( 1, 180.0) ( 1, 180.0) ( 1,   0.0) 
    ( 1, 180.0) ( 1,   0.0) ( 0,   0.0) ( 1,   0.0) ( 0,   0.0) ( 1, 180.0) 
    ( 0,   0.0) ( 1,   0.0) ( 0,   0.0) ( 1, 180.0) ( 0,   0.0) ( 1, 180.0) 
    ( 0,   0.0) ( 1,   0.0) ( 0,   0.0) ( 1,   0.0) ( 0,   0.0) ( 1, 180.0) 

 57 (   5.334): T1u
    ( 3,   0.0) ( 1,   0.0) ( 1, 180.0) ( 1,   0.0) ( 1, 180.0) ( 1, 180.0) 
    ( 1, 180.0) ( 1, 180.0) ( 0,   0.0) ( 1, 180.0) ( 0,   0.0) ( 1,   0.0) 
    ( 0,   0.0) ( 1, 180.0) ( 0,   0.0) ( 1,   0.0) ( 0,   0.0) ( 1,   0.0) 
    ( 0,   0.0) ( 1, 180.0) ( 0,   0.0) ( 1, 180.0) ( 0,   0.0) ( 1,   0.0) 
    ( 3, 180.0) ( 1, 180.0) ( 1,   0.0) ( 1, 180.0) ( 1,   0.0) ( 1,   0.0) 
    ( 1,   0.0) ( 1,   0.0) ( 0,   0.0) ( 1,   0.0) ( 0,   0.0) ( 1, 180.0) 
    ( 0,   0.0) ( 1,   0.0) ( 0,   0.0) ( 1, 180.0) ( 0,   0.0) ( 1, 180.0) 
    ( 0,   0.0) ( 1,   0.0) ( 0,   0.0) ( 1,   0.0) ( 0,   0.0) ( 1, 180.0) 

 60 (   5.516): T2g
    ( 3,   0.0) ( 1, 180.0) ( 1, 180.0) ( 1, 180.0) ( 1, 180.0) ( 1,   0.0) 
    ( 1, 180.0) ( 1,   0.0) ( 0,   0.0) ( 1,   0.0) ( 0,   0.0) ( 1, 180.0) 
    ( 0,   0.0) ( 1,   0.0) ( 0,   0.0) ( 1, 180.0) ( 0,   0.0) ( 1, 180.0) 
    ( 0,   0.0) ( 1,   0.0) ( 0,   0.0) ( 1,   0.0) ( 0,   0.0) ( 1, 180.0) 
    ( 3,   0.0) ( 1, 180.0) ( 1, 180.0) ( 1, 180.0) ( 1, 180.0) ( 1,   0.0) 
    ( 1, 180.0) ( 1,   0.0) ( 0,   0.0) ( 1,   0.0) ( 0,   0.0) ( 1, 180.0) 
    ( 0,   0.0) ( 1,   0.0) ( 0,   0.0) ( 1, 180.0) ( 0,   0.0) ( 1, 180.0) 
    ( 0,   0.0) ( 1,   0.0) ( 0,   0.0) ( 1,   0.0) ( 0,   0.0) ( 1, 180.0) 

 63 (   5.765): A1g
    ( 1,   0.0) ( 1,   0.0) ( 1,   0.0) ( 1,   0.0) ( 1,   0.0) ( 1,   0.0) 
    ( 1,   0.0) ( 1,   0.0) ( 1,   0.0) ( 1,   0.0) ( 1,   0.0) ( 1,   0.0) 
    ( 1,   0.0) ( 1,   0.0) ( 1,   0.0) ( 1,   0.0) ( 1,   0.0) ( 1,   0.0) 
    ( 1,   0.0) ( 1,   0.0) ( 1,   0.0) ( 1,   0.0) ( 1,   0.0) ( 1,   0.0) 
    ( 1,   0.0) ( 1,   0.0) ( 1,   0.0) ( 1,   0.0) ( 1,   0.0) ( 1,   0.0) 
    ( 1,   0.0) ( 1,   0.0) ( 1,   0.0) ( 1,   0.0) ( 1,   0.0) ( 1,   0.0) 
    ( 1,   0.0) ( 1,   0.0) ( 1,   0.0) ( 1,   0.0) ( 1,   0.0) ( 1,   0.0) 
    ( 1,   0.0) ( 1,   0.0) ( 1,   0.0) ( 1,   0.0) ( 1,   0.0) ( 1,   0.0) 

 64 (   6.139): A2u
    ( 1,   0.0) ( 1, 180.0) ( 1,   0.0) ( 1, 180.0) ( 1,   0.0) ( 1, 180.0) 
    ( 1,   0.0) ( 1, 180.0) ( 1,   0.0) ( 1, 180.0) ( 1,   0.0) ( 1, 180.0) 
    ( 1,   0.0) ( 1, 180.0) ( 1,   0.0) ( 1, 180.0) ( 1,   0.0) ( 1, 180.0) 
    ( 1,   0.0) ( 1, 180.0) ( 1,   0.0) ( 1, 180.0) ( 1,   0.0) ( 1, 180.0) 
    ( 1, 180.0) ( 1,   0.0) ( 1, 180.0) ( 1,   0.0) ( 1, 180.0) ( 1,   0.0) 
    ( 1, 180.0) ( 1,   0.0) ( 1, 180.0) ( 1,   0.0) ( 1, 180.0) ( 1,   0.0) 
    ( 1, 180.0) ( 1,   0.0) ( 1, 180.0) ( 1,   0.0) ( 1, 180.0) ( 1,   0.0) 
    ( 1, 180.0) ( 1,   0.0) ( 1, 180.0) ( 1,   0.0) ( 1, 180.0) ( 1,   0.0) 

 65 (  10.155): T1u
    ( 3,   0.0) ( 1,   0.0) ( 1, 180.0) ( 1,   0.0) ( 1, 180.0) ( 1, 180.0) 
    ( 1, 180.0) ( 1, 180.0) ( 0,   0.0) ( 1, 180.0) ( 0,   0.0) ( 1,   0.0) 
    ( 0,   0.0) ( 1, 180.0) ( 0,   0.0) ( 1,   0.0) ( 0,   0.0) ( 1,   0.0) 
    ( 0,   0.0) ( 1, 180.0) ( 0,   0.0) ( 1, 180.0) ( 0,   0.0) ( 1,   0.0) 
    ( 3, 180.0) ( 1, 180.0) ( 1,   0.0) ( 1, 180.0) ( 1,   0.0) ( 1,   0.0) 
    ( 1,   0.0) ( 1,   0.0) ( 0,   0.0) ( 1,   0.0) ( 0,   0.0) ( 1, 180.0) 
    ( 0,   0.0) ( 1,   0.0) ( 0,   0.0) ( 1, 180.0) ( 0,   0.0) ( 1, 180.0) 
    ( 0,   0.0) ( 1,   0.0) ( 0,   0.0) ( 1,   0.0) ( 0,   0.0) ( 1, 180.0) 

 68 (  10.158): A1g
    ( 1,   0.0) ( 1,   0.0) ( 1,   0.0) ( 1,   0.0) ( 1,   0.0) ( 1,   0.0) 
    ( 1,   0.0) ( 1,   0.0) ( 1,   0.0) ( 1,   0.0) ( 1,   0.0) ( 1,   0.0) 
    ( 1,   0.0) ( 1,   0.0) ( 1,   0.0) ( 1,   0.0) ( 1,   0.0) ( 1,   0.0) 
    ( 1,   0.0) ( 1,   0.0) ( 1,   0.0) ( 1,   0.0) ( 1,   0.0) ( 1,   0.0) 
    ( 1,   0.0) ( 1,   0.0) ( 1,   0.0) ( 1,   0.0) ( 1,   0.0) ( 1,   0.0) 
    ( 1,   0.0) ( 1,   0.0) ( 1,   0.0) ( 1,   0.0) ( 1,   0.0) ( 1,   0.0) 
    ( 1,   0.0) ( 1,   0.0) ( 1,   0.0) ( 1,   0.0) ( 1,   0.0) ( 1,   0.0) 
    ( 1,   0.0) ( 1,   0.0) ( 1,   0.0) ( 1,   0.0) ( 1,   0.0) ( 1,   0.0) 

 69 (  10.173): A2u
    ( 1,   0.0) ( 1, 180.0) ( 1,   0.0) ( 1, 180.0) ( 1,   0.0) ( 1, 180.0) 
    ( 1,   0.0) ( 1, 180.0) ( 1,   0.0) ( 1, 180.0) ( 1,   0.0) ( 1, 180.0) 
    ( 1,   0.0) ( 1, 180.0) ( 1,   0.0) ( 1, 180.0) ( 1,   0.0) ( 1, 180.0) 
    ( 1,   0.0) ( 1, 180.0) ( 1,   0.0) ( 1, 180.0) ( 1,   0.0) ( 1, 180.0) 
    ( 1, 180.0) ( 1,   0.0) ( 1, 180.0) ( 1,   0.0) ( 1, 180.0) ( 1,   0.0) 
    ( 1, 180.0) ( 1,   0.0) ( 1, 180.0) ( 1,   0.0) ( 1, 180.0) ( 1,   0.0) 
    ( 1, 180.0) ( 1,   0.0) ( 1, 180.0) ( 1,   0.0) ( 1, 180.0) ( 1,   0.0) 
    ( 1, 180.0) ( 1,   0.0) ( 1, 180.0) ( 1,   0.0) ( 1, 180.0) ( 1,   0.0) 

 70 (  10.305): T2g
    ( 3,   0.0) ( 1, 180.0) ( 1, 180.0) ( 1, 180.0) ( 1, 180.0) ( 1,   0.0) 
    ( 1, 180.0) ( 1,   0.0) ( 0,   0.0) ( 1,   0.0) ( 0,   0.0) ( 1, 180.0) 
    ( 0,   0.0) ( 1,   0.0) ( 0,   0.0) ( 1, 180.0) ( 0,   0.0) ( 1, 180.0) 
    ( 0,   0.0) ( 1,   0.0) ( 0,   0.0) ( 1,   0.0) ( 0,   0.0) ( 1, 180.0) 
    ( 3,   0.0) ( 1, 180.0) ( 1, 180.0) ( 1, 180.0) ( 1, 180.0) ( 1,   0.0) 
    ( 1, 180.0) ( 1,   0.0) ( 0,   0.0) ( 1,   0.0) ( 0,   0.0) ( 1, 180.0) 
    ( 0,   0.0) ( 1,   0.0) ( 0,   0.0) ( 1, 180.0) ( 0,   0.0) ( 1, 180.0) 
    ( 0,   0.0) ( 1,   0.0) ( 0,   0.0) ( 1,   0.0) ( 0,   0.0) ( 1, 180.0) 

 73 (  10.635): T1g
    ( 3,   0.0) ( 1,   0.0) ( 1, 180.0) ( 1,   0.0) ( 1, 180.0) ( 1, 180.0) 
    ( 1, 180.0) ( 1, 180.0) ( 0,   0.0) ( 1, 180.0) ( 0,   0.0) ( 1,   0.0) 
    ( 0,   0.0) ( 1, 180.0) ( 0,   0.0) ( 1,   0.0) ( 0,   0.0) ( 1,   0.0) 
    ( 0,   0.0) ( 1, 180.0) ( 0,   0.0) ( 1, 180.0) ( 0,   0.0) ( 1,   0.0) 
    ( 3,   0.0) ( 1,   0.0) ( 1, 180.0) ( 1,   0.0) ( 1, 180.0) ( 1, 180.0) 
    ( 1, 180.0) ( 1, 180.0) ( 0,   0.0) ( 1, 180.0) ( 0,   0.0) ( 1,   0.0) 
    ( 0,   0.0) ( 1, 180.0) ( 0,   0.0) ( 1,   0.0) ( 0,   0.0) ( 1,   0.0) 
    ( 0,   0.0) ( 1, 180.0) ( 0,   0.0) ( 1, 180.0) ( 0,   0.0) ( 1,   0.0) 

 76 (  10.697): T2u
    ( 3,   0.0) ( 1, 180.0) ( 1, 180.0) ( 1, 180.0) ( 1, 180.0) ( 1,   0.0) 
    ( 1, 180.0) ( 1,   0.0) ( 0,   0.0) ( 1,   0.0) ( 0,   0.0) ( 1, 180.0) 
    ( 0,   0.0) ( 1,   0.0) ( 0,   0.0) ( 1, 180.0) ( 0,   0.0) ( 1, 180.0) 
    ( 0,   0.0) ( 1,   0.0) ( 0,   0.0) ( 1,   0.0) ( 0,   0.0) ( 1, 180.0) 
    ( 3, 180.0) ( 1,   0.0) ( 1,   0.0) ( 1,   0.0) ( 1,   0.0) ( 1, 180.0) 
    ( 1,   0.0) ( 1, 180.0) ( 0,   0.0) ( 1, 180.0) ( 0,   0.0) ( 1,   0.0) 
    ( 0,   0.0) ( 1, 180.0) ( 0,   0.0) ( 1,   0.0) ( 0,   0.0) ( 1,   0.0) 
    ( 0,   0.0) ( 1, 180.0) ( 0,   0.0) ( 1, 180.0) ( 0,   0.0) ( 1,   0.0) 

 79 (  11.196): Eg
    ( 2,   0.0) ( 0,   0.0) ( 2,   0.0) ( 0,   0.0) ( 2,   0.0) ( 0,   0.0) 
    ( 2,   0.0) ( 0,   0.0) ( 1, 180.0) ( 0,   0.0) ( 1, 180.0) ( 0,   0.0) 
    ( 1, 180.0) ( 0,   0.0) ( 1, 180.0) ( 0,   0.0) ( 1, 180.0) ( 0,   0.0) 
    ( 1, 180.0) ( 0,   0.0) ( 1, 180.0) ( 0,   0.0) ( 1, 180.0) ( 0,   0.0) 
    ( 2,   0.0) ( 0,   0.0) ( 2,   0.0) ( 0,   0.0) ( 2,   0.0) ( 0,   0.0) 
    ( 2,   0.0) ( 0,   0.0) ( 1, 180.0) ( 0,   0.0) ( 1, 180.0) ( 0,   0.0) 
    ( 1, 180.0) ( 0,   0.0) ( 1, 180.0) ( 0,   0.0) ( 1, 180.0) ( 0,   0.0) 
    ( 1, 180.0) ( 0,   0.0) ( 1, 180.0) ( 0,   0.0) ( 1, 180.0) ( 0,   0.0) 

 81 (  11.455): T2g
    ( 3,   0.0) ( 1, 180.0) ( 1, 180.0) ( 1, 180.0) ( 1, 180.0) ( 1,   0.0) 
    ( 1, 180.0) ( 1,   0.0) ( 0,   0.0) ( 1,   0.0) ( 0,   0.0) ( 1, 180.0) 
    ( 0,   0.0) ( 1,   0.0) ( 0,   0.0) ( 1, 180.0) ( 0,   0.0) ( 1, 180.0) 
    ( 0,   0.0) ( 1,   0.0) ( 0,   0.0) ( 1,   0.0) ( 0,   0.0) ( 1, 180.0) 
    ( 3,   0.0) ( 1, 180.0) ( 1, 180.0) ( 1, 180.0) ( 1, 180.0) ( 1,   0.0) 
    ( 1, 180.0) ( 1,   0.0) ( 0,   0.0) ( 1,   0.0) ( 0,   0.0) ( 1, 180.0) 
    ( 0,   0.0) ( 1,   0.0) ( 0,   0.0) ( 1, 180.0) ( 0,   0.0) ( 1, 180.0) 
    ( 0,   0.0) ( 1,   0.0) ( 0,   0.0) ( 1,   0.0) ( 0,   0.0) ( 1, 180.0) 

 84 (  11.583): T1u
    ( 3,   0.0) ( 1,   0.0) ( 1, 180.0) ( 1,   0.0) ( 1, 180.0) ( 1, 180.0) 
    ( 1, 180.0) ( 1, 180.0) ( 0,   0.0) ( 1, 180.0) ( 0,   0.0) ( 1,   0.0) 
    ( 0,   0.0) ( 1, 180.0) ( 0,   0.0) ( 1,   0.0) ( 0,   0.0) ( 1,   0.0) 
    ( 0,   0.0) ( 1, 180.0) ( 0,   0.0) ( 1, 180.0) ( 0,   0.0) ( 1,   0.0) 
    ( 3, 180.0) ( 1, 180.0) ( 1,   0.0) ( 1, 180.0) ( 1,   0.0) ( 1,   0.0) 
    ( 1,   0.0) ( 1,   0.0) ( 0,   0.0) ( 1,   0.0) ( 0,   0.0) ( 1, 180.0) 
    ( 0,   0.0) ( 1,   0.0) ( 0,   0.0) ( 1, 180.0) ( 0,   0.0) ( 1, 180.0) 
    ( 0,   0.0) ( 1,   0.0) ( 0,   0.0) ( 1,   0.0) ( 0,   0.0) ( 1, 180.0) 

 87 (  11.598): Eu
    ( 2,   0.0) ( 0,   0.0) ( 2,   0.0) ( 0,   0.0) ( 2,   0.0) ( 0,   0.0) 
    ( 2,   0.0) ( 0,   0.0) ( 1, 180.0) ( 0,   0.0) ( 1, 180.0) ( 0,   0.0) 
    ( 1, 180.0) ( 0,   0.0) ( 1, 180.0) ( 0,   0.0) ( 1, 180.0) ( 0,   0.0) 
    ( 1, 180.0) ( 0,   0.0) ( 1, 180.0) ( 0,   0.0) ( 1, 180.0) ( 0,   0.0) 
    ( 2, 180.0) ( 0,   0.0) ( 2, 180.0) ( 0,   0.0) ( 2, 180.0) ( 0,   0.0) 
    ( 2, 180.0) ( 0,   0.0) ( 1,   0.0) ( 0,   0.0) ( 1,   0.0) ( 0,   0.0) 
    ( 1,   0.0) ( 0,   0.0) ( 1,   0.0) ( 0,   0.0) ( 1,   0.0) ( 0,   0.0) 
    ( 1,   0.0) ( 0,   0.0) ( 1,   0.0) ( 0,   0.0) ( 1,   0.0) ( 0,   0.0) 

 89 (  12.617): T1u
    ( 3,   0.0) ( 1,   0.0) ( 1, 180.0) ( 1,   0.0) ( 1, 180.0) ( 1, 180.0) 
    ( 1, 180.0) ( 1, 180.0) ( 0,   0.0) ( 1, 180.0) ( 0,   0.0) ( 1,   0.0) 
    ( 0,   0.0) ( 1, 180.0) ( 0,   0.0) ( 1,   0.0) ( 0,   0.0) ( 1,   0.0) 
    ( 0,   0.0) ( 1, 180.0) ( 0,   0.0) ( 1, 180.0) ( 0,   0.0) ( 1,   0.0) 
    ( 3, 180.0) ( 1, 180.0) ( 1,   0.0) ( 1, 180.0) ( 1,   0.0) ( 1,   0.0) 
    ( 1,   0.0) ( 1,   0.0) ( 0,   0.0) ( 1,   0.0) ( 0,   0.0) ( 1, 180.0) 
    ( 0,   0.0) ( 1,   0.0) ( 0,   0.0) ( 1, 180.0) ( 0,   0.0) ( 1, 180.0) 
    ( 0,   0.0) ( 1,   0.0) ( 0,   0.0) ( 1,   0.0) ( 0,   0.0) ( 1, 180.0) 

 92 (  12.771): T2g
    ( 3,   0.0) ( 1, 180.0) ( 1, 180.0) ( 1, 180.0) ( 1, 180.0) ( 1,   0.0) 
    ( 1, 180.0) ( 1,   0.0) ( 0,   0.0) ( 1,   0.0) ( 0,   0.0) ( 1, 180.0) 
    ( 0,   0.0) ( 1,   0.0) ( 0,   0.0) ( 1, 180.0) ( 0,   0.0) ( 1, 180.0) 
    ( 0,   0.0) ( 1,   0.0) ( 0,   0.0) ( 1,   0.0) ( 0,   0.0) ( 1, 180.0) 
    ( 3,   0.0) ( 1, 180.0) ( 1, 180.0) ( 1, 180.0) ( 1, 180.0) ( 1,   0.0) 
    ( 1, 180.0) ( 1,   0.0) ( 0,   0.0) ( 1,   0.0) ( 0,   0.0) ( 1, 180.0) 
    ( 0,   0.0) ( 1,   0.0) ( 0,   0.0) ( 1, 180.0) ( 0,   0.0) ( 1, 180.0) 
    ( 0,   0.0) ( 1,   0.0) ( 0,   0.0) ( 1,   0.0) ( 0,   0.0) ( 1, 180.0) 

 95 (  13.259): A2u
    ( 1,   0.0) ( 1, 180.0) ( 1,   0.0) ( 1, 180.0) ( 1,   0.0) ( 1, 180.0) 
    ( 1,   0.0) ( 1, 180.0) ( 1,   0.0) ( 1, 180.0) ( 1,   0.0) ( 1, 180.0) 
    ( 1,   0.0) ( 1, 180.0) ( 1,   0.0) ( 1, 180.0) ( 1,   0.0) ( 1, 180.0) 
    ( 1,   0.0) ( 1, 180.0) ( 1,   0.0) ( 1, 180.0) ( 1,   0.0) ( 1, 180.0) 
    ( 1, 180.0) ( 1,   0.0) ( 1, 180.0) ( 1,   0.0) ( 1, 180.0) ( 1,   0.0) 
    ( 1, 180.0) ( 1,   0.0) ( 1, 180.0) ( 1,   0.0) ( 1, 180.0) ( 1,   0.0) 
    ( 1, 180.0) ( 1,   0.0) ( 1, 180.0) ( 1,   0.0) ( 1, 180.0) ( 1,   0.0) 
    ( 1, 180.0) ( 1,   0.0) ( 1, 180.0) ( 1,   0.0) ( 1, 180.0) ( 1,   0.0) 

 96 (  13.465): A1g
    ( 1,   0.0) ( 1,   0.0) ( 1,   0.0) ( 1,   0.0) ( 1,   0.0) ( 1,   0.0) 
    ( 1,   0.0) ( 1,   0.0) ( 1,   0.0) ( 1,   0.0) ( 1,   0.0) ( 1,   0.0) 
    ( 1,   0.0) ( 1,   0.0) ( 1,   0.0) ( 1,   0.0) ( 1,   0.0) ( 1,   0.0) 
    ( 1,   0.0) ( 1,   0.0) ( 1,   0.0) ( 1,   0.0) ( 1,   0.0) ( 1,   0.0) 
    ( 1,   0.0) ( 1,   0.0) ( 1,   0.0) ( 1,   0.0) ( 1,   0.0) ( 1,   0.0) 
    ( 1,   0.0) ( 1,   0.0) ( 1,   0.0) ( 1,   0.0) ( 1,   0.0) ( 1,   0.0) 
    ( 1,   0.0) ( 1,   0.0) ( 1,   0.0) ( 1,   0.0) ( 1,   0.0) ( 1,   0.0) 
    ( 1,   0.0) ( 1,   0.0) ( 1,   0.0) ( 1,   0.0) ( 1,   0.0) ( 1,   0.0) 

IR representations:

  1 (  -0.911):

      1 ( 1.000 -0.000i)  ( 0.000 -0.000i)  (-0.000 -0.000i) 
        ( 0.000 -0.000i)  ( 1.000 -0.000i)  ( 0.000 -0.000i) 
        (-0.000 -0.000i)  ( 0.000 -0.000i)  ( 1.000 -0.000i) 

      2 (-0.000 -0.000i)  (-0.774 -0.000i)  ( 0.633 -0.000i) 
        ( 0.774 -0.000i)  (-0.401 -0.000i)  (-0.490 -0.000i) 
        (-0.633 -0.000i)  (-0.490 -0.000i)  (-0.599 -0.000i) 

      3 (-1.000 -0.000i)  (-0.000 -0.000i)  (-0.000 -0.000i) 
        (-0.000 -0.000i)  (-0.198 -0.000i)  ( 0.980 -0.000i) 
        (-0.000 -0.000i)  ( 0.980 -0.000i)  ( 0.198 -0.000i) 

      4 (-0.000 -0.000i)  ( 0.774 -0.000i)  (-0.633 -0.000i) 
        (-0.774 -0.000i)  (-0.401 -0.000i)  (-0.490 -0.000i) 
        ( 0.633 -0.000i)  (-0.490 -0.000i)  (-0.599 -0.000i) 

      5 (-1.000 -0.000i)  (-0.018 -0.000i)  ( 0.015 -0.000i) 
        (-0.018 -0.000i)  ( 0.198 -0.000i)  (-0.980 -0.000i) 
        ( 0.015 -0.000i)  (-0.980 -0.000i)  (-0.199 -0.000i) 

      6 (-0.023 -0.000i)  ( 0.774 -0.000i)  (-0.633 -0.000i) 
        ( 0.774 -0.000i)  ( 0.415 -0.000i)  ( 0.479 -0.000i) 
        (-0.633 -0.000i)  ( 0.479 -0.000i)  ( 0.608 -0.000i) 

      7 ( 1.000 -0.000i)  ( 0.018 -0.000i)  (-0.015 -0.000i) 
        ( 0.018 -0.000i)  (-1.000 -0.000i)  (-0.000 -0.000i) 
        (-0.015 -0.000i)  (-0.000 -0.000i)  (-1.000 -0.000i) 

      8 ( 0.023 -0.000i)  (-0.774 -0.000i)  ( 0.633 -0.000i) 
        (-0.774 -0.000i)  ( 0.387 -0.000i)  ( 0.501 -0.000i) 
        ( 0.633 -0.000i)  ( 0.501 -0.000i)  ( 0.590 -0.000i) 

      9 (-0.011 -0.000i)  ( 0.781 -0.000i)  (-0.624 -0.000i) 
        (-0.633 -0.000i)  (-0.489 -0.000i)  (-0.600 -0.000i) 
        (-0.774 -0.000i)  ( 0.388 -0.000i)  ( 0.500 -0.000i) 

     10 ( 1.000 -0.000i)  ( 0.002 -0.000i)  (-0.016 -0.000i) 
        ( 0.002 -0.000i)  ( 0.980 -0.000i)  ( 0.198 -0.000i) 
        (-0.016 -0.000i)  ( 0.198 -0.000i)  (-0.980 -0.000i) 

     11 ( 0.011 -0.000i)  (-0.767 -0.000i)  ( 0.642 -0.000i) 
        ( 0.633 -0.000i)  (-0.491 -0.000i)  (-0.598 -0.000i) 
        ( 0.774 -0.000i)  ( 0.413 -0.000i)  ( 0.480 -0.000i) 

     12 (-1.000 -0.000i)  (-0.016 -0.000i)  (-0.002 -0.000i) 
        (-0.002 -0.000i)  (-0.000 -0.000i)  ( 1.000 -0.000i) 
        ( 0.016 -0.000i)  (-1.000 -0.000i)  (-0.000 -0.000i) 

     13 (-0.012 -0.000i)  ( 0.767 -0.000i)  (-0.642 -0.000i) 
        ( 0.633 -0.000i)  ( 0.503 -0.000i)  ( 0.589 -0.000i) 
        ( 0.774 -0.000i)  (-0.399 -0.000i)  (-0.491 -0.000i) 

     14 ( 1.000 -0.000i)  ( 0.017 -0.000i)  ( 0.002 -0.000i) 
        ( 0.017 -0.000i)  (-0.980 -0.000i)  (-0.198 -0.000i) 
        ( 0.002 -0.000i)  (-0.198 -0.000i)  ( 0.980 -0.000i) 

     15 ( 0.012 -0.000i)  (-0.781 -0.000i)  ( 0.624 -0.000i) 
        (-0.633 -0.000i)  ( 0.477 -0.000i)  ( 0.610 -0.000i) 
        (-0.774 -0.000i)  (-0.402 -0.000i)  (-0.489 -0.000i) 

     16 (-1.000 -0.000i)  (-0.002 -0.000i)  ( 0.016 -0.000i) 
        (-0.016 -0.000i)  (-0.000 -0.000i)  (-1.000 -0.000i) 
        (-0.002 -0.000i)  ( 1.000 -0.000i)  (-0.000 -0.000i) 

     17 (-0.011 -0.000i)  (-0.633 -0.000i)  (-0.774 -0.000i) 
        ( 0.781 -0.000i)  (-0.489 -0.000i)  ( 0.388 -0.000i) 
        (-0.624 -0.000i)  (-0.600 -0.000i)  ( 0.500 -0.000i) 

     18 (-0.000 -0.000i)  ( 0.642 -0.000i)  ( 0.767 -0.000i) 
        (-0.624 -0.000i)  (-0.599 -0.000i)  ( 0.502 -0.000i) 
        (-0.781 -0.000i)  ( 0.478 -0.000i)  (-0.401 -0.000i) 

     19 ( 0.012 -0.000i)  (-0.633 -0.000i)  (-0.774 -0.000i) 
        (-0.781 -0.000i)  ( 0.477 -0.000i)  (-0.402 -0.000i) 
        ( 0.624 -0.000i)  ( 0.610 -0.000i)  (-0.489 -0.000i) 

     20 (-0.000 -0.000i)  ( 0.624 -0.000i)  ( 0.781 -0.000i) 
        ( 0.624 -0.000i)  ( 0.611 -0.000i)  (-0.487 -0.000i) 
        ( 0.781 -0.000i)  (-0.487 -0.000i)  ( 0.390 -0.000i) 

     21 ( 0.011 -0.000i)  ( 0.633 -0.000i)  ( 0.774 -0.000i) 
        (-0.767 -0.000i)  (-0.491 -0.000i)  ( 0.413 -0.000i) 
        ( 0.642 -0.000i)  (-0.598 -0.000i)  ( 0.480 -0.000i) 

     22 ( 0.001 -0.000i)  (-0.642 -0.000i)  (-0.767 -0.000i) 
        (-0.642 -0.000i)  ( 0.588 -0.000i)  (-0.493 -0.000i) 
        (-0.767 -0.000i)  (-0.493 -0.000i)  ( 0.412 -0.000i) 

     23 (-0.012 -0.000i)  ( 0.633 -0.000i)  ( 0.774 -0.000i) 
        ( 0.767 -0.000i)  ( 0.503 -0.000i)  (-0.399 -0.000i) 
        (-0.642 -0.000i)  ( 0.589 -0.000i)  (-0.491 -0.000i) 

     24 (-0.000 -0.000i)  (-0.624 -0.000i)  (-0.781 -0.000i) 
        ( 0.642 -0.000i)  (-0.599 -0.000i)  ( 0.478 -0.000i) 
        ( 0.767 -0.000i)  ( 0.502 -0.000i)  (-0.401 -0.000i) 

     25 (-1.000 -0.000i)  (-0.000 -0.000i)  ( 0.000 -0.000i) 
        (-0.000 -0.000i)  (-1.000 -0.000i)  (-0.000 -0.000i) 
        ( 0.000 -0.000i)  (-0.000 -0.000i)  (-1.000 -0.000i) 

     26 ( 0.000 -0.000i)  ( 0.774 -0.000i)  (-0.633 -0.000i) 
        (-0.774 -0.000i)  ( 0.401 -0.000i)  ( 0.490 -0.000i) 
        ( 0.633 -0.000i)  ( 0.490 -0.000i)  ( 0.599 -0.000i) 

     27 ( 1.000 -0.000i)  ( 0.000 -0.000i)  ( 0.000 -0.000i) 
        ( 0.000 -0.000i)  ( 0.198 -0.000i)  (-0.980 -0.000i) 
        ( 0.000 -0.000i)  (-0.980 -0.000i)  (-0.198 -0.000i) 

     28 ( 0.000 -0.000i)  (-0.774 -0.000i)  ( 0.633 -0.000i) 
        ( 0.774 -0.000i)  ( 0.401 -0.000i)  ( 0.490 -0.000i) 
        (-0.633 -0.000i)  ( 0.490 -0.000i)  ( 0.599 -0.000i) 

     29 ( 1.000 -0.000i)  ( 0.018 -0.000i)  (-0.015 -0.000i) 
        ( 0.018 -0.000i)  (-0.198 -0.000i)  ( 0.980 -0.000i) 
        (-0.015 -0.000i)  ( 0.980 -0.000i)  ( 0.199 -0.000i) 

     30 ( 0.023 -0.000i)  (-0.774 -0.000i)  ( 0.633 -0.000i) 
        (-0.774 -0.000i)  (-0.415 -0.000i)  (-0.479 -0.000i) 
        ( 0.633 -0.000i)  (-0.479 -0.000i)  (-0.608 -0.000i) 

     31 (-1.000 -0.000i)  (-0.018 -0.000i)  ( 0.015 -0.000i) 
        (-0.018 -0.000i)  ( 1.000 -0.000i)  ( 0.000 -0.000i) 
        ( 0.015 -0.000i)  ( 0.000 -0.000i)  ( 1.000 -0.000i) 

     32 (-0.023 -0.000i)  ( 0.774 -0.000i)  (-0.633 -0.000i) 
        ( 0.774 -0.000i)  (-0.387 -0.000i)  (-0.501 -0.000i) 
        (-0.633 -0.000i)  (-0.501 -0.000i)  (-0.590 -0.000i) 

     33 ( 0.011 -0.000i)  (-0.781 -0.000i)  ( 0.624 -0.000i) 
        ( 0.633 -0.000i)  ( 0.489 -0.000i)  ( 0.600 -0.000i) 
        ( 0.774 -0.000i)  (-0.388 -0.000i)  (-0.500 -0.000i) 

     34 (-1.000 -0.000i)  (-0.002 -0.000i)  ( 0.016 -0.000i) 
        (-0.002 -0.000i)  (-0.980 -0.000i)  (-0.198 -0.000i) 
        ( 0.016 -0.000i)  (-0.198 -0.000i)  ( 0.980 -0.000i) 

     35 (-0.011 -0.000i)  ( 0.767 -0.000i)  (-0.642 -0.000i) 
        (-0.633 -0.000i)  ( 0.491 -0.000i)  ( 0.598 -0.000i) 
        (-0.774 -0.000i)  (-0.413 -0.000i)  (-0.480 -0.000i) 

     36 ( 1.000 -0.000i)  ( 0.016 -0.000i)  ( 0.002 -0.000i) 
        ( 0.002 -0.000i)  ( 0.000 -0.000i)  (-1.000 -0.000i) 
        (-0.016 -0.000i)  ( 1.000 -0.000i)  ( 0.000 -0.000i) 

     37 ( 0.012 -0.000i)  (-0.767 -0.000i)  ( 0.642 -0.000i) 
        (-0.633 -0.000i)  (-0.503 -0.000i)  (-0.589 -0.000i) 
        (-0.774 -0.000i)  ( 0.399 -0.000i)  ( 0.491 -0.000i) 

     38 (-1.000 -0.000i)  (-0.017 -0.000i)  (-0.002 -0.000i) 
        (-0.017 -0.000i)  ( 0.980 -0.000i)  ( 0.198 -0.000i) 
        (-0.002 -0.000i)  ( 0.198 -0.000i)  (-0.980 -0.000i) 

     39 (-0.012 -0.000i)  ( 0.781 -0.000i)  (-0.624 -0.000i) 
        ( 0.633 -0.000i)  (-0.477 -0.000i)  (-0.610 -0.000i) 
        ( 0.774 -0.000i)  ( 0.402 -0.000i)  ( 0.489 -0.000i) 

     40 ( 1.000 -0.000i)  ( 0.002 -0.000i)  (-0.016 -0.000i) 
        ( 0.016 -0.000i)  ( 0.000 -0.000i)  ( 1.000 -0.000i) 
        ( 0.002 -0.000i)  (-1.000 -0.000i)  ( 0.000 -0.000i) 

     41 ( 0.011 -0.000i)  ( 0.633 -0.000i)  ( 0.774 -0.000i) 
        (-0.781 -0.000i)  ( 0.489 -0.000i)  (-0.388 -0.000i) 
        ( 0.624 -0.000i)  ( 0.600 -0.000i)  (-0.500 -0.000i) 

     42 ( 0.000 -0.000i)  (-0.642 -0.000i)  (-0.767 -0.000i) 
        ( 0.624 -0.000i)  ( 0.599 -0.000i)  (-0.502 -0.000i) 
        ( 0.781 -0.000i)  (-0.478 -0.000i)  ( 0.401 -0.000i) 

     43 (-0.012 -0.000i)  ( 0.633 -0.000i)  ( 0.774 -0.000i) 
        ( 0.781 -0.000i)  (-0.477 -0.000i)  ( 0.402 -0.000i) 
        (-0.624 -0.000i)  (-0.610 -0.000i)  ( 0.489 -0.000i) 

     44 ( 0.000 -0.000i)  (-0.624 -0.000i)  (-0.781 -0.000i) 
        (-0.624 -0.000i)  (-0.611 -0.000i)  ( 0.487 -0.000i) 
        (-0.781 -0.000i)  ( 0.487 -0.000i)  (-0.390 -0.000i) 

     45 (-0.011 -0.000i)  (-0.633 -0.000i)  (-0.774 -0.000i) 
        ( 0.767 -0.000i)  ( 0.491 -0.000i)  (-0.413 -0.000i) 
        (-0.642 -0.000i)  ( 0.598 -0.000i)  (-0.480 -0.000i) 

     46 (-0.001 -0.000i)  ( 0.642 -0.000i)  ( 0.767 -0.000i) 
        ( 0.642 -0.000i)  (-0.588 -0.000i)  ( 0.493 -0.000i) 
        ( 0.767 -0.000i)  ( 0.493 -0.000i)  (-0.412 -0.000i) 

     47 ( 0.012 -0.000i)  (-0.633 -0.000i)  (-0.774 -0.000i) 
        (-0.767 -0.000i)  (-0.503 -0.000i)  ( 0.399 -0.000i) 
        ( 0.642 -0.000i)  (-0.589 -0.000i)  ( 0.491 -0.000i) 

     48 ( 0.000 -0.000i)  ( 0.624 -0.000i)  ( 0.781 -0.000i) 
        (-0.642 -0.000i)  ( 0.599 -0.000i)  (-0.478 -0.000i) 
        (-0.767 -0.000i)  (-0.502 -0.000i)  ( 0.401 -0.000i) 

  4 (  -0.000):

      1 ( 1.000 -0.000i)  (-0.000 -0.000i)  ( 0.000 -0.000i) 
        (-0.000 -0.000i)  ( 1.000 -0.000i)  ( 0.000 -0.000i) 
        ( 0.000 -0.000i)  ( 0.000 -0.000i)  ( 1.000 -0.000i) 

      2 ( 0.478 -0.000i)  ( 0.352 -0.000i)  (-0.805 -0.000i) 
        ( 0.628 -0.000i)  ( 0.503 -0.000i)  ( 0.593 -0.000i) 
        ( 0.614 -0.000i)  (-0.789 -0.000i)  ( 0.019 -0.000i) 

      3 (-0.045 -0.000i)  ( 0.981 -0.000i)  (-0.191 -0.000i) 
        ( 0.981 -0.000i)  ( 0.007 -0.000i)  (-0.196 -0.000i) 
        (-0.191 -0.000i)  (-0.196 -0.000i)  (-0.962 -0.000i) 

      4 ( 0.478 -0.000i)  ( 0.628 -0.000i)  ( 0.614 -0.000i) 
        ( 0.352 -0.000i)  ( 0.503 -0.000i)  (-0.789 -0.000i) 
        (-0.805 -0.000i)  ( 0.593 -0.000i)  ( 0.019 -0.000i) 

      5 ( 0.026 -0.000i)  (-1.000 -0.000i)  (-0.000 -0.000i) 
        (-1.000 -0.000i)  (-0.026 -0.000i)  ( 0.000 -0.000i) 
        (-0.000 -0.000i)  ( 0.000 -0.000i)  (-1.000 -0.000i) 

      6 (-0.616 -0.000i)  (-0.494 -0.000i)  (-0.614 -0.000i) 
        (-0.494 -0.000i)  (-0.365 -0.000i)  ( 0.789 -0.000i) 
        (-0.614 -0.000i)  ( 0.789 -0.000i)  (-0.019 -0.000i) 

      7 (-0.981 -0.000i)  ( 0.019 -0.000i)  ( 0.191 -0.000i) 
        ( 0.019 -0.000i)  (-0.980 -0.000i)  ( 0.196 -0.000i) 
        ( 0.191 -0.000i)  ( 0.196 -0.000i)  ( 0.962 -0.000i) 

      8 (-0.339 -0.000i)  (-0.487 -0.000i)  ( 0.805 -0.000i) 
        (-0.487 -0.000i)  (-0.641 -0.000i)  (-0.593 -0.000i) 
        ( 0.805 -0.000i)  (-0.593 -0.000i)  (-0.019 -0.000i) 

      9 (-0.493 -0.000i)  (-0.644 -0.000i)  (-0.585 -0.000i) 
        ( 0.485 -0.000i)  ( 0.356 -0.000i)  (-0.799 -0.000i) 
        ( 0.723 -0.000i)  (-0.677 -0.000i)  ( 0.137 -0.000i) 

     10 (-0.999 -0.000i)  (-0.036 -0.000i)  ( 0.004 -0.000i) 
        (-0.036 -0.000i)  ( 0.980 -0.000i)  (-0.194 -0.000i) 
        ( 0.004 -0.000i)  (-0.194 -0.000i)  (-0.981 -0.000i) 

     11 (-0.497 -0.000i)  (-0.373 -0.000i)  ( 0.783 -0.000i) 
        ( 0.480 -0.000i)  ( 0.634 -0.000i)  ( 0.606 -0.000i) 
        (-0.723 -0.000i)  ( 0.677 -0.000i)  (-0.137 -0.000i) 

     12 ( 0.009 -0.000i)  (-0.981 -0.000i)  ( 0.194 -0.000i) 
        ( 1.000 -0.000i)  ( 0.010 -0.000i)  ( 0.002 -0.000i) 
        (-0.004 -0.000i)  ( 0.194 -0.000i)  ( 0.981 -0.000i) 

     13 ( 0.631 -0.000i)  ( 0.509 -0.000i)  ( 0.585 -0.000i) 
        (-0.343 -0.000i)  (-0.494 -0.000i)  ( 0.799 -0.000i) 
        ( 0.696 -0.000i)  (-0.705 -0.000i)  (-0.137 -0.000i) 

     14 ( 0.981 -0.000i)  ( 0.017 -0.000i)  (-0.194 -0.000i) 
        ( 0.017 -0.000i)  (-1.000 -0.000i)  (-0.002 -0.000i) 
        (-0.194 -0.000i)  (-0.002 -0.000i)  (-0.981 -0.000i) 

     15 ( 0.359 -0.000i)  ( 0.507 -0.000i)  (-0.783 -0.000i) 
        (-0.621 -0.000i)  (-0.496 -0.000i)  (-0.606 -0.000i) 
        (-0.696 -0.000i)  ( 0.705 -0.000i)  ( 0.137 -0.000i) 

     16 ( 0.009 -0.000i)  ( 1.000 -0.000i)  (-0.004 -0.000i) 
        (-0.981 -0.000i)  ( 0.010 -0.000i)  ( 0.194 -0.000i) 
        ( 0.194 -0.000i)  ( 0.002 -0.000i)  ( 0.981 -0.000i) 

     17 (-0.493 -0.000i)  ( 0.485 -0.000i)  ( 0.723 -0.000i) 
        (-0.644 -0.000i)  ( 0.356 -0.000i)  (-0.677 -0.000i) 
        (-0.585 -0.000i)  (-0.799 -0.000i)  ( 0.137 -0.000i) 

     18 ( 0.513 -0.000i)  (-0.500 -0.000i)  ( 0.698 -0.000i) 
        (-0.500 -0.000i)  ( 0.487 -0.000i)  ( 0.716 -0.000i) 
        (-0.698 -0.000i)  (-0.716 -0.000i)  (-0.000 -0.000i) 

     19 ( 0.359 -0.000i)  (-0.621 -0.000i)  (-0.696 -0.000i) 
        ( 0.507 -0.000i)  (-0.496 -0.000i)  ( 0.705 -0.000i) 
        (-0.783 -0.000i)  (-0.606 -0.000i)  ( 0.137 -0.000i) 

     20 (-0.646 -0.000i)  ( 0.363 -0.000i)  (-0.671 -0.000i) 
        ( 0.363 -0.000i)  (-0.627 -0.000i)  (-0.689 -0.000i) 
        (-0.671 -0.000i)  (-0.689 -0.000i)  ( 0.274 -0.000i) 

     21 (-0.497 -0.000i)  ( 0.480 -0.000i)  (-0.723 -0.000i) 
        (-0.373 -0.000i)  ( 0.634 -0.000i)  ( 0.677 -0.000i) 
        ( 0.783 -0.000i)  ( 0.606 -0.000i)  (-0.137 -0.000i) 

     22 (-0.380 -0.000i)  ( 0.637 -0.000i)  ( 0.671 -0.000i) 
        ( 0.637 -0.000i)  (-0.346 -0.000i)  ( 0.689 -0.000i) 
        ( 0.671 -0.000i)  ( 0.689 -0.000i)  (-0.274 -0.000i) 

     23 ( 0.631 -0.000i)  (-0.343 -0.000i)  ( 0.696 -0.000i) 
        ( 0.509 -0.000i)  (-0.494 -0.000i)  (-0.705 -0.000i) 
        ( 0.585 -0.000i)  ( 0.799 -0.000i)  (-0.137 -0.000i) 

     24 ( 0.513 -0.000i)  (-0.500 -0.000i)  (-0.698 -0.000i) 
        (-0.500 -0.000i)  ( 0.487 -0.000i)  (-0.716 -0.000i) 
        ( 0.698 -0.000i)  ( 0.716 -0.000i)  ( 0.000 -0.000i) 

     25 (-1.000 -0.000i)  ( 0.000 -0.000i)  (-0.000 -0.000i) 
        ( 0.000 -0.000i)  (-1.000 -0.000i)  (-0.000 -0.000i) 
        (-0.000 -0.000i)  (-0.000 -0.000i)  (-1.000 -0.000i) 

     26 (-0.478 -0.000i)  (-0.352 -0.000i)  ( 0.805 -0.000i) 
        (-0.628 -0.000i)  (-0.503 -0.000i)  (-0.593 -0.000i) 
        (-0.614 -0.000i)  ( 0.789 -0.000i)  (-0.019 -0.000i) 

     27 ( 0.045 -0.000i)  (-0.981 -0.000i)  ( 0.191 -0.000i) 
        (-0.981 -0.000i)  (-0.007 -0.000i)  ( 0.196 -0.000i) 
        ( 0.191 -0.000i)  ( 0.196 -0.000i)  ( 0.962 -0.000i) 

     28 (-0.478 -0.000i)  (-0.628 -0.000i)  (-0.614 -0.000i) 
        (-0.352 -0.000i)  (-0.503 -0.000i)  ( 0.789 -0.000i) 
        ( 0.805 -0.000i)  (-0.593 -0.000i)  (-0.019 -0.000i) 

     29 (-0.026 -0.000i)  ( 1.000 -0.000i)  ( 0.000 -0.000i) 
        ( 1.000 -0.000i)  ( 0.026 -0.000i)  (-0.000 -0.000i) 
        ( 0.000 -0.000i)  (-0.000 -0.000i)  ( 1.000 -0.000i) 

     30 ( 0.616 -0.000i)  ( 0.494 -0.000i)  ( 0.614 -0.000i) 
        ( 0.494 -0.000i)  ( 0.365 -0.000i)  (-0.789 -0.000i) 
        ( 0.614 -0.000i)  (-0.789 -0.000i)  ( 0.019 -0.000i) 

     31 ( 0.981 -0.000i)  (-0.019 -0.000i)  (-0.191 -0.000i) 
        (-0.019 -0.000i)  ( 0.980 -0.000i)  (-0.196 -0.000i) 
        (-0.191 -0.000i)  (-0.196 -0.000i)  (-0.962 -0.000i) 

     32 ( 0.339 -0.000i)  ( 0.487 -0.000i)  (-0.805 -0.000i) 
        ( 0.487 -0.000i)  ( 0.641 -0.000i)  ( 0.593 -0.000i) 
        (-0.805 -0.000i)  ( 0.593 -0.000i)  ( 0.019 -0.000i) 

     33 ( 0.493 -0.000i)  ( 0.644 -0.000i)  ( 0.585 -0.000i) 
        (-0.485 -0.000i)  (-0.356 -0.000i)  ( 0.799 -0.000i) 
        (-0.723 -0.000i)  ( 0.677 -0.000i)  (-0.137 -0.000i) 

     34 ( 0.999 -0.000i)  ( 0.036 -0.000i)  (-0.004 -0.000i) 
        ( 0.036 -0.000i)  (-0.980 -0.000i)  ( 0.194 -0.000i) 
        (-0.004 -0.000i)  ( 0.194 -0.000i)  ( 0.981 -0.000i) 

     35 ( 0.497 -0.000i)  ( 0.373 -0.000i)  (-0.783 -0.000i) 
        (-0.480 -0.000i)  (-0.634 -0.000i)  (-0.606 -0.000i) 
        ( 0.723 -0.000i)  (-0.677 -0.000i)  ( 0.137 -0.000i) 

     36 (-0.009 -0.000i)  ( 0.981 -0.000i)  (-0.194 -0.000i) 
        (-1.000 -0.000i)  (-0.010 -0.000i)  (-0.002 -0.000i) 
        ( 0.004 -0.000i)  (-0.194 -0.000i)  (-0.981 -0.000i) 

     37 (-0.631 -0.000i)  (-0.509 -0.000i)  (-0.585 -0.000i) 
        ( 0.343 -0.000i)  ( 0.494 -0.000i)  (-0.799 -0.000i) 
        (-0.696 -0.000i)  ( 0.705 -0.000i)  ( 0.137 -0.000i) 

     38 (-0.981 -0.000i)  (-0.017 -0.000i)  ( 0.194 -0.000i) 
        (-0.017 -0.000i)  ( 1.000 -0.000i)  ( 0.002 -0.000i) 
        ( 0.194 -0.000i)  ( 0.002 -0.000i)  ( 0.981 -0.000i) 

     39 (-0.359 -0.000i)  (-0.507 -0.000i)  ( 0.783 -0.000i) 
        ( 0.621 -0.000i)  ( 0.496 -0.000i)  ( 0.606 -0.000i) 
        ( 0.696 -0.000i)  (-0.705 -0.000i)  (-0.137 -0.000i) 

     40 (-0.009 -0.000i)  (-1.000 -0.000i)  ( 0.004 -0.000i) 
        ( 0.981 -0.000i)  (-0.010 -0.000i)  (-0.194 -0.000i) 
        (-0.194 -0.000i)  (-0.002 -0.000i)  (-0.981 -0.000i) 

     41 ( 0.493 -0.000i)  (-0.485 -0.000i)  (-0.723 -0.000i) 
        ( 0.644 -0.000i)  (-0.356 -0.000i)  ( 0.677 -0.000i) 
        ( 0.585 -0.000i)  ( 0.799 -0.000i)  (-0.137 -0.000i) 

     42 (-0.513 -0.000i)  ( 0.500 -0.000i)  (-0.698 -0.000i) 
        ( 0.500 -0.000i)  (-0.487 -0.000i)  (-0.716 -0.000i) 
        ( 0.698 -0.000i)  ( 0.716 -0.000i)  ( 0.000 -0.000i) 

     43 (-0.359 -0.000i)  ( 0.621 -0.000i)  ( 0.696 -0.000i) 
        (-0.507 -0.000i)  ( 0.496 -0.000i)  (-0.705 -0.000i) 
        ( 0.783 -0.000i)  ( 0.606 -0.000i)  (-0.137 -0.000i) 

     44 ( 0.646 -0.000i)  (-0.363 -0.000i)  ( 0.671 -0.000i) 
        (-0.363 -0.000i)  ( 0.627 -0.000i)  ( 0.689 -0.000i) 
        ( 0.671 -0.000i)  ( 0.689 -0.000i)  (-0.274 -0.000i) 

     45 ( 0.497 -0.000i)  (-0.480 -0.000i)  ( 0.723 -0.000i) 
        ( 0.373 -0.000i)  (-0.634 -0.000i)  (-0.677 -0.000i) 
        (-0.783 -0.000i)  (-0.606 -0.000i)  ( 0.137 -0.000i) 

     46 ( 0.380 -0.000i)  (-0.637 -0.000i)  (-0.671 -0.000i) 
        (-0.637 -0.000i)  ( 0.346 -0.000i)  (-0.689 -0.000i) 
        (-0.671 -0.000i)  (-0.689 -0.000i)  ( 0.274 -0.000i) 

     47 (-0.631 -0.000i)  ( 0.343 -0.000i)  (-0.696 -0.000i) 
        (-0.509 -0.000i)  ( 0.494 -0.000i)  ( 0.705 -0.000i) 
        (-0.585 -0.000i)  (-0.799 -0.000i)  ( 0.137 -0.000i) 

     48 (-0.513 -0.000i)  ( 0.500 -0.000i)  ( 0.698 -0.000i) 
        ( 0.500 -0.000i)  (-0.487 -0.000i)  ( 0.716 -0.000i) 
        (-0.698 -0.000i)  (-0.716 -0.000i)  (-0.000 -0.000i) 

  7 (   1.056):

      1 ( 1.000 -0.000i)  ( 0.000 -0.000i) 
        ( 0.000 -0.000i)  ( 1.000 -0.000i) 

      2 ( 0.894 -0.000i)  ( 0.447 -0.000i) 
        ( 0.447 -0.000i)  (-0.894 -0.000i) 

      3 ( 1.000 -0.000i)  ( 0.000 -0.000i) 
        ( 0.000 -0.000i)  ( 1.000 -0.000i) 

      4 ( 0.894 -0.000i)  ( 0.447 -0.000i) 
        ( 0.447 -0.000i)  (-0.894 -0.000i) 

      5 ( 1.000 -0.000i)  ( 0.000 -0.000i) 
        ( 0.000 -0.000i)  ( 1.000 -0.000i) 

      6 ( 0.894 -0.000i)  ( 0.447 -0.000i) 
        ( 0.447 -0.000i)  (-0.894 -0.000i) 

      7 ( 1.000 -0.000i)  ( 0.000 -0.000i) 
        ( 0.000 -0.000i)  ( 1.000 -0.000i) 

      8 ( 0.894 -0.000i)  ( 0.447 -0.000i) 
        ( 0.447 -0.000i)  (-0.894 -0.000i) 

      9 (-0.500 -0.000i)  ( 0.866 -0.000i) 
        (-0.866 -0.000i)  (-0.500 -0.000i) 

     10 (-0.060 -0.000i)  (-0.998 -0.000i) 
        (-0.998 -0.000i)  ( 0.060 -0.000i) 

     11 (-0.500 -0.000i)  ( 0.866 -0.000i) 
        (-0.866 -0.000i)  (-0.500 -0.000i) 

     12 (-0.060 -0.000i)  (-0.998 -0.000i) 
        (-0.998 -0.000i)  ( 0.060 -0.000i) 

     13 (-0.500 -0.000i)  ( 0.866 -0.000i) 
        (-0.866 -0.000i)  (-0.500 -0.000i) 

     14 (-0.060 -0.000i)  (-0.998 -0.000i) 
        (-0.998 -0.000i)  ( 0.060 -0.000i) 

     15 (-0.500 -0.000i)  ( 0.866 -0.000i) 
        (-0.866 -0.000i)  (-0.500 -0.000i) 

     16 (-0.060 -0.000i)  (-0.998 -0.000i) 
        (-0.998 -0.000i)  ( 0.060 -0.000i) 

     17 (-0.500 -0.000i)  (-0.866 -0.000i) 
        ( 0.866 -0.000i)  (-0.500 -0.000i) 

     18 (-0.834 -0.000i)  ( 0.551 -0.000i) 
        ( 0.551 -0.000i)  ( 0.834 -0.000i) 

     19 (-0.500 -0.000i)  (-0.866 -0.000i) 
        ( 0.866 -0.000i)  (-0.500 -0.000i) 

     20 (-0.834 -0.000i)  ( 0.551 -0.000i) 
        ( 0.551 -0.000i)  ( 0.834 -0.000i) 

     21 (-0.500 -0.000i)  (-0.866 -0.000i) 
        ( 0.866 -0.000i)  (-0.500 -0.000i) 

     22 (-0.834 -0.000i)  ( 0.551 -0.000i) 
        ( 0.551 -0.000i)  ( 0.834 -0.000i) 

     23 (-0.500 -0.000i)  (-0.866 -0.000i) 
        ( 0.866 -0.000i)  (-0.500 -0.000i) 

     24 (-0.834 -0.000i)  ( 0.551 -0.000i) 
        ( 0.551 -0.000i)  ( 0.834 -0.000i) 

     25 (-1.000 -0.000i)  (-0.000 -0.000i) 
        (-0.000 -0.000i)  (-1.000 -0.000i) 

     26 (-0.894 -0.000i)  (-0.447 -0.000i) 
        (-0.447 -0.000i)  ( 0.894 -0.000i) 

     27 (-1.000 -0.000i)  (-0.000 -0.000i) 
        (-0.000 -0.000i)  (-1.000 -0.000i) 

     28 (-0.894 -0.000i)  (-0.447 -0.000i) 
        (-0.447 -0.000i)  ( 0.894 -0.000i) 

     29 (-1.000 -0.000i)  (-0.000 -0.000i) 
        (-0.000 -0.000i)  (-1.000 -0.000i) 

     30 (-0.894 -0.000i)  (-0.447 -0.000i) 
        (-0.447 -0.000i)  ( 0.894 -0.000i) 

     31 (-1.000 -0.000i)  (-0.000 -0.000i) 
        (-0.000 -0.000i)  (-1.000 -0.000i) 

     32 (-0.894 -0.000i)  (-0.447 -0.000i) 
        (-0.447 -0.000i)  ( 0.894 -0.000i) 

     33 ( 0.500 -0.000i)  (-0.866 -0.000i) 
        ( 0.866 -0.000i)  ( 0.500 -0.000i) 

     34 ( 0.060 -0.000i)  ( 0.998 -0.000i) 
        ( 0.998 -0.000i)  (-0.060 -0.000i) 

     35 ( 0.500 -0.000i)  (-0.866 -0.000i) 
        ( 0.866 -0.000i)  ( 0.500 -0.000i) 

     36 ( 0.060 -0.000i)  ( 0.998 -0.000i) 
        ( 0.998 -0.000i)  (-0.060 -0.000i) 

     37 ( 0.500 -0.000i)  (-0.866 -0.000i) 
        ( 0.866 -0.000i)  ( 0.500 -0.000i) 

     38 ( 0.060 -0.000i)  ( 0.998 -0.000i) 
        ( 0.998 -0.000i)  (-0.060 -0.000i) 

     39 ( 0.500 -0.000i)  (-0.866 -0.000i) 
        ( 0.866 -0.000i)  ( 0.500 -0.000i) 

     40 ( 0.060 -0.000i)  ( 0.998 -0.000i) 
        ( 0.998 -0.000i)  (-0.060 -0.000i) 

     41 ( 0.500 -0.000i)  ( 0.866 -0.000i) 
        (-0.866 -0.000i)  ( 0.500 -0.000i) 

     42 ( 0.834 -0.000i)  (-0.551 -0.000i) 
        (-0.551 -0.000i)  (-0.834 -0.000i) 

     43 ( 0.500 -0.000i)  ( 0.866 -0.000i) 
        (-0.866 -0.000i)  ( 0.500 -0.000i) 

     44 ( 0.834 -0.000i)  (-0.551 -0.000i) 
        (-0.551 -0.000i)  (-0.834 -0.000i) 

     45 ( 0.500 -0.000i)  ( 0.866 -0.000i) 
        (-0.866 -0.000i)  ( 0.500 -0.000i) 

     46 ( 0.834 -0.000i)  (-0.551 -0.000i) 
        (-0.551 -0.000i)  (-0.834 -0.000i) 

     47 ( 0.500 -0.000i)  ( 0.866 -0.000i) 
        (-0.866 -0.000i)  ( 0.500 -0.000i) 

     48 ( 0.834 -0.000i)  (-0.551 -0.000i) 
        (-0.551 -0.000i)  (-0.834 -0.000i) 

  9 (   1.478):

      1 ( 1.000 -0.000i)  (-0.000 -0.000i)  (-0.000 -0.000i) 
        (-0.000 -0.000i)  ( 1.000 -0.000i)  ( 0.000 -0.000i) 
        (-0.000 -0.000i)  ( 0.000 -0.000i)  ( 1.000 -0.000i) 

      2 (-0.009 -0.000i)  (-0.995 -0.000i)  ( 0.096 -0.000i) 
        ( 0.996 -0.000i)  (-0.000 -0.000i)  ( 0.095 -0.000i) 
        ( 0.094 -0.000i)  (-0.097 -0.000i)  (-0.991 -0.000i) 

      3 (-0.982 -0.000i)  (-0.000 -0.000i)  (-0.191 -0.000i) 
        (-0.000 -0.000i)  (-1.000 -0.000i)  ( 0.002 -0.000i) 
        (-0.191 -0.000i)  ( 0.002 -0.000i)  ( 0.982 -0.000i) 

      4 (-0.009 -0.000i)  ( 0.996 -0.000i)  ( 0.094 -0.000i) 
        (-0.995 -0.000i)  (-0.000 -0.000i)  (-0.097 -0.000i) 
        ( 0.096 -0.000i)  ( 0.095 -0.000i)  (-0.991 -0.000i) 

      5 ( 0.982 -0.000i)  ( 0.000 -0.000i)  ( 0.191 -0.000i) 
        ( 0.000 -0.000i)  (-1.000 -0.000i)  ( 0.000 -0.000i) 
        ( 0.191 -0.000i)  ( 0.000 -0.000i)  (-0.982 -0.000i) 

      6 ( 0.009 -0.000i)  (-0.996 -0.000i)  (-0.094 -0.000i) 
        (-0.996 -0.000i)  (-0.000 -0.000i)  (-0.095 -0.000i) 
        (-0.094 -0.000i)  (-0.095 -0.000i)  ( 0.991 -0.000i) 

      7 (-1.000 -0.000i)  ( 0.000 -0.000i)  (-0.000 -0.000i) 
        ( 0.000 -0.000i)  ( 1.000 -0.000i)  (-0.002 -0.000i) 
        (-0.000 -0.000i)  (-0.002 -0.000i)  (-1.000 -0.000i) 

      8 ( 0.009 -0.000i)  ( 0.995 -0.000i)  (-0.096 -0.000i) 
        ( 0.995 -0.000i)  ( 0.000 -0.000i)  ( 0.097 -0.000i) 
        (-0.096 -0.000i)  ( 0.097 -0.000i)  ( 0.991 -0.000i) 

      9 (-0.095 -0.000i)  ( 0.097 -0.000i)  ( 0.991 -0.000i) 
        (-0.995 -0.000i)  (-0.001 -0.000i)  (-0.096 -0.000i) 
        (-0.008 -0.000i)  (-0.995 -0.000i)  ( 0.097 -0.000i) 

     10 ( 0.191 -0.000i)  (-0.001 -0.000i)  (-0.982 -0.000i) 
        (-0.001 -0.000i)  ( 1.000 -0.000i)  (-0.001 -0.000i) 
        (-0.982 -0.000i)  (-0.001 -0.000i)  (-0.191 -0.000i) 

     11 (-0.095 -0.000i)  (-0.095 -0.000i)  ( 0.991 -0.000i) 
        ( 0.995 -0.000i)  ( 0.001 -0.000i)  ( 0.096 -0.000i) 
        (-0.010 -0.000i)  ( 0.995 -0.000i)  ( 0.094 -0.000i) 

     12 ( 0.000 -0.000i)  (-0.001 -0.000i)  (-1.000 -0.000i) 
        ( 0.001 -0.000i)  (-1.000 -0.000i)  ( 0.001 -0.000i) 
        ( 1.000 -0.000i)  ( 0.001 -0.000i)  (-0.000 -0.000i) 

     13 ( 0.095 -0.000i)  (-0.097 -0.000i)  (-0.991 -0.000i) 
        (-0.995 -0.000i)  ( 0.001 -0.000i)  (-0.096 -0.000i) 
        ( 0.010 -0.000i)  ( 0.995 -0.000i)  (-0.096 -0.000i) 

     14 (-0.191 -0.000i)  ( 0.001 -0.000i)  ( 0.982 -0.000i) 
        ( 0.001 -0.000i)  ( 1.000 -0.000i)  (-0.001 -0.000i) 
        ( 0.982 -0.000i)  (-0.001 -0.000i)  ( 0.191 -0.000i) 

     15 ( 0.095 -0.000i)  ( 0.095 -0.000i)  (-0.991 -0.000i) 
        ( 0.995 -0.000i)  (-0.001 -0.000i)  ( 0.096 -0.000i) 
        ( 0.008 -0.000i)  (-0.996 -0.000i)  (-0.094 -0.000i) 

     16 (-0.000 -0.000i)  ( 0.001 -0.000i)  ( 1.000 -0.000i) 
        (-0.001 -0.000i)  (-1.000 -0.000i)  ( 0.001 -0.000i) 
        (-1.000 -0.000i)  ( 0.001 -0.000i)  (-0.000 -0.000i) 

     17 (-0.095 -0.000i)  (-0.995 -0.000i)  (-0.008 -0.000i) 
        ( 0.097 -0.000i)  (-0.001 -0.000i)  (-0.995 -0.000i) 
        ( 0.991 -0.000i)  (-0.096 -0.000i)  ( 0.097 -0.000i) 

     18 (-0.991 -0.000i)  ( 0.096 -0.000i)  (-0.095 -0.000i) 
        (-0.096 -0.000i)  (-0.000 -0.000i)  ( 0.995 -0.000i) 
        (-0.095 -0.000i)  (-0.995 -0.000i)  (-0.009 -0.000i) 

     19 ( 0.095 -0.000i)  ( 0.995 -0.000i)  ( 0.008 -0.000i) 
        ( 0.095 -0.000i)  (-0.001 -0.000i)  (-0.996 -0.000i) 
        (-0.991 -0.000i)  ( 0.096 -0.000i)  (-0.094 -0.000i) 

     20 ( 0.991 -0.000i)  (-0.096 -0.000i)  ( 0.095 -0.000i) 
        (-0.096 -0.000i)  ( 0.002 -0.000i)  ( 0.995 -0.000i) 
        ( 0.095 -0.000i)  ( 0.995 -0.000i)  ( 0.007 -0.000i) 

     21 (-0.095 -0.000i)  ( 0.995 -0.000i)  (-0.010 -0.000i) 
        (-0.095 -0.000i)  ( 0.001 -0.000i)  ( 0.995 -0.000i) 
        ( 0.991 -0.000i)  ( 0.096 -0.000i)  ( 0.094 -0.000i) 

     22 ( 0.991 -0.000i)  ( 0.096 -0.000i)  ( 0.095 -0.000i) 
        ( 0.096 -0.000i)  (-0.002 -0.000i)  (-0.995 -0.000i) 
        ( 0.095 -0.000i)  (-0.995 -0.000i)  ( 0.011 -0.000i) 

     23 ( 0.095 -0.000i)  (-0.995 -0.000i)  ( 0.010 -0.000i) 
        (-0.097 -0.000i)  ( 0.001 -0.000i)  ( 0.995 -0.000i) 
        (-0.991 -0.000i)  (-0.096 -0.000i)  (-0.096 -0.000i) 

     24 (-0.991 -0.000i)  (-0.096 -0.000i)  (-0.095 -0.000i) 
        ( 0.096 -0.000i)  (-0.000 -0.000i)  (-0.995 -0.000i) 
        (-0.095 -0.000i)  ( 0.995 -0.000i)  (-0.009 -0.000i) 

     25 ( 1.000 -0.000i)  (-0.000 -0.000i)  (-0.000 -0.000i) 
        (-0.000 -0.000i)  ( 1.000 -0.000i)  ( 0.000 -0.000i) 
        (-0.000 -0.000i)  ( 0.000 -0.000i)  ( 1.000 -0.000i) 

     26 (-0.009 -0.000i)  (-0.995 -0.000i)  ( 0.096 -0.000i) 
        ( 0.996 -0.000i)  (-0.000 -0.000i)  ( 0.095 -0.000i) 
        ( 0.094 -0.000i)  (-0.097 -0.000i)  (-0.991 -0.000i) 

     27 (-0.982 -0.000i)  (-0.000 -0.000i)  (-0.191 -0.000i) 
        (-0.000 -0.000i)  (-1.000 -0.000i)  ( 0.002 -0.000i) 
        (-0.191 -0.000i)  ( 0.002 -0.000i)  ( 0.982 -0.000i) 

     28 (-0.009 -0.000i)  ( 0.996 -0.000i)  ( 0.094 -0.000i) 
        (-0.995 -0.000i)  (-0.000 -0.000i)  (-0.097 -0.000i) 
        ( 0.096 -0.000i)  ( 0.095 -0.000i)  (-0.991 -0.000i) 

     29 ( 0.982 -0.000i)  ( 0.000 -0.000i)  ( 0.191 -0.000i) 
        ( 0.000 -0.000i)  (-1.000 -0.000i)  ( 0.000 -0.000i) 
        ( 0.191 -0.000i)  ( 0.000 -0.000i)  (-0.982 -0.000i) 

     30 ( 0.009 -0.000i)  (-0.996 -0.000i)  (-0.094 -0.000i) 
        (-0.996 -0.000i)  (-0.000 -0.000i)  (-0.095 -0.000i) 
        (-0.094 -0.000i)  (-0.095 -0.000i)  ( 0.991 -0.000i) 

     31 (-1.000 -0.000i)  ( 0.000 -0.000i)  (-0.000 -0.000i) 
        ( 0.000 -0.000i)  ( 1.000 -0.000i)  (-0.002 -0.000i) 
        (-0.000 -0.000i)  (-0.002 -0.000i)  (-1.000 -0.000i) 

     32 ( 0.009 -0.000i)  ( 0.995 -0.000i)  (-0.096 -0.000i) 
        ( 0.995 -0.000i)  ( 0.000 -0.000i)  ( 0.097 -0.000i) 
        (-0.096 -0.000i)  ( 0.097 -0.000i)  ( 0.991 -0.000i) 

     33 (-0.095 -0.000i)  ( 0.097 -0.000i)  ( 0.991 -0.000i) 
        (-0.995 -0.000i)  (-0.001 -0.000i)  (-0.096 -0.000i) 
        (-0.008 -0.000i)  (-0.995 -0.000i)  ( 0.097 -0.000i) 

     34 ( 0.191 -0.000i)  (-0.001 -0.000i)  (-0.982 -0.000i) 
        (-0.001 -0.000i)  ( 1.000 -0.000i)  (-0.001 -0.000i) 
        (-0.982 -0.000i)  (-0.001 -0.000i)  (-0.191 -0.000i) 

     35 (-0.095 -0.000i)  (-0.095 -0.000i)  ( 0.991 -0.000i) 
        ( 0.995 -0.000i)  ( 0.001 -0.000i)  ( 0.096 -0.000i) 
        (-0.010 -0.000i)  ( 0.995 -0.000i)  ( 0.094 -0.000i) 

     36 ( 0.000 -0.000i)  (-0.001 -0.000i)  (-1.000 -0.000i) 
        ( 0.001 -0.000i)  (-1.000 -0.000i)  ( 0.001 -0.000i) 
        ( 1.000 -0.000i)  ( 0.001 -0.000i)  (-0.000 -0.000i) 

     37 ( 0.095 -0.000i)  (-0.097 -0.000i)  (-0.991 -0.000i) 
        (-0.995 -0.000i)  ( 0.001 -0.000i)  (-0.096 -0.000i) 
        ( 0.010 -0.000i)  ( 0.995 -0.000i)  (-0.096 -0.000i) 

     38 (-0.191 -0.000i)  ( 0.001 -0.000i)  ( 0.982 -0.000i) 
        ( 0.001 -0.000i)  ( 1.000 -0.000i)  (-0.001 -0.000i) 
        ( 0.982 -0.000i)  (-0.001 -0.000i)  ( 0.191 -0.000i) 

     39 ( 0.095 -0.000i)  ( 0.095 -0.000i)  (-0.991 -0.000i) 
        ( 0.995 -0.000i)  (-0.001 -0.000i)  ( 0.096 -0.000i) 
        ( 0.008 -0.000i)  (-0.996 -0.000i)  (-0.094 -0.000i) 

     40 (-0.000 -0.000i)  ( 0.001 -0.000i)  ( 1.000 -0.000i) 
        (-0.001 -0.000i)  (-1.000 -0.000i)  ( 0.001 -0.000i) 
        (-1.000 -0.000i)  ( 0.001 -0.000i)  (-0.000 -0.000i) 

     41 (-0.095 -0.000i)  (-0.995 -0.000i)  (-0.008 -0.000i) 
        ( 0.097 -0.000i)  (-0.001 -0.000i)  (-0.995 -0.000i) 
        ( 0.991 -0.000i)  (-0.096 -0.000i)  ( 0.097 -0.000i) 

     42 (-0.991 -0.000i)  ( 0.096 -0.000i)  (-0.095 -0.000i) 
        (-0.096 -0.000i)  (-0.000 -0.000i)  ( 0.995 -0.000i) 
        (-0.095 -0.000i)  (-0.995 -0.000i)  (-0.009 -0.000i) 

     43 ( 0.095 -0.000i)  ( 0.995 -0.000i)  ( 0.008 -0.000i) 
        ( 0.095 -0.000i)  (-0.001 -0.000i)  (-0.996 -0.000i) 
        (-0.991 -0.000i)  ( 0.096 -0.000i)  (-0.094 -0.000i) 

     44 ( 0.991 -0.000i)  (-0.096 -0.000i)  ( 0.095 -0.000i) 
        (-0.096 -0.000i)  ( 0.002 -0.000i)  ( 0.995 -0.000i) 
        ( 0.095 -0.000i)  ( 0.995 -0.000i)  ( 0.007 -0.000i) 

     45 (-0.095 -0.000i)  ( 0.995 -0.000i)  (-0.010 -0.000i) 
        (-0.095 -0.000i)  ( 0.001 -0.000i)  ( 0.995 -0.000i) 
        ( 0.991 -0.000i)  ( 0.096 -0.000i)  ( 0.094 -0.000i) 

     46 ( 0.991 -0.000i)  ( 0.096 -0.000i)  ( 0.095 -0.000i) 
        ( 0.096 -0.000i)  (-0.002 -0.000i)  (-0.995 -0.000i) 
        ( 0.095 -0.000i)  (-0.995 -0.000i)  ( 0.011 -0.000i) 

     47 ( 0.095 -0.000i)  (-0.995 -0.000i)  ( 0.010 -0.000i) 
        (-0.097 -0.000i)  ( 0.001 -0.000i)  ( 0.995 -0.000i) 
        (-0.991 -0.000i)  (-0.096 -0.000i)  (-0.096 -0.000i) 

     48 (-0.991 -0.000i)  (-0.096 -0.000i)  (-0.095 -0.000i) 
        ( 0.096 -0.000i)  (-0.000 -0.000i)  (-0.995 -0.000i) 
        (-0.095 -0.000i)  ( 0.995 -0.000i)  (-0.009 -0.000i) 

 12 (   1.565):

      1 ( 1.000 -0.000i)  (-0.000 -0.000i)  ( 0.000 -0.000i) 
        ( 0.000 -0.000i)  ( 1.000 -0.000i)  (-0.000 -0.000i) 
        ( 0.000 -0.000i)  (-0.000 -0.000i)  ( 1.000 -0.000i) 

      2 ( 0.090 -0.000i)  ( 0.450 -0.000i)  (-0.889 -0.000i) 
        (-0.864 -0.000i)  ( 0.479 -0.000i)  ( 0.155 -0.000i) 
        ( 0.496 -0.000i)  ( 0.754 -0.000i)  ( 0.431 -0.000i) 

      3 (-0.821 -0.000i)  (-0.414 -0.000i)  (-0.393 -0.000i) 
        (-0.414 -0.000i)  (-0.042 -0.000i)  ( 0.909 -0.000i) 
        (-0.393 -0.000i)  ( 0.909 -0.000i)  (-0.137 -0.000i) 

      4 ( 0.090 -0.000i)  (-0.864 -0.000i)  ( 0.496 -0.000i) 
        ( 0.450 -0.000i)  ( 0.479 -0.000i)  ( 0.754 -0.000i) 
        (-0.889 -0.000i)  ( 0.155 -0.000i)  ( 0.431 -0.000i) 

      5 ( 0.821 -0.000i)  ( 0.414 -0.000i)  ( 0.393 -0.000i) 
        ( 0.414 -0.000i)  (-0.906 -0.000i)  ( 0.089 -0.000i) 
        ( 0.393 -0.000i)  ( 0.089 -0.000i)  (-0.915 -0.000i) 

      6 (-0.090 -0.000i)  ( 0.864 -0.000i)  (-0.496 -0.000i) 
        ( 0.864 -0.000i)  (-0.180 -0.000i)  (-0.470 -0.000i) 
        (-0.496 -0.000i)  (-0.470 -0.000i)  (-0.730 -0.000i) 

      7 (-1.000 -0.000i)  ( 0.000 -0.000i)  (-0.000 -0.000i) 
        ( 0.000 -0.000i)  (-0.053 -0.000i)  (-0.999 -0.000i) 
        (-0.000 -0.000i)  (-0.999 -0.000i)  ( 0.053 -0.000i) 

      8 (-0.090 -0.000i)  (-0.450 -0.000i)  ( 0.889 -0.000i) 
        (-0.450 -0.000i)  (-0.778 -0.000i)  (-0.439 -0.000i) 
        ( 0.889 -0.000i)  (-0.439 -0.000i)  (-0.132 -0.000i) 

      9 (-0.286 -0.000i)  ( 0.866 -0.000i)  ( 0.409 -0.000i) 
        (-0.722 -0.000i)  (-0.476 -0.000i)  ( 0.503 -0.000i) 
        ( 0.631 -0.000i)  (-0.152 -0.000i)  ( 0.761 -0.000i) 

     10 (-0.571 -0.000i)  ( 0.595 -0.000i)  ( 0.565 -0.000i) 
        ( 0.595 -0.000i)  (-0.173 -0.000i)  ( 0.785 -0.000i) 
        ( 0.565 -0.000i)  ( 0.785 -0.000i)  (-0.256 -0.000i) 

     11 (-0.286 -0.000i)  ( 0.454 -0.000i)  ( 0.844 -0.000i) 
        ( 0.592 -0.000i)  ( 0.776 -0.000i)  (-0.218 -0.000i) 
        (-0.754 -0.000i)  ( 0.437 -0.000i)  (-0.491 -0.000i) 

     12 (-0.000 -0.000i)  ( 0.725 -0.000i)  ( 0.688 -0.000i) 
        (-0.725 -0.000i)  ( 0.474 -0.000i)  (-0.499 -0.000i) 
        (-0.688 -0.000i)  (-0.499 -0.000i)  ( 0.526 -0.000i) 

     13 ( 0.286 -0.000i)  (-0.866 -0.000i)  (-0.409 -0.000i) 
        (-0.592 -0.000i)  ( 0.177 -0.000i)  (-0.787 -0.000i) 
        ( 0.754 -0.000i)  ( 0.467 -0.000i)  (-0.462 -0.000i) 

     14 ( 0.571 -0.000i)  (-0.595 -0.000i)  (-0.565 -0.000i) 
        (-0.595 -0.000i)  (-0.774 -0.000i)  ( 0.214 -0.000i) 
        (-0.565 -0.000i)  ( 0.214 -0.000i)  (-0.797 -0.000i) 

     15 ( 0.286 -0.000i)  (-0.454 -0.000i)  (-0.844 -0.000i) 
        ( 0.722 -0.000i)  (-0.477 -0.000i)  ( 0.501 -0.000i) 
        (-0.631 -0.000i)  (-0.752 -0.000i)  ( 0.192 -0.000i) 

     16 (-0.000 -0.000i)  (-0.725 -0.000i)  (-0.688 -0.000i) 
        ( 0.725 -0.000i)  ( 0.474 -0.000i)  (-0.499 -0.000i) 
        ( 0.688 -0.000i)  (-0.499 -0.000i)  ( 0.526 -0.000i) 

     17 (-0.286 -0.000i)  (-0.722 -0.000i)  ( 0.631 -0.000i) 
        ( 0.866 -0.000i)  (-0.476 -0.000i)  (-0.152 -0.000i) 
        ( 0.409 -0.000i)  ( 0.503 -0.000i)  ( 0.761 -0.000i) 

     18 ( 0.910 -0.000i)  ( 0.001 -0.000i)  ( 0.414 -0.000i) 
        ( 0.413 -0.000i)  ( 0.047 -0.000i)  (-0.909 -0.000i) 
        (-0.021 -0.000i)  ( 0.999 -0.000i)  ( 0.042 -0.000i) 

     19 ( 0.286 -0.000i)  ( 0.722 -0.000i)  (-0.631 -0.000i) 
        (-0.454 -0.000i)  (-0.477 -0.000i)  (-0.752 -0.000i) 
        (-0.844 -0.000i)  ( 0.501 -0.000i)  ( 0.192 -0.000i) 

     20 (-0.910 -0.000i)  (-0.001 -0.000i)  (-0.414 -0.000i) 
        (-0.001 -0.000i)  (-1.000 -0.000i)  ( 0.005 -0.000i) 
        (-0.414 -0.000i)  ( 0.005 -0.000i)  ( 0.910 -0.000i) 

     21 (-0.286 -0.000i)  ( 0.592 -0.000i)  (-0.754 -0.000i) 
        ( 0.454 -0.000i)  ( 0.776 -0.000i)  ( 0.437 -0.000i) 
        ( 0.844 -0.000i)  (-0.218 -0.000i)  (-0.491 -0.000i) 

     22 (-0.910 -0.000i)  (-0.413 -0.000i)  ( 0.021 -0.000i) 
        (-0.413 -0.000i)  ( 0.906 -0.000i)  (-0.095 -0.000i) 
        ( 0.021 -0.000i)  (-0.095 -0.000i)  (-0.995 -0.000i) 

     23 ( 0.286 -0.000i)  (-0.592 -0.000i)  ( 0.754 -0.000i) 
        (-0.866 -0.000i)  ( 0.177 -0.000i)  ( 0.467 -0.000i) 
        (-0.409 -0.000i)  (-0.787 -0.000i)  (-0.462 -0.000i) 

     24 ( 0.910 -0.000i)  ( 0.413 -0.000i)  (-0.021 -0.000i) 
        ( 0.001 -0.000i)  ( 0.047 -0.000i)  ( 0.999 -0.000i) 
        ( 0.414 -0.000i)  (-0.909 -0.000i)  ( 0.042 -0.000i) 

     25 (-1.000 -0.000i)  ( 0.000 -0.000i)  (-0.000 -0.000i) 
        (-0.000 -0.000i)  (-1.000 -0.000i)  ( 0.000 -0.000i) 
        (-0.000 -0.000i)  ( 0.000 -0.000i)  (-1.000 -0.000i) 

     26 (-0.090 -0.000i)  (-0.450 -0.000i)  ( 0.889 -0.000i) 
        ( 0.864 -0.000i)  (-0.479 -0.000i)  (-0.155 -0.000i) 
        (-0.496 -0.000i)  (-0.754 -0.000i)  (-0.431 -0.000i) 

     27 ( 0.821 -0.000i)  ( 0.414 -0.000i)  ( 0.393 -0.000i) 
        ( 0.414 -0.000i)  ( 0.042 -0.000i)  (-0.909 -0.000i) 
        ( 0.393 -0.000i)  (-0.909 -0.000i)  ( 0.137 -0.000i) 

     28 (-0.090 -0.000i)  ( 0.864 -0.000i)  (-0.496 -0.000i) 
        (-0.450 -0.000i)  (-0.479 -0.000i)  (-0.754 -0.000i) 
        ( 0.889 -0.000i)  (-0.155 -0.000i)  (-0.431 -0.000i) 

     29 (-0.821 -0.000i)  (-0.414 -0.000i)  (-0.393 -0.000i) 
        (-0.414 -0.000i)  ( 0.906 -0.000i)  (-0.089 -0.000i) 
        (-0.393 -0.000i)  (-0.089 -0.000i)  ( 0.915 -0.000i) 

     30 ( 0.090 -0.000i)  (-0.864 -0.000i)  ( 0.496 -0.000i) 
        (-0.864 -0.000i)  ( 0.180 -0.000i)  ( 0.470 -0.000i) 
        ( 0.496 -0.000i)  ( 0.470 -0.000i)  ( 0.730 -0.000i) 

     31 ( 1.000 -0.000i)  (-0.000 -0.000i)  ( 0.000 -0.000i) 
        (-0.000 -0.000i)  ( 0.053 -0.000i)  ( 0.999 -0.000i) 
        ( 0.000 -0.000i)  ( 0.999 -0.000i)  (-0.053 -0.000i) 

     32 ( 0.090 -0.000i)  ( 0.450 -0.000i)  (-0.889 -0.000i) 
        ( 0.450 -0.000i)  ( 0.778 -0.000i)  ( 0.439 -0.000i) 
        (-0.889 -0.000i)  ( 0.439 -0.000i)  ( 0.132 -0.000i) 

     33 ( 0.286 -0.000i)  (-0.866 -0.000i)  (-0.409 -0.000i) 
        ( 0.722 -0.000i)  ( 0.476 -0.000i)  (-0.503 -0.000i) 
        (-0.631 -0.000i)  ( 0.152 -0.000i)  (-0.761 -0.000i) 

     34 ( 0.571 -0.000i)  (-0.595 -0.000i)  (-0.565 -0.000i) 
        (-0.595 -0.000i)  ( 0.173 -0.000i)  (-0.785 -0.000i) 
        (-0.565 -0.000i)  (-0.785 -0.000i)  ( 0.256 -0.000i) 

     35 ( 0.286 -0.000i)  (-0.454 -0.000i)  (-0.844 -0.000i) 
        (-0.592 -0.000i)  (-0.776 -0.000i)  ( 0.218 -0.000i) 
        ( 0.754 -0.000i)  (-0.437 -0.000i)  ( 0.491 -0.000i) 

     36 ( 0.000 -0.000i)  (-0.725 -0.000i)  (-0.688 -0.000i) 
        ( 0.725 -0.000i)  (-0.474 -0.000i)  ( 0.499 -0.000i) 
        ( 0.688 -0.000i)  ( 0.499 -0.000i)  (-0.526 -0.000i) 

     37 (-0.286 -0.000i)  ( 0.866 -0.000i)  ( 0.409 -0.000i) 
        ( 0.592 -0.000i)  (-0.177 -0.000i)  ( 0.787 -0.000i) 
        (-0.754 -0.000i)  (-0.467 -0.000i)  ( 0.462 -0.000i) 

     38 (-0.571 -0.000i)  ( 0.595 -0.000i)  ( 0.565 -0.000i) 
        ( 0.595 -0.000i)  ( 0.774 -0.000i)  (-0.214 -0.000i) 
        ( 0.565 -0.000i)  (-0.214 -0.000i)  ( 0.797 -0.000i) 

     39 (-0.286 -0.000i)  ( 0.454 -0.000i)  ( 0.844 -0.000i) 
        (-0.722 -0.000i)  ( 0.477 -0.000i)  (-0.501 -0.000i) 
        ( 0.631 -0.000i)  ( 0.752 -0.000i)  (-0.192 -0.000i) 

     40 (-0.000 -0.000i)  ( 0.725 -0.000i)  ( 0.688 -0.000i) 
        (-0.725 -0.000i)  (-0.474 -0.000i)  ( 0.499 -0.000i) 
        (-0.688 -0.000i)  ( 0.499 -0.000i)  (-0.526 -0.000i) 

     41 ( 0.286 -0.000i)  ( 0.722 -0.000i)  (-0.631 -0.000i) 
        (-0.866 -0.000i)  ( 0.476 -0.000i)  ( 0.152 -0.000i) 
        (-0.409 -0.000i)  (-0.503 -0.000i)  (-0.761 -0.000i) 

     42 (-0.910 -0.000i)  (-0.001 -0.000i)  (-0.414 -0.000i) 
        (-0.413 -0.000i)  (-0.047 -0.000i)  ( 0.909 -0.000i) 
        ( 0.021 -0.000i)  (-0.999 -0.000i)  (-0.042 -0.000i) 

     43 (-0.286 -0.000i)  (-0.722 -0.000i)  ( 0.631 -0.000i) 
        ( 0.454 -0.000i)  ( 0.477 -0.000i)  ( 0.752 -0.000i) 
        ( 0.844 -0.000i)  (-0.501 -0.000i)  (-0.192 -0.000i) 

     44 ( 0.910 -0.000i)  ( 0.001 -0.000i)  ( 0.414 -0.000i) 
        ( 0.001 -0.000i)  ( 1.000 -0.000i)  (-0.005 -0.000i) 
        ( 0.414 -0.000i)  (-0.005 -0.000i)  (-0.910 -0.000i) 

     45 ( 0.286 -0.000i)  (-0.592 -0.000i)  ( 0.754 -0.000i) 
        (-0.454 -0.000i)  (-0.776 -0.000i)  (-0.437 -0.000i) 
        (-0.844 -0.000i)  ( 0.218 -0.000i)  ( 0.491 -0.000i) 

     46 ( 0.910 -0.000i)  ( 0.413 -0.000i)  (-0.021 -0.000i) 
        ( 0.413 -0.000i)  (-0.906 -0.000i)  ( 0.095 -0.000i) 
        (-0.021 -0.000i)  ( 0.095 -0.000i)  ( 0.995 -0.000i) 

     47 (-0.286 -0.000i)  ( 0.592 -0.000i)  (-0.754 -0.000i) 
        ( 0.866 -0.000i)  (-0.177 -0.000i)  (-0.467 -0.000i) 
        ( 0.409 -0.000i)  ( 0.787 -0.000i)  ( 0.462 -0.000i) 

     48 (-0.910 -0.000i)  (-0.413 -0.000i)  ( 0.021 -0.000i) 
        (-0.001 -0.000i)  (-0.047 -0.000i)  (-0.999 -0.000i) 
        (-0.414 -0.000i)  ( 0.909 -0.000i)  (-0.042 -0.000i) 

 15 (   1.619):

      1 ( 1.000 -0.000i)  ( 0.000 -0.000i)  (-0.000 -0.000i) 
        ( 0.000 -0.000i)  ( 1.000 -0.000i)  ( 0.000 -0.000i) 
        (-0.000 -0.000i)  ( 0.000 -0.000i)  ( 1.000 -0.000i) 

      2 ( 0.192 -0.000i)  ( 0.739 -0.000i)  ( 0.646 -0.000i) 
        (-0.025 -0.000i)  ( 0.662 -0.000i)  (-0.749 -0.000i) 
        (-0.981 -0.000i)  ( 0.128 -0.000i)  ( 0.146 -0.000i) 

      3 (-0.616 -0.000i)  ( 0.713 -0.000i)  (-0.335 -0.000i) 
        ( 0.713 -0.000i)  ( 0.324 -0.000i)  (-0.621 -0.000i) 
        (-0.335 -0.000i)  (-0.621 -0.000i)  (-0.708 -0.000i) 

      4 ( 0.192 -0.000i)  (-0.025 -0.000i)  (-0.981 -0.000i) 
        ( 0.739 -0.000i)  ( 0.662 -0.000i)  ( 0.128 -0.000i) 
        ( 0.646 -0.000i)  (-0.749 -0.000i)  ( 0.146 -0.000i) 

      5 (-0.989 -0.000i)  ( 0.059 -0.000i)  ( 0.139 -0.000i) 
        ( 0.059 -0.000i)  (-0.696 -0.000i)  ( 0.716 -0.000i) 
        ( 0.139 -0.000i)  ( 0.716 -0.000i)  ( 0.684 -0.000i) 

      6 (-0.328 -0.000i)  (-0.673 -0.000i)  (-0.663 -0.000i) 
        (-0.673 -0.000i)  (-0.326 -0.000i)  ( 0.664 -0.000i) 
        (-0.663 -0.000i)  ( 0.664 -0.000i)  (-0.346 -0.000i) 

      7 ( 0.604 -0.000i)  (-0.772 -0.000i)  ( 0.196 -0.000i) 
        (-0.772 -0.000i)  (-0.628 -0.000i)  (-0.094 -0.000i) 
        ( 0.196 -0.000i)  (-0.094 -0.000i)  (-0.976 -0.000i) 

      8 (-0.056 -0.000i)  (-0.040 -0.000i)  ( 0.998 -0.000i) 
        (-0.040 -0.000i)  (-0.998 -0.000i)  (-0.043 -0.000i) 
        ( 0.998 -0.000i)  (-0.043 -0.000i)  ( 0.055 -0.000i) 

      9 ( 0.494 -0.000i)  ( 0.222 -0.000i)  ( 0.841 -0.000i) 
        ( 0.867 -0.000i)  (-0.202 -0.000i)  (-0.456 -0.000i) 
        ( 0.069 -0.000i)  ( 0.954 -0.000i)  (-0.292 -0.000i) 

     10 (-0.736 -0.000i)  ( 0.619 -0.000i)  ( 0.276 -0.000i) 
        ( 0.619 -0.000i)  ( 0.448 -0.000i)  ( 0.645 -0.000i) 
        ( 0.276 -0.000i)  ( 0.645 -0.000i)  (-0.713 -0.000i) 

     11 (-0.427 -0.000i)  (-0.098 -0.000i)  (-0.899 -0.000i) 
        (-0.525 -0.000i)  ( 0.836 -0.000i)  ( 0.158 -0.000i) 
        ( 0.736 -0.000i)  ( 0.539 -0.000i)  (-0.409 -0.000i) 

     12 ( 0.802 -0.000i)  (-0.495 -0.000i)  (-0.333 -0.000i) 
        (-0.277 -0.000i)  ( 0.186 -0.000i)  (-0.943 -0.000i) 
        ( 0.529 -0.000i)  ( 0.848 -0.000i)  ( 0.012 -0.000i) 

     13 (-0.358 -0.000i)  ( 0.477 -0.000i)  ( 0.803 -0.000i) 
        (-0.932 -0.000i)  (-0.134 -0.000i)  (-0.336 -0.000i) 
        (-0.052 -0.000i)  (-0.869 -0.000i)  ( 0.492 -0.000i) 

     14 (-0.869 -0.000i)  ( 0.154 -0.000i)  (-0.471 -0.000i) 
        ( 0.154 -0.000i)  (-0.820 -0.000i)  (-0.551 -0.000i) 
        (-0.471 -0.000i)  (-0.551 -0.000i)  ( 0.689 -0.000i) 

     15 ( 0.291 -0.000i)  (-0.600 -0.000i)  (-0.745 -0.000i) 
        ( 0.590 -0.000i)  (-0.500 -0.000i)  ( 0.634 -0.000i) 
        (-0.753 -0.000i)  (-0.625 -0.000i)  ( 0.208 -0.000i) 

     16 ( 0.802 -0.000i)  (-0.277 -0.000i)  ( 0.529 -0.000i) 
        (-0.495 -0.000i)  ( 0.186 -0.000i)  ( 0.848 -0.000i) 
        (-0.333 -0.000i)  (-0.943 -0.000i)  ( 0.012 -0.000i) 

     17 ( 0.494 -0.000i)  ( 0.867 -0.000i)  ( 0.069 -0.000i) 
        ( 0.222 -0.000i)  (-0.202 -0.000i)  ( 0.954 -0.000i) 
        ( 0.841 -0.000i)  (-0.456 -0.000i)  (-0.292 -0.000i) 

     18 ( 0.006 -0.000i)  ( 0.947 -0.000i)  (-0.320 -0.000i) 
        (-0.888 -0.000i)  ( 0.152 -0.000i)  ( 0.434 -0.000i) 
        ( 0.459 -0.000i)  ( 0.282 -0.000i)  ( 0.842 -0.000i) 

     19 ( 0.291 -0.000i)  ( 0.590 -0.000i)  (-0.753 -0.000i) 
        (-0.600 -0.000i)  (-0.500 -0.000i)  (-0.625 -0.000i) 
        (-0.745 -0.000i)  ( 0.634 -0.000i)  ( 0.208 -0.000i) 

     20 ( 0.779 -0.000i)  ( 0.510 -0.000i)  (-0.364 -0.000i) 
        ( 0.510 -0.000i)  (-0.854 -0.000i)  (-0.104 -0.000i) 
        (-0.364 -0.000i)  (-0.104 -0.000i)  (-0.926 -0.000i) 

     21 (-0.427 -0.000i)  (-0.525 -0.000i)  ( 0.736 -0.000i) 
        (-0.098 -0.000i)  ( 0.836 -0.000i)  ( 0.539 -0.000i) 
        (-0.899 -0.000i)  ( 0.158 -0.000i)  (-0.409 -0.000i) 

     22 (-0.791 -0.000i)  (-0.569 -0.000i)  ( 0.225 -0.000i) 
        (-0.569 -0.000i)  ( 0.550 -0.000i)  (-0.611 -0.000i) 
        ( 0.225 -0.000i)  (-0.611 -0.000i)  (-0.759 -0.000i) 

     23 (-0.358 -0.000i)  (-0.932 -0.000i)  (-0.052 -0.000i) 
        ( 0.477 -0.000i)  (-0.134 -0.000i)  (-0.869 -0.000i) 
        ( 0.803 -0.000i)  (-0.336 -0.000i)  ( 0.492 -0.000i) 

     24 ( 0.006 -0.000i)  (-0.888 -0.000i)  ( 0.459 -0.000i) 
        ( 0.947 -0.000i)  ( 0.152 -0.000i)  ( 0.282 -0.000i) 
        (-0.320 -0.000i)  ( 0.434 -0.000i)  ( 0.842 -0.000i) 

     25 ( 1.000 -0.000i)  ( 0.000 -0.000i)  (-0.000 -0.000i) 
        ( 0.000 -0.000i)  ( 1.000 -0.000i)  ( 0.000 -0.000i) 
        (-0.000 -0.000i)  ( 0.000 -0.000i)  ( 1.000 -0.000i) 

     26 ( 0.192 -0.000i)  ( 0.739 -0.000i)  ( 0.646 -0.000i) 
        (-0.025 -0.000i)  ( 0.662 -0.000i)  (-0.749 -0.000i) 
        (-0.981 -0.000i)  ( 0.128 -0.000i)  ( 0.146 -0.000i) 

     27 (-0.616 -0.000i)  ( 0.713 -0.000i)  (-0.335 -0.000i) 
        ( 0.713 -0.000i)  ( 0.324 -0.000i)  (-0.621 -0.000i) 
        (-0.335 -0.000i)  (-0.621 -0.000i)  (-0.708 -0.000i) 

     28 ( 0.192 -0.000i)  (-0.025 -0.000i)  (-0.981 -0.000i) 
        ( 0.739 -0.000i)  ( 0.662 -0.000i)  ( 0.128 -0.000i) 
        ( 0.646 -0.000i)  (-0.749 -0.000i)  ( 0.146 -0.000i) 

     29 (-0.989 -0.000i)  ( 0.059 -0.000i)  ( 0.139 -0.000i) 
        ( 0.059 -0.000i)  (-0.696 -0.000i)  ( 0.716 -0.000i) 
        ( 0.139 -0.000i)  ( 0.716 -0.000i)  ( 0.684 -0.000i) 

     30 (-0.328 -0.000i)  (-0.673 -0.000i)  (-0.663 -0.000i) 
        (-0.673 -0.000i)  (-0.326 -0.000i)  ( 0.664 -0.000i) 
        (-0.663 -0.000i)  ( 0.664 -0.000i)  (-0.346 -0.000i) 

     31 ( 0.604 -0.000i)  (-0.772 -0.000i)  ( 0.196 -0.000i) 
        (-0.772 -0.000i)  (-0.628 -0.000i)  (-0.094 -0.000i) 
        ( 0.196 -0.000i)  (-0.094 -0.000i)  (-0.976 -0.000i) 

     32 (-0.056 -0.000i)  (-0.040 -0.000i)  ( 0.998 -0.000i) 
        (-0.040 -0.000i)  (-0.998 -0.000i)  (-0.043 -0.000i) 
        ( 0.998 -0.000i)  (-0.043 -0.000i)  ( 0.055 -0.000i) 

     33 ( 0.494 -0.000i)  ( 0.222 -0.000i)  ( 0.841 -0.000i) 
        ( 0.867 -0.000i)  (-0.202 -0.000i)  (-0.456 -0.000i) 
        ( 0.069 -0.000i)  ( 0.954 -0.000i)  (-0.292 -0.000i) 

     34 (-0.736 -0.000i)  ( 0.619 -0.000i)  ( 0.276 -0.000i) 
        ( 0.619 -0.000i)  ( 0.448 -0.000i)  ( 0.645 -0.000i) 
        ( 0.276 -0.000i)  ( 0.645 -0.000i)  (-0.713 -0.000i) 

     35 (-0.427 -0.000i)  (-0.098 -0.000i)  (-0.899 -0.000i) 
        (-0.525 -0.000i)  ( 0.836 -0.000i)  ( 0.158 -0.000i) 
        ( 0.736 -0.000i)  ( 0.539 -0.000i)  (-0.409 -0.000i) 

     36 ( 0.802 -0.000i)  (-0.495 -0.000i)  (-0.333 -0.000i) 
        (-0.277 -0.000i)  ( 0.186 -0.000i)  (-0.943 -0.000i) 
        ( 0.529 -0.000i)  ( 0.848 -0.000i)  ( 0.012 -0.000i) 

     37 (-0.358 -0.000i)  ( 0.477 -0.000i)  ( 0.803 -0.000i) 
        (-0.932 -0.000i)  (-0.134 -0.000i)  (-0.336 -0.000i) 
        (-0.052 -0.000i)  (-0.869 -0.000i)  ( 0.492 -0.000i) 

     38 (-0.869 -0.000i)  ( 0.154 -0.000i)  (-0.471 -0.000i) 
        ( 0.154 -0.000i)  (-0.820 -0.000i)  (-0.551 -0.000i) 
        (-0.471 -0.000i)  (-0.551 -0.000i)  ( 0.689 -0.000i) 

     39 ( 0.291 -0.000i)  (-0.600 -0.000i)  (-0.745 -0.000i) 
        ( 0.590 -0.000i)  (-0.500 -0.000i)  ( 0.634 -0.000i) 
        (-0.753 -0.000i)  (-0.625 -0.000i)  ( 0.208 -0.000i) 

     40 ( 0.802 -0.000i)  (-0.277 -0.000i)  ( 0.529 -0.000i) 
        (-0.495 -0.000i)  ( 0.186 -0.000i)  ( 0.848 -0.000i) 
        (-0.333 -0.000i)  (-0.943 -0.000i)  ( 0.012 -0.000i) 

     41 ( 0.494 -0.000i)  ( 0.867 -0.000i)  ( 0.069 -0.000i) 
        ( 0.222 -0.000i)  (-0.202 -0.000i)  ( 0.954 -0.000i) 
        ( 0.841 -0.000i)  (-0.456 -0.000i)  (-0.292 -0.000i) 

     42 ( 0.006 -0.000i)  ( 0.947 -0.000i)  (-0.320 -0.000i) 
        (-0.888 -0.000i)  ( 0.152 -0.000i)  ( 0.434 -0.000i) 
        ( 0.459 -0.000i)  ( 0.282 -0.000i)  ( 0.842 -0.000i) 

     43 ( 0.291 -0.000i)  ( 0.590 -0.000i)  (-0.753 -0.000i) 
        (-0.600 -0.000i)  (-0.500 -0.000i)  (-0.625 -0.000i) 
        (-0.745 -0.000i)  ( 0.634 -0.000i)  ( 0.208 -0.000i) 

     44 ( 0.779 -0.000i)  ( 0.510 -0.000i)  (-0.364 -0.000i) 
        ( 0.510 -0.000i)  (-0.854 -0.000i)  (-0.104 -0.000i) 
        (-0.364 -0.000i)  (-0.104 -0.000i)  (-0.926 -0.000i) 

     45 (-0.427 -0.000i)  (-0.525 -0.000i)  ( 0.736 -0.000i) 
        (-0.098 -0.000i)  ( 0.836 -0.000i)  ( 0.539 -0.000i) 
        (-0.899 -0.000i)  ( 0.158 -0.000i)  (-0.409 -0.000i) 

     46 (-0.791 -0.000i)  (-0.569 -0.000i)  ( 0.225 -0.000i) 
        (-0.569 -0.000i)  ( 0.550 -0.000i)  (-0.611 -0.000i) 
        ( 0.225 -0.000i)  (-0.611 -0.000i)  (-0.759 -0.000i) 

     47 (-0.358 -0.000i)  (-0.932 -0.000i)  (-0.052 -0.000i) 
        ( 0.477 -0.000i)  (-0.134 -0.000i)  (-0.869 -0.000i) 
        ( 0.803 -0.000i)  (-0.336 -0.000i)  ( 0.492 -0.000i) 

     48 ( 0.006 -0.000i)  (-0.888 -0.000i)  ( 0.459 -0.000i) 
        ( 0.947 -0.000i)  ( 0.152 -0.000i)  ( 0.282 -0.000i) 
        (-0.320 -0.000i)  ( 0.434 -0.000i)  ( 0.842 -0.000i) 

 18 (   1.948):

      1 ( 1.000 -0.000i)  ( 0.000 -0.000i)  (-0.000 -0.000i) 
        ( 0.000 -0.000i)  ( 1.000 -0.000i)  (-0.000 -0.000i) 
        (-0.000 -0.000i)  (-0.000 -0.000i)  ( 1.000 -0.000i) 

      2 (-0.396 -0.000i)  (-0.700 -0.000i)  (-0.594 -0.000i) 
        (-0.233 -0.000i)  (-0.549 -0.000i)  ( 0.803 -0.000i) 
        ( 0.888 -0.000i)  (-0.456 -0.000i)  (-0.055 -0.000i) 

      3 (-0.207 -0.000i)  ( 0.933 -0.000i)  (-0.294 -0.000i) 
        ( 0.933 -0.000i)  ( 0.098 -0.000i)  (-0.346 -0.000i) 
        (-0.294 -0.000i)  (-0.346 -0.000i)  (-0.891 -0.000i) 

      4 (-0.396 -0.000i)  (-0.233 -0.000i)  ( 0.888 -0.000i) 
        (-0.700 -0.000i)  (-0.549 -0.000i)  (-0.456 -0.000i) 
        (-0.594 -0.000i)  ( 0.803 -0.000i)  (-0.055 -0.000i) 

      5 (-0.096 -0.000i)  (-0.496 -0.000i)  ( 0.863 -0.000i) 
        (-0.496 -0.000i)  (-0.728 -0.000i)  (-0.473 -0.000i) 
        ( 0.863 -0.000i)  (-0.473 -0.000i)  (-0.176 -0.000i) 

      6 ( 0.920 -0.000i)  (-0.054 -0.000i)  (-0.388 -0.000i) 
        (-0.054 -0.000i)  ( 0.963 -0.000i)  (-0.264 -0.000i) 
        (-0.388 -0.000i)  (-0.264 -0.000i)  (-0.883 -0.000i) 

      7 (-0.697 -0.000i)  (-0.437 -0.000i)  (-0.569 -0.000i) 
        (-0.437 -0.000i)  (-0.370 -0.000i)  ( 0.820 -0.000i) 
        (-0.569 -0.000i)  ( 0.820 -0.000i)  ( 0.067 -0.000i) 

      8 (-0.127 -0.000i)  ( 0.987 -0.000i)  ( 0.094 -0.000i) 
        ( 0.987 -0.000i)  ( 0.135 -0.000i)  (-0.082 -0.000i) 
        ( 0.094 -0.000i)  (-0.082 -0.000i)  ( 0.992 -0.000i) 

      9 ( 0.930 -0.000i)  ( 0.001 -0.000i)  (-0.367 -0.000i) 
        (-0.321 -0.000i)  (-0.482 -0.000i)  (-0.815 -0.000i) 
        (-0.178 -0.000i)  ( 0.876 -0.000i)  (-0.448 -0.000i) 

     10 (-0.695 -0.000i)  (-0.484 -0.000i)  (-0.531 -0.000i) 
        (-0.484 -0.000i)  ( 0.862 -0.000i)  (-0.152 -0.000i) 
        (-0.531 -0.000i)  (-0.152 -0.000i)  ( 0.833 -0.000i) 

     11 (-0.084 -0.000i)  ( 0.995 -0.000i)  ( 0.053 -0.000i) 
        (-0.143 -0.000i)  (-0.064 -0.000i)  ( 0.988 -0.000i) 
        ( 0.986 -0.000i)  ( 0.075 -0.000i)  ( 0.148 -0.000i) 

     12 (-0.152 -0.000i)  (-0.512 -0.000i)  ( 0.846 -0.000i) 
        ( 0.949 -0.000i)  (-0.315 -0.000i)  (-0.020 -0.000i) 
        (-0.277 -0.000i)  (-0.799 -0.000i)  (-0.533 -0.000i) 

     13 (-0.407 -0.000i)  (-0.288 -0.000i)  ( 0.867 -0.000i) 
        (-0.434 -0.000i)  ( 0.896 -0.000i)  ( 0.095 -0.000i) 
        (-0.804 -0.000i)  (-0.337 -0.000i)  (-0.489 -0.000i) 

     14 ( 0.998 -0.000i)  ( 0.047 -0.000i)  (-0.037 -0.000i) 
        ( 0.047 -0.000i)  (-0.232 -0.000i)  ( 0.972 -0.000i) 
        (-0.037 -0.000i)  ( 0.972 -0.000i)  ( 0.233 -0.000i) 

     15 (-0.440 -0.000i)  (-0.708 -0.000i)  (-0.553 -0.000i) 
        ( 0.898 -0.000i)  (-0.350 -0.000i)  (-0.267 -0.000i) 
        (-0.004 -0.000i)  (-0.614 -0.000i)  ( 0.789 -0.000i) 

     16 (-0.152 -0.000i)  ( 0.949 -0.000i)  (-0.277 -0.000i) 
        (-0.512 -0.000i)  (-0.315 -0.000i)  (-0.799 -0.000i) 
        ( 0.846 -0.000i)  (-0.020 -0.000i)  (-0.533 -0.000i) 

     17 ( 0.930 -0.000i)  (-0.321 -0.000i)  (-0.178 -0.000i) 
        ( 0.001 -0.000i)  (-0.482 -0.000i)  ( 0.876 -0.000i) 
        (-0.367 -0.000i)  (-0.815 -0.000i)  (-0.448 -0.000i) 

     18 (-0.452 -0.000i)  (-0.394 -0.000i)  (-0.800 -0.000i) 
        ( 0.890 -0.000i)  (-0.136 -0.000i)  (-0.436 -0.000i) 
        (-0.063 -0.000i)  ( 0.909 -0.000i)  (-0.412 -0.000i) 

     19 (-0.440 -0.000i)  ( 0.898 -0.000i)  (-0.004 -0.000i) 
        (-0.708 -0.000i)  (-0.350 -0.000i)  (-0.614 -0.000i) 
        (-0.553 -0.000i)  (-0.267 -0.000i)  ( 0.789 -0.000i) 

     20 (-0.038 -0.000i)  (-0.183 -0.000i)  ( 0.982 -0.000i) 
        (-0.183 -0.000i)  ( 0.968 -0.000i)  ( 0.173 -0.000i) 
        ( 0.982 -0.000i)  ( 0.173 -0.000i)  ( 0.071 -0.000i) 

     21 (-0.084 -0.000i)  (-0.143 -0.000i)  ( 0.986 -0.000i) 
        ( 0.995 -0.000i)  (-0.064 -0.000i)  ( 0.075 -0.000i) 
        ( 0.053 -0.000i)  ( 0.988 -0.000i)  ( 0.148 -0.000i) 

     22 ( 0.942 -0.000i)  (-0.313 -0.000i)  (-0.119 -0.000i) 
        (-0.313 -0.000i)  (-0.696 -0.000i)  (-0.647 -0.000i) 
        (-0.119 -0.000i)  (-0.647 -0.000i)  ( 0.753 -0.000i) 

     23 (-0.407 -0.000i)  (-0.434 -0.000i)  (-0.804 -0.000i) 
        (-0.288 -0.000i)  ( 0.896 -0.000i)  (-0.337 -0.000i) 
        ( 0.867 -0.000i)  ( 0.095 -0.000i)  (-0.489 -0.000i) 

     24 (-0.452 -0.000i)  ( 0.890 -0.000i)  (-0.063 -0.000i) 
        (-0.394 -0.000i)  (-0.136 -0.000i)  ( 0.909 -0.000i) 
        (-0.800 -0.000i)  (-0.436 -0.000i)  (-0.412 -0.000i) 

     25 (-1.000 -0.000i)  (-0.000 -0.000i)  ( 0.000 -0.000i) 
        (-0.000 -0.000i)  (-1.000 -0.000i)  ( 0.000 -0.000i) 
        ( 0.000 -0.000i)  ( 0.000 -0.000i)  (-1.000 -0.000i) 

     26 ( 0.396 -0.000i)  ( 0.700 -0.000i)  ( 0.594 -0.000i) 
        ( 0.233 -0.000i)  ( 0.549 -0.000i)  (-0.803 -0.000i) 
        (-0.888 -0.000i)  ( 0.456 -0.000i)  ( 0.055 -0.000i) 

     27 ( 0.207 -0.000i)  (-0.933 -0.000i)  ( 0.294 -0.000i) 
        (-0.933 -0.000i)  (-0.098 -0.000i)  ( 0.346 -0.000i) 
        ( 0.294 -0.000i)  ( 0.346 -0.000i)  ( 0.891 -0.000i) 

     28 ( 0.396 -0.000i)  ( 0.233 -0.000i)  (-0.888 -0.000i) 
        ( 0.700 -0.000i)  ( 0.549 -0.000i)  ( 0.456 -0.000i) 
        ( 0.594 -0.000i)  (-0.803 -0.000i)  ( 0.055 -0.000i) 

     29 ( 0.096 -0.000i)  ( 0.496 -0.000i)  (-0.863 -0.000i) 
        ( 0.496 -0.000i)  ( 0.728 -0.000i)  ( 0.473 -0.000i) 
        (-0.863 -0.000i)  ( 0.473 -0.000i)  ( 0.176 -0.000i) 

     30 (-0.920 -0.000i)  ( 0.054 -0.000i)  ( 0.388 -0.000i) 
        ( 0.054 -0.000i)  (-0.963 -0.000i)  ( 0.264 -0.000i) 
        ( 0.388 -0.000i)  ( 0.264 -0.000i)  ( 0.883 -0.000i) 

     31 ( 0.697 -0.000i)  ( 0.437 -0.000i)  ( 0.569 -0.000i) 
        ( 0.437 -0.000i)  ( 0.370 -0.000i)  (-0.820 -0.000i) 
        ( 0.569 -0.000i)  (-0.820 -0.000i)  (-0.067 -0.000i) 

     32 ( 0.127 -0.000i)  (-0.987 -0.000i)  (-0.094 -0.000i) 
        (-0.987 -0.000i)  (-0.135 -0.000i)  ( 0.082 -0.000i) 
        (-0.094 -0.000i)  ( 0.082 -0.000i)  (-0.992 -0.000i) 

     33 (-0.930 -0.000i)  (-0.001 -0.000i)  ( 0.367 -0.000i) 
        ( 0.321 -0.000i)  ( 0.482 -0.000i)  ( 0.815 -0.000i) 
        ( 0.178 -0.000i)  (-0.876 -0.000i)  ( 0.448 -0.000i) 

     34 ( 0.695 -0.000i)  ( 0.484 -0.000i)  ( 0.531 -0.000i) 
        ( 0.484 -0.000i)  (-0.862 -0.000i)  ( 0.152 -0.000i) 
        ( 0.531 -0.000i)  ( 0.152 -0.000i)  (-0.833 -0.000i) 

     35 ( 0.084 -0.000i)  (-0.995 -0.000i)  (-0.053 -0.000i) 
        ( 0.143 -0.000i)  ( 0.064 -0.000i)  (-0.988 -0.000i) 
        (-0.986 -0.000i)  (-0.075 -0.000i)  (-0.148 -0.000i) 

     36 ( 0.152 -0.000i)  ( 0.512 -0.000i)  (-0.846 -0.000i) 
        (-0.949 -0.000i)  ( 0.315 -0.000i)  ( 0.020 -0.000i) 
        ( 0.277 -0.000i)  ( 0.799 -0.000i)  ( 0.533 -0.000i) 

     37 ( 0.407 -0.000i)  ( 0.288 -0.000i)  (-0.867 -0.000i) 
        ( 0.434 -0.000i)  (-0.896 -0.000i)  (-0.095 -0.000i) 
        ( 0.804 -0.000i)  ( 0.337 -0.000i)  ( 0.489 -0.000i) 

     38 (-0.998 -0.000i)  (-0.047 -0.000i)  ( 0.037 -0.000i) 
        (-0.047 -0.000i)  ( 0.232 -0.000i)  (-0.972 -0.000i) 
        ( 0.037 -0.000i)  (-0.972 -0.000i)  (-0.233 -0.000i) 

     39 ( 0.440 -0.000i)  ( 0.708 -0.000i)  ( 0.553 -0.000i) 
        (-0.898 -0.000i)  ( 0.350 -0.000i)  ( 0.267 -0.000i) 
        ( 0.004 -0.000i)  ( 0.614 -0.000i)  (-0.789 -0.000i) 

     40 ( 0.152 -0.000i)  (-0.949 -0.000i)  ( 0.277 -0.000i) 
        ( 0.512 -0.000i)  ( 0.315 -0.000i)  ( 0.799 -0.000i) 
        (-0.846 -0.000i)  ( 0.020 -0.000i)  ( 0.533 -0.000i) 

     41 (-0.930 -0.000i)  ( 0.321 -0.000i)  ( 0.178 -0.000i) 
        (-0.001 -0.000i)  ( 0.482 -0.000i)  (-0.876 -0.000i) 
        ( 0.367 -0.000i)  ( 0.815 -0.000i)  ( 0.448 -0.000i) 

     42 ( 0.452 -0.000i)  ( 0.394 -0.000i)  ( 0.800 -0.000i) 
        (-0.890 -0.000i)  ( 0.136 -0.000i)  ( 0.436 -0.000i) 
        ( 0.063 -0.000i)  (-0.909 -0.000i)  ( 0.412 -0.000i) 

     43 ( 0.440 -0.000i)  (-0.898 -0.000i)  ( 0.004 -0.000i) 
        ( 0.708 -0.000i)  ( 0.350 -0.000i)  ( 0.614 -0.000i) 
        ( 0.553 -0.000i)  ( 0.267 -0.000i)  (-0.789 -0.000i) 

     44 ( 0.038 -0.000i)  ( 0.183 -0.000i)  (-0.982 -0.000i) 
        ( 0.183 -0.000i)  (-0.968 -0.000i)  (-0.173 -0.000i) 
        (-0.982 -0.000i)  (-0.173 -0.000i)  (-0.071 -0.000i) 

     45 ( 0.084 -0.000i)  ( 0.143 -0.000i)  (-0.986 -0.000i) 
        (-0.995 -0.000i)  ( 0.064 -0.000i)  (-0.075 -0.000i) 
        (-0.053 -0.000i)  (-0.988 -0.000i)  (-0.148 -0.000i) 

     46 (-0.942 -0.000i)  ( 0.313 -0.000i)  ( 0.119 -0.000i) 
        ( 0.313 -0.000i)  ( 0.696 -0.000i)  ( 0.647 -0.000i) 
        ( 0.119 -0.000i)  ( 0.647 -0.000i)  (-0.753 -0.000i) 

     47 ( 0.407 -0.000i)  ( 0.434 -0.000i)  ( 0.804 -0.000i) 
        ( 0.288 -0.000i)  (-0.896 -0.000i)  ( 0.337 -0.000i) 
        (-0.867 -0.000i)  (-0.095 -0.000i)  ( 0.489 -0.000i) 

     48 ( 0.452 -0.000i)  (-0.890 -0.000i)  ( 0.063 -0.000i) 
        ( 0.394 -0.000i)  ( 0.136 -0.000i)  (-0.909 -0.000i) 
        ( 0.800 -0.000i)  ( 0.436 -0.000i)  ( 0.412 -0.000i) 

 21 (   2.015):

      1 ( 1.000 -0.000i)  (-0.000 -0.000i)  (-0.000 -0.000i) 
        (-0.000 -0.000i)  ( 1.000 -0.000i)  (-0.000 -0.000i) 
        (-0.000 -0.000i)  (-0.000 -0.000i)  ( 1.000 -0.000i) 

      2 ( 0.744 -0.000i)  (-0.610 -0.000i)  ( 0.274 -0.000i) 
        ( 0.361 -0.000i)  ( 0.021 -0.000i)  (-0.932 -0.000i) 
        ( 0.563 -0.000i)  ( 0.792 -0.000i)  ( 0.235 -0.000i) 

      3 ( 0.488 -0.000i)  (-0.249 -0.000i)  ( 0.837 -0.000i) 
        (-0.249 -0.000i)  (-0.958 -0.000i)  (-0.140 -0.000i) 
        ( 0.837 -0.000i)  (-0.140 -0.000i)  (-0.529 -0.000i) 

      4 ( 0.744 -0.000i)  ( 0.361 -0.000i)  ( 0.563 -0.000i) 
        (-0.610 -0.000i)  ( 0.021 -0.000i)  ( 0.792 -0.000i) 
        ( 0.274 -0.000i)  (-0.932 -0.000i)  ( 0.235 -0.000i) 

      5 (-0.488 -0.000i)  ( 0.249 -0.000i)  (-0.837 -0.000i) 
        ( 0.249 -0.000i)  (-0.879 -0.000i)  (-0.406 -0.000i) 
        (-0.837 -0.000i)  (-0.406 -0.000i)  ( 0.367 -0.000i) 

      6 (-0.744 -0.000i)  (-0.361 -0.000i)  (-0.563 -0.000i) 
        (-0.361 -0.000i)  (-0.492 -0.000i)  ( 0.792 -0.000i) 
        (-0.563 -0.000i)  ( 0.792 -0.000i)  ( 0.236 -0.000i) 

      7 (-1.000 -0.000i)  (-0.000 -0.000i)  (-0.000 -0.000i) 
        (-0.000 -0.000i)  ( 0.838 -0.000i)  ( 0.546 -0.000i) 
        (-0.000 -0.000i)  ( 0.546 -0.000i)  (-0.838 -0.000i) 

      8 (-0.744 -0.000i)  ( 0.610 -0.000i)  (-0.274 -0.000i) 
        ( 0.610 -0.000i)  ( 0.450 -0.000i)  (-0.653 -0.000i) 
        (-0.274 -0.000i)  (-0.653 -0.000i)  (-0.706 -0.000i) 

      9 (-0.437 -0.000i)  (-0.754 -0.000i)  (-0.491 -0.000i) 
        ( 0.273 -0.000i)  ( 0.409 -0.000i)  (-0.871 -0.000i) 
        ( 0.857 -0.000i)  (-0.514 -0.000i)  ( 0.027 -0.000i) 

     10 (-0.873 -0.000i)  (-0.139 -0.000i)  ( 0.467 -0.000i) 
        (-0.139 -0.000i)  (-0.848 -0.000i)  (-0.511 -0.000i) 
        ( 0.467 -0.000i)  (-0.511 -0.000i)  ( 0.721 -0.000i) 

     11 (-0.437 -0.000i)  ( 0.900 -0.000i)  ( 0.000 -0.000i) 
        (-0.697 -0.000i)  (-0.338 -0.000i)  ( 0.632 -0.000i) 
        ( 0.569 -0.000i)  ( 0.276 -0.000i)  ( 0.775 -0.000i) 

     12 ( 0.000 -0.000i)  ( 0.285 -0.000i)  (-0.959 -0.000i) 
        (-0.285 -0.000i)  ( 0.919 -0.000i)  ( 0.273 -0.000i) 
        ( 0.959 -0.000i)  ( 0.273 -0.000i)  ( 0.081 -0.000i) 

     13 ( 0.437 -0.000i)  ( 0.754 -0.000i)  ( 0.491 -0.000i) 
        ( 0.697 -0.000i)  ( 0.062 -0.000i)  (-0.714 -0.000i) 
        (-0.569 -0.000i)  ( 0.654 -0.000i)  (-0.498 -0.000i) 

     14 ( 0.873 -0.000i)  ( 0.139 -0.000i)  (-0.467 -0.000i) 
        ( 0.139 -0.000i)  (-0.990 -0.000i)  (-0.035 -0.000i) 
        (-0.467 -0.000i)  (-0.035 -0.000i)  (-0.883 -0.000i) 

     15 ( 0.437 -0.000i)  (-0.900 -0.000i)  (-0.000 -0.000i) 
        (-0.273 -0.000i)  (-0.133 -0.000i)  ( 0.953 -0.000i) 
        (-0.857 -0.000i)  (-0.416 -0.000i)  (-0.304 -0.000i) 

     16 (-0.000 -0.000i)  (-0.285 -0.000i)  ( 0.959 -0.000i) 
        ( 0.285 -0.000i)  ( 0.919 -0.000i)  ( 0.273 -0.000i) 
        (-0.959 -0.000i)  ( 0.273 -0.000i)  ( 0.081 -0.000i) 

     17 (-0.437 -0.000i)  ( 0.273 -0.000i)  ( 0.857 -0.000i) 
        (-0.754 -0.000i)  ( 0.409 -0.000i)  (-0.514 -0.000i) 
        (-0.491 -0.000i)  (-0.871 -0.000i)  ( 0.027 -0.000i) 

     18 ( 0.256 -0.000i)  ( 0.951 -0.000i)  (-0.173 -0.000i) 
        (-0.702 -0.000i)  ( 0.060 -0.000i)  (-0.709 -0.000i) 
        (-0.664 -0.000i)  ( 0.303 -0.000i)  ( 0.683 -0.000i) 

     19 ( 0.437 -0.000i)  (-0.273 -0.000i)  (-0.857 -0.000i) 
        (-0.900 -0.000i)  (-0.133 -0.000i)  (-0.416 -0.000i) 
        (-0.000 -0.000i)  ( 0.953 -0.000i)  (-0.304 -0.000i) 

     20 (-0.256 -0.000i)  (-0.951 -0.000i)  ( 0.173 -0.000i) 
        (-0.951 -0.000i)  ( 0.216 -0.000i)  (-0.221 -0.000i) 
        ( 0.173 -0.000i)  (-0.221 -0.000i)  (-0.960 -0.000i) 

     21 (-0.437 -0.000i)  (-0.697 -0.000i)  ( 0.569 -0.000i) 
        ( 0.900 -0.000i)  (-0.338 -0.000i)  ( 0.276 -0.000i) 
        ( 0.000 -0.000i)  ( 0.632 -0.000i)  ( 0.775 -0.000i) 

     22 (-0.256 -0.000i)  ( 0.702 -0.000i)  ( 0.664 -0.000i) 
        ( 0.702 -0.000i)  (-0.337 -0.000i)  ( 0.627 -0.000i) 
        ( 0.664 -0.000i)  ( 0.627 -0.000i)  (-0.407 -0.000i) 

     23 ( 0.437 -0.000i)  ( 0.697 -0.000i)  (-0.569 -0.000i) 
        ( 0.754 -0.000i)  ( 0.062 -0.000i)  ( 0.654 -0.000i) 
        ( 0.491 -0.000i)  (-0.714 -0.000i)  (-0.498 -0.000i) 

     24 ( 0.256 -0.000i)  (-0.702 -0.000i)  (-0.664 -0.000i) 
        ( 0.951 -0.000i)  ( 0.060 -0.000i)  ( 0.303 -0.000i) 
        (-0.173 -0.000i)  (-0.709 -0.000i)  ( 0.683 -0.000i) 

     25 (-1.000 -0.000i)  ( 0.000 -0.000i)  ( 0.000 -0.000i) 
        ( 0.000 -0.000i)  (-1.000 -0.000i)  ( 0.000 -0.000i) 
        ( 0.000 -0.000i)  ( 0.000 -0.000i)  (-1.000 -0.000i) 

     26 (-0.744 -0.000i)  ( 0.610 -0.000i)  (-0.274 -0.000i) 
        (-0.361 -0.000i)  (-0.021 -0.000i)  ( 0.932 -0.000i) 
        (-0.563 -0.000i)  (-0.792 -0.000i)  (-0.235 -0.000i) 

     27 (-0.488 -0.000i)  ( 0.249 -0.000i)  (-0.837 -0.000i) 
        ( 0.249 -0.000i)  ( 0.958 -0.000i)  ( 0.140 -0.000i) 
        (-0.837 -0.000i)  ( 0.140 -0.000i)  ( 0.529 -0.000i) 

     28 (-0.744 -0.000i)  (-0.361 -0.000i)  (-0.563 -0.000i) 
        ( 0.610 -0.000i)  (-0.021 -0.000i)  (-0.792 -0.000i) 
        (-0.274 -0.000i)  ( 0.932 -0.000i)  (-0.235 -0.000i) 

     29 ( 0.488 -0.000i)  (-0.249 -0.000i)  ( 0.837 -0.000i) 
        (-0.249 -0.000i)  ( 0.879 -0.000i)  ( 0.406 -0.000i) 
        ( 0.837 -0.000i)  ( 0.406 -0.000i)  (-0.367 -0.000i) 

     30 ( 0.744 -0.000i)  ( 0.361 -0.000i)  ( 0.563 -0.000i) 
        ( 0.361 -0.000i)  ( 0.492 -0.000i)  (-0.792 -0.000i) 
        ( 0.563 -0.000i)  (-0.792 -0.000i)  (-0.236 -0.000i) 

     31 ( 1.000 -0.000i)  ( 0.000 -0.000i)  ( 0.000 -0.000i) 
        ( 0.000 -0.000i)  (-0.838 -0.000i)  (-0.546 -0.000i) 
        ( 0.000 -0.000i)  (-0.546 -0.000i)  ( 0.838 -0.000i) 

     32 ( 0.744 -0.000i)  (-0.610 -0.000i)  ( 0.274 -0.000i) 
        (-0.610 -0.000i)  (-0.450 -0.000i)  ( 0.653 -0.000i) 
        ( 0.274 -0.000i)  ( 0.653 -0.000i)  ( 0.706 -0.000i) 

     33 ( 0.437 -0.000i)  ( 0.754 -0.000i)  ( 0.491 -0.000i) 
        (-0.273 -0.000i)  (-0.409 -0.000i)  ( 0.871 -0.000i) 
        (-0.857 -0.000i)  ( 0.514 -0.000i)  (-0.027 -0.000i) 

     34 ( 0.873 -0.000i)  ( 0.139 -0.000i)  (-0.467 -0.000i) 
        ( 0.139 -0.000i)  ( 0.848 -0.000i)  ( 0.511 -0.000i) 
        (-0.467 -0.000i)  ( 0.511 -0.000i)  (-0.721 -0.000i) 

     35 ( 0.437 -0.000i)  (-0.900 -0.000i)  (-0.000 -0.000i) 
        ( 0.697 -0.000i)  ( 0.338 -0.000i)  (-0.632 -0.000i) 
        (-0.569 -0.000i)  (-0.276 -0.000i)  (-0.775 -0.000i) 

     36 (-0.000 -0.000i)  (-0.285 -0.000i)  ( 0.959 -0.000i) 
        ( 0.285 -0.000i)  (-0.919 -0.000i)  (-0.273 -0.000i) 
        (-0.959 -0.000i)  (-0.273 -0.000i)  (-0.081 -0.000i) 

     37 (-0.437 -0.000i)  (-0.754 -0.000i)  (-0.491 -0.000i) 
        (-0.697 -0.000i)  (-0.062 -0.000i)  ( 0.714 -0.000i) 
        ( 0.569 -0.000i)  (-0.654 -0.000i)  ( 0.498 -0.000i) 

     38 (-0.873 -0.000i)  (-0.139 -0.000i)  ( 0.467 -0.000i) 
        (-0.139 -0.000i)  ( 0.990 -0.000i)  ( 0.035 -0.000i) 
        ( 0.467 -0.000i)  ( 0.035 -0.000i)  ( 0.883 -0.000i) 

     39 (-0.437 -0.000i)  ( 0.900 -0.000i)  ( 0.000 -0.000i) 
        ( 0.273 -0.000i)  ( 0.133 -0.000i)  (-0.953 -0.000i) 
        ( 0.857 -0.000i)  ( 0.416 -0.000i)  ( 0.304 -0.000i) 

     40 ( 0.000 -0.000i)  ( 0.285 -0.000i)  (-0.959 -0.000i) 
        (-0.285 -0.000i)  (-0.919 -0.000i)  (-0.273 -0.000i) 
        ( 0.959 -0.000i)  (-0.273 -0.000i)  (-0.081 -0.000i) 

     41 ( 0.437 -0.000i)  (-0.273 -0.000i)  (-0.857 -0.000i) 
        ( 0.754 -0.000i)  (-0.409 -0.000i)  ( 0.514 -0.000i) 
        ( 0.491 -0.000i)  ( 0.871 -0.000i)  (-0.027 -0.000i) 

     42 (-0.256 -0.000i)  (-0.951 -0.000i)  ( 0.173 -0.000i) 
        ( 0.702 -0.000i)  (-0.060 -0.000i)  ( 0.709 -0.000i) 
        ( 0.664 -0.000i)  (-0.303 -0.000i)  (-0.683 -0.000i) 

     43 (-0.437 -0.000i)  ( 0.273 -0.000i)  ( 0.857 -0.000i) 
        ( 0.900 -0.000i)  ( 0.133 -0.000i)  ( 0.416 -0.000i) 
        ( 0.000 -0.000i)  (-0.953 -0.000i)  ( 0.304 -0.000i) 

     44 ( 0.256 -0.000i)  ( 0.951 -0.000i)  (-0.173 -0.000i) 
        ( 0.951 -0.000i)  (-0.216 -0.000i)  ( 0.221 -0.000i) 
        (-0.173 -0.000i)  ( 0.221 -0.000i)  ( 0.960 -0.000i) 

     45 ( 0.437 -0.000i)  ( 0.697 -0.000i)  (-0.569 -0.000i) 
        (-0.900 -0.000i)  ( 0.338 -0.000i)  (-0.276 -0.000i) 
        (-0.000 -0.000i)  (-0.632 -0.000i)  (-0.775 -0.000i) 

     46 ( 0.256 -0.000i)  (-0.702 -0.000i)  (-0.664 -0.000i) 
        (-0.702 -0.000i)  ( 0.337 -0.000i)  (-0.627 -0.000i) 
        (-0.664 -0.000i)  (-0.627 -0.000i)  ( 0.407 -0.000i) 

     47 (-0.437 -0.000i)  (-0.697 -0.000i)  ( 0.569 -0.000i) 
        (-0.754 -0.000i)  (-0.062 -0.000i)  (-0.654 -0.000i) 
        (-0.491 -0.000i)  ( 0.714 -0.000i)  ( 0.498 -0.000i) 

     48 (-0.256 -0.000i)  ( 0.702 -0.000i)  ( 0.664 -0.000i) 
        (-0.951 -0.000i)  (-0.060 -0.000i)  (-0.303 -0.000i) 
        ( 0.173 -0.000i)  ( 0.709 -0.000i)  (-0.683 -0.000i) 

 24 (   2.617):

      1 ( 1.000 -0.000i)  ( 0.000 -0.000i)  (-0.000 -0.000i) 
        ( 0.000 -0.000i)  ( 1.000 -0.000i)  (-0.000 -0.000i) 
        (-0.000 -0.000i)  (-0.000 -0.000i)  ( 1.000 -0.000i) 

      2 ( 0.067 -0.000i)  ( 0.929 -0.000i)  (-0.365 -0.000i) 
        (-0.989 -0.000i)  ( 0.014 -0.000i)  (-0.146 -0.000i) 
        (-0.131 -0.000i)  ( 0.371 -0.000i)  ( 0.919 -0.000i) 

      3 (-0.866 -0.000i)  (-0.061 -0.000i)  (-0.496 -0.000i) 
        (-0.061 -0.000i)  (-0.972 -0.000i)  ( 0.225 -0.000i) 
        (-0.496 -0.000i)  ( 0.225 -0.000i)  ( 0.839 -0.000i) 

      4 ( 0.067 -0.000i)  (-0.989 -0.000i)  (-0.131 -0.000i) 
        ( 0.929 -0.000i)  ( 0.014 -0.000i)  ( 0.371 -0.000i) 
        (-0.365 -0.000i)  (-0.146 -0.000i)  ( 0.919 -0.000i) 

      5 ( 0.866 -0.000i)  ( 0.061 -0.000i)  ( 0.496 -0.000i) 
        ( 0.061 -0.000i)  (-0.998 -0.000i)  ( 0.016 -0.000i) 
        ( 0.496 -0.000i)  ( 0.016 -0.000i)  (-0.868 -0.000i) 

      6 (-0.067 -0.000i)  ( 0.989 -0.000i)  ( 0.131 -0.000i) 
        ( 0.989 -0.000i)  ( 0.049 -0.000i)  ( 0.138 -0.000i) 
        ( 0.131 -0.000i)  ( 0.138 -0.000i)  (-0.982 -0.000i) 

      7 (-1.000 -0.000i)  (-0.000 -0.000i)  ( 0.000 -0.000i) 
        (-0.000 -0.000i)  ( 0.970 -0.000i)  (-0.241 -0.000i) 
        ( 0.000 -0.000i)  (-0.241 -0.000i)  (-0.970 -0.000i) 

      8 (-0.067 -0.000i)  (-0.929 -0.000i)  ( 0.365 -0.000i) 
        (-0.929 -0.000i)  (-0.076 -0.000i)  (-0.363 -0.000i) 
        ( 0.365 -0.000i)  (-0.363 -0.000i)  (-0.857 -0.000i) 

      9 ( 0.250 -0.000i)  (-0.370 -0.000i)  (-0.895 -0.000i) 
        (-0.951 -0.000i)  ( 0.082 -0.000i)  (-0.299 -0.000i) 
        ( 0.184 -0.000i)  ( 0.925 -0.000i)  (-0.331 -0.000i) 

     10 ( 0.499 -0.000i)  (-0.105 -0.000i)  (-0.860 -0.000i) 
        (-0.105 -0.000i)  (-0.993 -0.000i)  ( 0.060 -0.000i) 
        (-0.860 -0.000i)  ( 0.060 -0.000i)  (-0.507 -0.000i) 

     11 ( 0.250 -0.000i)  ( 0.143 -0.000i)  (-0.958 -0.000i) 
        ( 0.967 -0.000i)  (-0.089 -0.000i)  ( 0.239 -0.000i) 
        (-0.051 -0.000i)  (-0.986 -0.000i)  (-0.161 -0.000i) 

     12 (-0.000 -0.000i)  (-0.121 -0.000i)  (-0.993 -0.000i) 
        ( 0.121 -0.000i)  ( 0.985 -0.000i)  (-0.121 -0.000i) 
        ( 0.993 -0.000i)  (-0.121 -0.000i)  ( 0.015 -0.000i) 

     13 (-0.250 -0.000i)  ( 0.370 -0.000i)  ( 0.895 -0.000i) 
        (-0.967 -0.000i)  (-0.144 -0.000i)  (-0.210 -0.000i) 
        ( 0.051 -0.000i)  (-0.918 -0.000i)  ( 0.394 -0.000i) 

     14 (-0.499 -0.000i)  ( 0.105 -0.000i)  ( 0.860 -0.000i) 
        ( 0.105 -0.000i)  (-0.978 -0.000i)  ( 0.181 -0.000i) 
        ( 0.860 -0.000i)  ( 0.181 -0.000i)  ( 0.477 -0.000i) 

     15 (-0.250 -0.000i)  (-0.143 -0.000i)  ( 0.958 -0.000i) 
        ( 0.951 -0.000i)  ( 0.151 -0.000i)  ( 0.271 -0.000i) 
        (-0.184 -0.000i)  ( 0.978 -0.000i)  ( 0.098 -0.000i) 

     16 (-0.000 -0.000i)  ( 0.121 -0.000i)  ( 0.993 -0.000i) 
        (-0.121 -0.000i)  ( 0.985 -0.000i)  (-0.121 -0.000i) 
        (-0.993 -0.000i)  (-0.121 -0.000i)  ( 0.015 -0.000i) 

     17 ( 0.250 -0.000i)  (-0.951 -0.000i)  ( 0.184 -0.000i) 
        (-0.370 -0.000i)  ( 0.082 -0.000i)  ( 0.925 -0.000i) 
        (-0.895 -0.000i)  (-0.299 -0.000i)  (-0.331 -0.000i) 

     18 ( 0.933 -0.000i)  ( 0.287 -0.000i)  ( 0.216 -0.000i) 
        (-0.226 -0.000i)  ( 0.001 -0.000i)  ( 0.974 -0.000i) 
        ( 0.279 -0.000i)  (-0.958 -0.000i)  ( 0.066 -0.000i) 

     19 (-0.250 -0.000i)  ( 0.951 -0.000i)  (-0.184 -0.000i) 
        (-0.143 -0.000i)  ( 0.151 -0.000i)  ( 0.978 -0.000i) 
        ( 0.958 -0.000i)  ( 0.271 -0.000i)  ( 0.098 -0.000i) 

     20 (-0.933 -0.000i)  (-0.287 -0.000i)  (-0.216 -0.000i) 
        (-0.287 -0.000i)  ( 0.232 -0.000i)  ( 0.929 -0.000i) 
        (-0.216 -0.000i)  ( 0.929 -0.000i)  (-0.299 -0.000i) 

     21 ( 0.250 -0.000i)  ( 0.967 -0.000i)  (-0.051 -0.000i) 
        ( 0.143 -0.000i)  (-0.089 -0.000i)  (-0.986 -0.000i) 
        (-0.958 -0.000i)  ( 0.239 -0.000i)  (-0.161 -0.000i) 

     22 (-0.933 -0.000i)  ( 0.226 -0.000i)  (-0.279 -0.000i) 
        ( 0.226 -0.000i)  (-0.234 -0.000i)  (-0.946 -0.000i) 
        (-0.279 -0.000i)  (-0.946 -0.000i)  ( 0.167 -0.000i) 

     23 (-0.250 -0.000i)  (-0.967 -0.000i)  ( 0.051 -0.000i) 
        ( 0.370 -0.000i)  (-0.144 -0.000i)  (-0.918 -0.000i) 
        ( 0.895 -0.000i)  (-0.210 -0.000i)  ( 0.394 -0.000i) 

     24 ( 0.933 -0.000i)  (-0.226 -0.000i)  ( 0.279 -0.000i) 
        ( 0.287 -0.000i)  ( 0.001 -0.000i)  (-0.958 -0.000i) 
        ( 0.216 -0.000i)  ( 0.974 -0.000i)  ( 0.066 -0.000i) 

     25 ( 1.000 -0.000i)  ( 0.000 -0.000i)  (-0.000 -0.000i) 
        ( 0.000 -0.000i)  ( 1.000 -0.000i)  (-0.000 -0.000i) 
        (-0.000 -0.000i)  (-0.000 -0.000i)  ( 1.000 -0.000i) 

     26 ( 0.067 -0.000i)  ( 0.929 -0.000i)  (-0.365 -0.000i) 
        (-0.989 -0.000i)  ( 0.014 -0.000i)  (-0.146 -0.000i) 
        (-0.131 -0.000i)  ( 0.371 -0.000i)  ( 0.919 -0.000i) 

     27 (-0.866 -0.000i)  (-0.061 -0.000i)  (-0.496 -0.000i) 
        (-0.061 -0.000i)  (-0.972 -0.000i)  ( 0.225 -0.000i) 
        (-0.496 -0.000i)  ( 0.225 -0.000i)  ( 0.839 -0.000i) 

     28 ( 0.067 -0.000i)  (-0.989 -0.000i)  (-0.131 -0.000i) 
        ( 0.929 -0.000i)  ( 0.014 -0.000i)  ( 0.371 -0.000i) 
        (-0.365 -0.000i)  (-0.146 -0.000i)  ( 0.919 -0.000i) 

     29 ( 0.866 -0.000i)  ( 0.061 -0.000i)  ( 0.496 -0.000i) 
        ( 0.061 -0.000i)  (-0.998 -0.000i)  ( 0.016 -0.000i) 
        ( 0.496 -0.000i)  ( 0.016 -0.000i)  (-0.868 -0.000i) 

     30 (-0.067 -0.000i)  ( 0.989 -0.000i)  ( 0.131 -0.000i) 
        ( 0.989 -0.000i)  ( 0.049 -0.000i)  ( 0.138 -0.000i) 
        ( 0.131 -0.000i)  ( 0.138 -0.000i)  (-0.982 -0.000i) 

     31 (-1.000 -0.000i)  (-0.000 -0.000i)  ( 0.000 -0.000i) 
        (-0.000 -0.000i)  ( 0.970 -0.000i)  (-0.241 -0.000i) 
        ( 0.000 -0.000i)  (-0.241 -0.000i)  (-0.970 -0.000i) 

     32 (-0.067 -0.000i)  (-0.929 -0.000i)  ( 0.365 -0.000i) 
        (-0.929 -0.000i)  (-0.076 -0.000i)  (-0.363 -0.000i) 
        ( 0.365 -0.000i)  (-0.363 -0.000i)  (-0.857 -0.000i) 

     33 ( 0.250 -0.000i)  (-0.370 -0.000i)  (-0.895 -0.000i) 
        (-0.951 -0.000i)  ( 0.082 -0.000i)  (-0.299 -0.000i) 
        ( 0.184 -0.000i)  ( 0.925 -0.000i)  (-0.331 -0.000i) 

     34 ( 0.499 -0.000i)  (-0.105 -0.000i)  (-0.860 -0.000i) 
        (-0.105 -0.000i)  (-0.993 -0.000i)  ( 0.060 -0.000i) 
        (-0.860 -0.000i)  ( 0.060 -0.000i)  (-0.507 -0.000i) 

     35 ( 0.250 -0.000i)  ( 0.143 -0.000i)  (-0.958 -0.000i) 
        ( 0.967 -0.000i)  (-0.089 -0.000i)  ( 0.239 -0.000i) 
        (-0.051 -0.000i)  (-0.986 -0.000i)  (-0.161 -0.000i) 

     36 (-0.000 -0.000i)  (-0.121 -0.000i)  (-0.993 -0.000i) 
        ( 0.121 -0.000i)  ( 0.985 -0.000i)  (-0.121 -0.000i) 
        ( 0.993 -0.000i)  (-0.121 -0.000i)  ( 0.015 -0.000i) 

     37 (-0.250 -0.000i)  ( 0.370 -0.000i)  ( 0.895 -0.000i) 
        (-0.967 -0.000i)  (-0.144 -0.000i)  (-0.210 -0.000i) 
        ( 0.051 -0.000i)  (-0.918 -0.000i)  ( 0.394 -0.000i) 

     38 (-0.499 -0.000i)  ( 0.105 -0.000i)  ( 0.860 -0.000i) 
        ( 0.105 -0.000i)  (-0.978 -0.000i)  ( 0.181 -0.000i) 
        ( 0.860 -0.000i)  ( 0.181 -0.000i)  ( 0.477 -0.000i) 

     39 (-0.250 -0.000i)  (-0.143 -0.000i)  ( 0.958 -0.000i) 
        ( 0.951 -0.000i)  ( 0.151 -0.000i)  ( 0.271 -0.000i) 
        (-0.184 -0.000i)  ( 0.978 -0.000i)  ( 0.098 -0.000i) 

     40 (-0.000 -0.000i)  ( 0.121 -0.000i)  ( 0.993 -0.000i) 
        (-0.121 -0.000i)  ( 0.985 -0.000i)  (-0.121 -0.000i) 
        (-0.993 -0.000i)  (-0.121 -0.000i)  ( 0.015 -0.000i) 

     41 ( 0.250 -0.000i)  (-0.951 -0.000i)  ( 0.184 -0.000i) 
        (-0.370 -0.000i)  ( 0.082 -0.000i)  ( 0.925 -0.000i) 
        (-0.895 -0.000i)  (-0.299 -0.000i)  (-0.331 -0.000i) 

     42 ( 0.933 -0.000i)  ( 0.287 -0.000i)  ( 0.216 -0.000i) 
        (-0.226 -0.000i)  ( 0.001 -0.000i)  ( 0.974 -0.000i) 
        ( 0.279 -0.000i)  (-0.958 -0.000i)  ( 0.066 -0.000i) 

     43 (-0.250 -0.000i)  ( 0.951 -0.000i)  (-0.184 -0.000i) 
        (-0.143 -0.000i)  ( 0.151 -0.000i)  ( 0.978 -0.000i) 
        ( 0.958 -0.000i)  ( 0.271 -0.000i)  ( 0.098 -0.000i) 

     44 (-0.933 -0.000i)  (-0.287 -0.000i)  (-0.216 -0.000i) 
        (-0.287 -0.000i)  ( 0.232 -0.000i)  ( 0.929 -0.000i) 
        (-0.216 -0.000i)  ( 0.929 -0.000i)  (-0.299 -0.000i) 

     45 ( 0.250 -0.000i)  ( 0.967 -0.000i)  (-0.051 -0.000i) 
        ( 0.143 -0.000i)  (-0.089 -0.000i)  (-0.986 -0.000i) 
        (-0.958 -0.000i)  ( 0.239 -0.000i)  (-0.161 -0.000i) 

     46 (-0.933 -0.000i)  ( 0.226 -0.000i)  (-0.279 -0.000i) 
        ( 0.226 -0.000i)  (-0.234 -0.000i)  (-0.946 -0.000i) 
        (-0.279 -0.000i)  (-0.946 -0.000i)  ( 0.167 -0.000i) 

     47 (-0.250 -0.000i)  (-0.967 -0.000i)  ( 0.051 -0.000i) 
        ( 0.370 -0.000i)  (-0.144 -0.000i)  (-0.918 -0.000i) 
        ( 0.895 -0.000i)  (-0.210 -0.000i)  ( 0.394 -0.000i) 

     48 ( 0.933 -0.000i)  (-0.226 -0.000i)  ( 0.279 -0.000i) 
        ( 0.287 -0.000i)  ( 0.001 -0.000i)  (-0.958 -0.000i) 
        ( 0.216 -0.000i)  ( 0.974 -0.000i)  ( 0.066 -0.000i) 

 27 (   2.885):

      1 ( 1.000 -0.000i)  (-0.000 -0.000i)  (-0.000 -0.000i) 
        ( 0.000 -0.000i)  ( 1.000 -0.000i)  ( 0.000 -0.000i) 
        (-0.000 -0.000i)  ( 0.000 -0.000i)  ( 1.000 -0.000i) 

      2 (-0.161 -0.000i)  (-0.889 -0.000i)  (-0.429 -0.000i) 
        ( 0.345 -0.000i)  (-0.458 -0.000i)  ( 0.819 -0.000i) 
        ( 0.925 -0.000i)  ( 0.016 -0.000i)  (-0.381 -0.000i) 

      3 (-0.677 -0.000i)  ( 0.544 -0.000i)  (-0.496 -0.000i) 
        ( 0.544 -0.000i)  (-0.084 -0.000i)  (-0.835 -0.000i) 
        (-0.496 -0.000i)  (-0.835 -0.000i)  (-0.238 -0.000i) 

      4 (-0.161 -0.000i)  ( 0.345 -0.000i)  ( 0.925 -0.000i) 
        (-0.889 -0.000i)  (-0.458 -0.000i)  ( 0.016 -0.000i) 
        (-0.429 -0.000i)  ( 0.819 -0.000i)  (-0.381 -0.000i) 

      5 ( 0.677 -0.000i)  (-0.544 -0.000i)  ( 0.496 -0.000i) 
        (-0.544 -0.000i)  (-0.824 -0.000i)  (-0.161 -0.000i) 
        ( 0.496 -0.000i)  (-0.161 -0.000i)  (-0.853 -0.000i) 

      6 ( 0.161 -0.000i)  (-0.345 -0.000i)  (-0.925 -0.000i) 
        (-0.345 -0.000i)  ( 0.858 -0.000i)  (-0.381 -0.000i) 
        (-0.925 -0.000i)  (-0.381 -0.000i)  (-0.019 -0.000i) 

      7 (-1.000 -0.000i)  ( 0.000 -0.000i)  ( 0.000 -0.000i) 
        ( 0.000 -0.000i)  (-0.092 -0.000i)  ( 0.996 -0.000i) 
        ( 0.000 -0.000i)  ( 0.996 -0.000i)  ( 0.092 -0.000i) 

      8 ( 0.161 -0.000i)  ( 0.889 -0.000i)  ( 0.429 -0.000i) 
        ( 0.889 -0.000i)  ( 0.058 -0.000i)  (-0.454 -0.000i) 
        ( 0.429 -0.000i)  (-0.454 -0.000i)  ( 0.781 -0.000i) 

      9 ( 0.368 -0.000i)  ( 0.349 -0.000i)  (-0.862 -0.000i) 
        (-0.736 -0.000i)  (-0.457 -0.000i)  (-0.499 -0.000i) 
        (-0.568 -0.000i)  ( 0.818 -0.000i)  ( 0.089 -0.000i) 

     10 (-0.736 -0.000i)  (-0.500 -0.000i)  ( 0.456 -0.000i) 
        (-0.500 -0.000i)  ( 0.856 -0.000i)  ( 0.132 -0.000i) 
        ( 0.456 -0.000i)  ( 0.132 -0.000i)  ( 0.880 -0.000i) 

     11 ( 0.368 -0.000i)  ( 0.890 -0.000i)  (-0.268 -0.000i) 
        ( 0.498 -0.000i)  ( 0.055 -0.000i)  ( 0.866 -0.000i) 
        ( 0.785 -0.000i)  (-0.452 -0.000i)  (-0.423 -0.000i) 

     12 (-0.000 -0.000i)  (-0.739 -0.000i)  ( 0.674 -0.000i) 
        ( 0.739 -0.000i)  (-0.454 -0.000i)  (-0.498 -0.000i) 
        (-0.674 -0.000i)  (-0.498 -0.000i)  (-0.546 -0.000i) 

     13 (-0.368 -0.000i)  (-0.349 -0.000i)  ( 0.862 -0.000i) 
        (-0.498 -0.000i)  ( 0.857 -0.000i)  ( 0.134 -0.000i) 
        (-0.785 -0.000i)  (-0.380 -0.000i)  (-0.489 -0.000i) 

     14 ( 0.736 -0.000i)  ( 0.500 -0.000i)  (-0.456 -0.000i) 
        ( 0.500 -0.000i)  ( 0.052 -0.000i)  ( 0.864 -0.000i) 
        (-0.456 -0.000i)  ( 0.864 -0.000i)  ( 0.212 -0.000i) 

     15 (-0.368 -0.000i)  (-0.890 -0.000i)  ( 0.268 -0.000i) 
        ( 0.736 -0.000i)  (-0.455 -0.000i)  (-0.501 -0.000i) 
        ( 0.568 -0.000i)  ( 0.013 -0.000i)  ( 0.823 -0.000i) 

     16 (-0.000 -0.000i)  ( 0.739 -0.000i)  (-0.674 -0.000i) 
        (-0.739 -0.000i)  (-0.454 -0.000i)  (-0.498 -0.000i) 
        ( 0.674 -0.000i)  (-0.498 -0.000i)  (-0.546 -0.000i) 

     17 ( 0.368 -0.000i)  (-0.736 -0.000i)  (-0.568 -0.000i) 
        ( 0.349 -0.000i)  (-0.457 -0.000i)  ( 0.818 -0.000i) 
        (-0.862 -0.000i)  (-0.499 -0.000i)  ( 0.089 -0.000i) 

     18 (-0.839 -0.000i)  ( 0.001 -0.000i)  (-0.545 -0.000i) 
        ( 0.543 -0.000i)  (-0.088 -0.000i)  (-0.835 -0.000i) 
        ( 0.049 -0.000i)  ( 0.996 -0.000i)  (-0.073 -0.000i) 

     19 (-0.368 -0.000i)  ( 0.736 -0.000i)  ( 0.568 -0.000i) 
        (-0.890 -0.000i)  (-0.455 -0.000i)  ( 0.013 -0.000i) 
        ( 0.268 -0.000i)  (-0.501 -0.000i)  ( 0.823 -0.000i) 

     20 ( 0.839 -0.000i)  (-0.001 -0.000i)  ( 0.545 -0.000i) 
        (-0.001 -0.000i)  ( 1.000 -0.000i)  ( 0.004 -0.000i) 
        ( 0.545 -0.000i)  ( 0.004 -0.000i)  (-0.839 -0.000i) 

     21 ( 0.368 -0.000i)  ( 0.498 -0.000i)  ( 0.785 -0.000i) 
        ( 0.890 -0.000i)  ( 0.055 -0.000i)  (-0.452 -0.000i) 
        (-0.268 -0.000i)  ( 0.866 -0.000i)  (-0.423 -0.000i) 

     22 ( 0.839 -0.000i)  (-0.543 -0.000i)  (-0.049 -0.000i) 
        (-0.543 -0.000i)  (-0.824 -0.000i)  (-0.165 -0.000i) 
        (-0.049 -0.000i)  (-0.165 -0.000i)  ( 0.985 -0.000i) 

     23 (-0.368 -0.000i)  (-0.498 -0.000i)  (-0.785 -0.000i) 
        (-0.349 -0.000i)  ( 0.857 -0.000i)  (-0.380 -0.000i) 
        ( 0.862 -0.000i)  ( 0.134 -0.000i)  (-0.489 -0.000i) 

     24 (-0.839 -0.000i)  ( 0.543 -0.000i)  ( 0.049 -0.000i) 
        ( 0.001 -0.000i)  (-0.088 -0.000i)  ( 0.996 -0.000i) 
        (-0.545 -0.000i)  (-0.835 -0.000i)  (-0.073 -0.000i) 

     25 (-1.000 -0.000i)  ( 0.000 -0.000i)  ( 0.000 -0.000i) 
        ( 0.000 -0.000i)  (-1.000 -0.000i)  (-0.000 -0.000i) 
        ( 0.000 -0.000i)  (-0.000 -0.000i)  (-1.000 -0.000i) 

     26 ( 0.161 -0.000i)  ( 0.889 -0.000i)  ( 0.429 -0.000i) 
        (-0.345 -0.000i)  ( 0.458 -0.000i)  (-0.819 -0.000i) 
        (-0.925 -0.000i)  (-0.016 -0.000i)  ( 0.381 -0.000i) 

     27 ( 0.677 -0.000i)  (-0.544 -0.000i)  ( 0.496 -0.000i) 
        (-0.544 -0.000i)  ( 0.084 -0.000i)  ( 0.835 -0.000i) 
        ( 0.496 -0.000i)  ( 0.835 -0.000i)  ( 0.238 -0.000i) 

     28 ( 0.161 -0.000i)  (-0.345 -0.000i)  (-0.925 -0.000i) 
        ( 0.889 -0.000i)  ( 0.458 -0.000i)  (-0.016 -0.000i) 
        ( 0.429 -0.000i)  (-0.819 -0.000i)  ( 0.381 -0.000i) 

     29 (-0.677 -0.000i)  ( 0.544 -0.000i)  (-0.496 -0.000i) 
        ( 0.544 -0.000i)  ( 0.824 -0.000i)  ( 0.161 -0.000i) 
        (-0.496 -0.000i)  ( 0.161 -0.000i)  ( 0.853 -0.000i) 

     30 (-0.161 -0.000i)  ( 0.345 -0.000i)  ( 0.925 -0.000i) 
        ( 0.345 -0.000i)  (-0.858 -0.000i)  ( 0.381 -0.000i) 
        ( 0.925 -0.000i)  ( 0.381 -0.000i)  ( 0.019 -0.000i) 

     31 ( 1.000 -0.000i)  (-0.000 -0.000i)  (-0.000 -0.000i) 
        (-0.000 -0.000i)  ( 0.092 -0.000i)  (-0.996 -0.000i) 
        (-0.000 -0.000i)  (-0.996 -0.000i)  (-0.092 -0.000i) 

     32 (-0.161 -0.000i)  (-0.889 -0.000i)  (-0.429 -0.000i) 
        (-0.889 -0.000i)  (-0.058 -0.000i)  ( 0.454 -0.000i) 
        (-0.429 -0.000i)  ( 0.454 -0.000i)  (-0.781 -0.000i) 

     33 (-0.368 -0.000i)  (-0.349 -0.000i)  ( 0.862 -0.000i) 
        ( 0.736 -0.000i)  ( 0.457 -0.000i)  ( 0.499 -0.000i) 
        ( 0.568 -0.000i)  (-0.818 -0.000i)  (-0.089 -0.000i) 

     34 ( 0.736 -0.000i)  ( 0.500 -0.000i)  (-0.456 -0.000i) 
        ( 0.500 -0.000i)  (-0.856 -0.000i)  (-0.132 -0.000i) 
        (-0.456 -0.000i)  (-0.132 -0.000i)  (-0.880 -0.000i) 

     35 (-0.368 -0.000i)  (-0.890 -0.000i)  ( 0.268 -0.000i) 
        (-0.498 -0.000i)  (-0.055 -0.000i)  (-0.866 -0.000i) 
        (-0.785 -0.000i)  ( 0.452 -0.000i)  ( 0.423 -0.000i) 

     36 (-0.000 -0.000i)  ( 0.739 -0.000i)  (-0.674 -0.000i) 
        (-0.739 -0.000i)  ( 0.454 -0.000i)  ( 0.498 -0.000i) 
        ( 0.674 -0.000i)  ( 0.498 -0.000i)  ( 0.546 -0.000i) 

     37 ( 0.368 -0.000i)  ( 0.349 -0.000i)  (-0.862 -0.000i) 
        ( 0.498 -0.000i)  (-0.857 -0.000i)  (-0.134 -0.000i) 
        ( 0.785 -0.000i)  ( 0.380 -0.000i)  ( 0.489 -0.000i) 

     38 (-0.736 -0.000i)  (-0.500 -0.000i)  ( 0.456 -0.000i) 
        (-0.500 -0.000i)  (-0.052 -0.000i)  (-0.864 -0.000i) 
        ( 0.456 -0.000i)  (-0.864 -0.000i)  (-0.212 -0.000i) 

     39 ( 0.368 -0.000i)  ( 0.890 -0.000i)  (-0.268 -0.000i) 
        (-0.736 -0.000i)  ( 0.455 -0.000i)  ( 0.501 -0.000i) 
        (-0.568 -0.000i)  (-0.013 -0.000i)  (-0.823 -0.000i) 

     40 ( 0.000 -0.000i)  (-0.739 -0.000i)  ( 0.674 -0.000i) 
        ( 0.739 -0.000i)  ( 0.454 -0.000i)  ( 0.498 -0.000i) 
        (-0.674 -0.000i)  ( 0.498 -0.000i)  ( 0.546 -0.000i) 

     41 (-0.368 -0.000i)  ( 0.736 -0.000i)  ( 0.568 -0.000i) 
        (-0.349 -0.000i)  ( 0.457 -0.000i)  (-0.818 -0.000i) 
        ( 0.862 -0.000i)  ( 0.499 -0.000i)  (-0.089 -0.000i) 

     42 ( 0.839 -0.000i)  (-0.001 -0.000i)  ( 0.545 -0.000i) 
        (-0.543 -0.000i)  ( 0.088 -0.000i)  ( 0.835 -0.000i) 
        (-0.049 -0.000i)  (-0.996 -0.000i)  ( 0.073 -0.000i) 

     43 ( 0.368 -0.000i)  (-0.736 -0.000i)  (-0.568 -0.000i) 
        ( 0.890 -0.000i)  ( 0.455 -0.000i)  (-0.013 -0.000i) 
        (-0.268 -0.000i)  ( 0.501 -0.000i)  (-0.823 -0.000i) 

     44 (-0.839 -0.000i)  ( 0.001 -0.000i)  (-0.545 -0.000i) 
        ( 0.001 -0.000i)  (-1.000 -0.000i)  (-0.004 -0.000i) 
        (-0.545 -0.000i)  (-0.004 -0.000i)  ( 0.839 -0.000i) 

     45 (-0.368 -0.000i)  (-0.498 -0.000i)  (-0.785 -0.000i) 
        (-0.890 -0.000i)  (-0.055 -0.000i)  ( 0.452 -0.000i) 
        ( 0.268 -0.000i)  (-0.866 -0.000i)  ( 0.423 -0.000i) 

     46 (-0.839 -0.000i)  ( 0.543 -0.000i)  ( 0.049 -0.000i) 
        ( 0.543 -0.000i)  ( 0.824 -0.000i)  ( 0.165 -0.000i) 
        ( 0.049 -0.000i)  ( 0.165 -0.000i)  (-0.985 -0.000i) 

     47 ( 0.368 -0.000i)  ( 0.498 -0.000i)  ( 0.785 -0.000i) 
        ( 0.349 -0.000i)  (-0.857 -0.000i)  ( 0.380 -0.000i) 
        (-0.862 -0.000i)  (-0.134 -0.000i)  ( 0.489 -0.000i) 

     48 ( 0.839 -0.000i)  (-0.543 -0.000i)  (-0.049 -0.000i) 
        (-0.001 -0.000i)  ( 0.088 -0.000i)  (-0.996 -0.000i) 
        ( 0.545 -0.000i)  ( 0.835 -0.000i)  ( 0.073 -0.000i) 

 30 (   3.020):

      1 ( 1.000 -0.000i)  (-0.000 -0.000i) 
        (-0.000 -0.000i)  ( 1.000 -0.000i) 

      2 (-0.628 -0.000i)  ( 0.778 -0.000i) 
        ( 0.778 -0.000i)  ( 0.628 -0.000i) 

      3 ( 1.000 -0.000i)  (-0.000 -0.000i) 
        (-0.000 -0.000i)  ( 1.000 -0.000i) 

      4 (-0.628 -0.000i)  ( 0.778 -0.000i) 
        ( 0.778 -0.000i)  ( 0.628 -0.000i) 

      5 ( 1.000 -0.000i)  (-0.000 -0.000i) 
        (-0.000 -0.000i)  ( 1.000 -0.000i) 

      6 (-0.628 -0.000i)  ( 0.778 -0.000i) 
        ( 0.778 -0.000i)  ( 0.628 -0.000i) 

      7 ( 1.000 -0.000i)  (-0.000 -0.000i) 
        (-0.000 -0.000i)  ( 1.000 -0.000i) 

      8 (-0.628 -0.000i)  ( 0.778 -0.000i) 
        ( 0.778 -0.000i)  ( 0.628 -0.000i) 

      9 (-0.500 -0.000i)  ( 0.866 -0.000i) 
        (-0.866 -0.000i)  (-0.500 -0.000i) 

     10 ( 0.988 -0.000i)  ( 0.155 -0.000i) 
        ( 0.155 -0.000i)  (-0.988 -0.000i) 

     11 (-0.500 -0.000i)  ( 0.866 -0.000i) 
        (-0.866 -0.000i)  (-0.500 -0.000i) 

     12 ( 0.988 -0.000i)  ( 0.155 -0.000i) 
        ( 0.155 -0.000i)  (-0.988 -0.000i) 

     13 (-0.500 -0.000i)  ( 0.866 -0.000i) 
        (-0.866 -0.000i)  (-0.500 -0.000i) 

     14 ( 0.988 -0.000i)  ( 0.155 -0.000i) 
        ( 0.155 -0.000i)  (-0.988 -0.000i) 

     15 (-0.500 -0.000i)  ( 0.866 -0.000i) 
        (-0.866 -0.000i)  (-0.500 -0.000i) 

     16 ( 0.988 -0.000i)  ( 0.155 -0.000i) 
        ( 0.155 -0.000i)  (-0.988 -0.000i) 

     17 (-0.500 -0.000i)  (-0.866 -0.000i) 
        ( 0.866 -0.000i)  (-0.500 -0.000i) 

     18 (-0.360 -0.000i)  (-0.933 -0.000i) 
        (-0.933 -0.000i)  ( 0.360 -0.000i) 

     19 (-0.500 -0.000i)  (-0.866 -0.000i) 
        ( 0.866 -0.000i)  (-0.500 -0.000i) 

     20 (-0.360 -0.000i)  (-0.933 -0.000i) 
        (-0.933 -0.000i)  ( 0.360 -0.000i) 

     21 (-0.500 -0.000i)  (-0.866 -0.000i) 
        ( 0.866 -0.000i)  (-0.500 -0.000i) 

     22 (-0.360 -0.000i)  (-0.933 -0.000i) 
        (-0.933 -0.000i)  ( 0.360 -0.000i) 

     23 (-0.500 -0.000i)  (-0.866 -0.000i) 
        ( 0.866 -0.000i)  (-0.500 -0.000i) 

     24 (-0.360 -0.000i)  (-0.933 -0.000i) 
        (-0.933 -0.000i)  ( 0.360 -0.000i) 

     25 ( 1.000 -0.000i)  (-0.000 -0.000i) 
        (-0.000 -0.000i)  ( 1.000 -0.000i) 

     26 (-0.628 -0.000i)  ( 0.778 -0.000i) 
        ( 0.778 -0.000i)  ( 0.628 -0.000i) 

     27 ( 1.000 -0.000i)  (-0.000 -0.000i) 
        (-0.000 -0.000i)  ( 1.000 -0.000i) 

     28 (-0.628 -0.000i)  ( 0.778 -0.000i) 
        ( 0.778 -0.000i)  ( 0.628 -0.000i) 

     29 ( 1.000 -0.000i)  (-0.000 -0.000i) 
        (-0.000 -0.000i)  ( 1.000 -0.000i) 

     30 (-0.628 -0.000i)  ( 0.778 -0.000i) 
        ( 0.778 -0.000i)  ( 0.628 -0.000i) 

     31 ( 1.000 -0.000i)  (-0.000 -0.000i) 
        (-0.000 -0.000i)  ( 1.000 -0.000i) 

     32 (-0.628 -0.000i)  ( 0.778 -0.000i) 
        ( 0.778 -0.000i)  ( 0.628 -0.000i) 

     33 (-0.500 -0.000i)  ( 0.866 -0.000i) 
        (-0.866 -0.000i)  (-0.500 -0.000i) 

     34 ( 0.988 -0.000i)  ( 0.155 -0.000i) 
        ( 0.155 -0.000i)  (-0.988 -0.000i) 

     35 (-0.500 -0.000i)  ( 0.866 -0.000i) 
        (-0.866 -0.000i)  (-0.500 -0.000i) 

     36 ( 0.988 -0.000i)  ( 0.155 -0.000i) 
        ( 0.155 -0.000i)  (-0.988 -0.000i) 

     37 (-0.500 -0.000i)  ( 0.866 -0.000i) 
        (-0.866 -0.000i)  (-0.500 -0.000i) 

     38 ( 0.988 -0.000i)  ( 0.155 -0.000i) 
        ( 0.155 -0.000i)  (-0.988 -0.000i) 

     39 (-0.500 -0.000i)  ( 0.866 -0.000i) 
        (-0.866 -0.000i)  (-0.500 -0.000i) 

     40 ( 0.988 -0.000i)  ( 0.155 -0.000i) 
        ( 0.155 -0.000i)  (-0.988 -0.000i) 

     41 (-0.500 -0.000i)  (-0.866 -0.000i) 
        ( 0.866 -0.000i)  (-0.500 -0.000i) 

     42 (-0.360 -0.000i)  (-0.933 -0.000i) 
        (-0.933 -0.000i)  ( 0.360 -0.000i) 

     43 (-0.500 -0.000i)  (-0.866 -0.000i) 
        ( 0.866 -0.000i)  (-0.500 -0.000i) 

     44 (-0.360 -0.000i)  (-0.933 -0.000i) 
        (-0.933 -0.000i)  ( 0.360 -0.000i) 

     45 (-0.500 -0.000i)  (-0.866 -0.000i) 
        ( 0.866 -0.000i)  (-0.500 -0.000i) 

     46 (-0.360 -0.000i)  (-0.933 -0.000i) 
        (-0.933 -0.000i)  ( 0.360 -0.000i) 

     47 (-0.500 -0.000i)  (-0.866 -0.000i) 
        ( 0.866 -0.000i)  (-0.500 -0.000i) 

     48 (-0.360 -0.000i)  (-0.933 -0.000i) 
        (-0.933 -0.000i)  ( 0.360 -0.000i) 

 32 (   3.037):

      1 ( 1.000 -0.000i)  ( 0.000 -0.000i) 
        ( 0.000 -0.000i)  ( 1.000 -0.000i) 

      2 (-0.975 -0.000i)  ( 0.221 -0.000i) 
        ( 0.221 -0.000i)  ( 0.975 -0.000i) 

      3 ( 1.000 -0.000i)  ( 0.000 -0.000i) 
        ( 0.000 -0.000i)  ( 1.000 -0.000i) 

      4 (-0.975 -0.000i)  ( 0.221 -0.000i) 
        ( 0.221 -0.000i)  ( 0.975 -0.000i) 

      5 ( 1.000 -0.000i)  ( 0.000 -0.000i) 
        ( 0.000 -0.000i)  ( 1.000 -0.000i) 

      6 (-0.975 -0.000i)  ( 0.221 -0.000i) 
        ( 0.221 -0.000i)  ( 0.975 -0.000i) 

      7 ( 1.000 -0.000i)  ( 0.000 -0.000i) 
        ( 0.000 -0.000i)  ( 1.000 -0.000i) 

      8 (-0.975 -0.000i)  ( 0.221 -0.000i) 
        ( 0.221 -0.000i)  ( 0.975 -0.000i) 

      9 (-0.500 -0.000i)  (-0.866 -0.000i) 
        ( 0.866 -0.000i)  (-0.500 -0.000i) 

     10 ( 0.296 -0.000i)  (-0.955 -0.000i) 
        (-0.955 -0.000i)  (-0.296 -0.000i) 

     11 (-0.500 -0.000i)  (-0.866 -0.000i) 
        ( 0.866 -0.000i)  (-0.500 -0.000i) 

     12 ( 0.296 -0.000i)  (-0.955 -0.000i) 
        (-0.955 -0.000i)  (-0.296 -0.000i) 

     13 (-0.500 -0.000i)  (-0.866 -0.000i) 
        ( 0.866 -0.000i)  (-0.500 -0.000i) 

     14 ( 0.296 -0.000i)  (-0.955 -0.000i) 
        (-0.955 -0.000i)  (-0.296 -0.000i) 

     15 (-0.500 -0.000i)  (-0.866 -0.000i) 
        ( 0.866 -0.000i)  (-0.500 -0.000i) 

     16 ( 0.296 -0.000i)  (-0.955 -0.000i) 
        (-0.955 -0.000i)  (-0.296 -0.000i) 

     17 (-0.500 -0.000i)  ( 0.866 -0.000i) 
        (-0.866 -0.000i)  (-0.500 -0.000i) 

     18 ( 0.679 -0.000i)  ( 0.734 -0.000i) 
        ( 0.734 -0.000i)  (-0.679 -0.000i) 

     19 (-0.500 -0.000i)  ( 0.866 -0.000i) 
        (-0.866 -0.000i)  (-0.500 -0.000i) 

     20 ( 0.679 -0.000i)  ( 0.734 -0.000i) 
        ( 0.734 -0.000i)  (-0.679 -0.000i) 

     21 (-0.500 -0.000i)  ( 0.866 -0.000i) 
        (-0.866 -0.000i)  (-0.500 -0.000i) 

     22 ( 0.679 -0.000i)  ( 0.734 -0.000i) 
        ( 0.734 -0.000i)  (-0.679 -0.000i) 

     23 (-0.500 -0.000i)  ( 0.866 -0.000i) 
        (-0.866 -0.000i)  (-0.500 -0.000i) 

     24 ( 0.679 -0.000i)  ( 0.734 -0.000i) 
        ( 0.734 -0.000i)  (-0.679 -0.000i) 

     25 (-1.000 -0.000i)  (-0.000 -0.000i) 
        (-0.000 -0.000i)  (-1.000 -0.000i) 

     26 ( 0.975 -0.000i)  (-0.221 -0.000i) 
        (-0.221 -0.000i)  (-0.975 -0.000i) 

     27 (-1.000 -0.000i)  (-0.000 -0.000i) 
        (-0.000 -0.000i)  (-1.000 -0.000i) 

     28 ( 0.975 -0.000i)  (-0.221 -0.000i) 
        (-0.221 -0.000i)  (-0.975 -0.000i) 

     29 (-1.000 -0.000i)  (-0.000 -0.000i) 
        (-0.000 -0.000i)  (-1.000 -0.000i) 

     30 ( 0.975 -0.000i)  (-0.221 -0.000i) 
        (-0.221 -0.000i)  (-0.975 -0.000i) 

     31 (-1.000 -0.000i)  (-0.000 -0.000i) 
        (-0.000 -0.000i)  (-1.000 -0.000i) 

     32 ( 0.975 -0.000i)  (-0.221 -0.000i) 
        (-0.221 -0.000i)  (-0.975 -0.000i) 

     33 ( 0.500 -0.000i)  ( 0.866 -0.000i) 
        (-0.866 -0.000i)  ( 0.500 -0.000i) 

     34 (-0.296 -0.000i)  ( 0.955 -0.000i) 
        ( 0.955 -0.000i)  ( 0.296 -0.000i) 

     35 ( 0.500 -0.000i)  ( 0.866 -0.000i) 
        (-0.866 -0.000i)  ( 0.500 -0.000i) 

     36 (-0.296 -0.000i)  ( 0.955 -0.000i) 
        ( 0.955 -0.000i)  ( 0.296 -0.000i) 

     37 ( 0.500 -0.000i)  ( 0.866 -0.000i) 
        (-0.866 -0.000i)  ( 0.500 -0.000i) 

     38 (-0.296 -0.000i)  ( 0.955 -0.000i) 
        ( 0.955 -0.000i)  ( 0.296 -0.000i) 

     39 ( 0.500 -0.000i)  ( 0.866 -0.000i) 
        (-0.866 -0.000i)  ( 0.500 -0.000i) 

     40 (-0.296 -0.000i)  ( 0.955 -0.000i) 
        ( 0.955 -0.000i)  ( 0.296 -0.000i) 

     41 ( 0.500 -0.000i)  (-0.866 -0.000i) 
        ( 0.866 -0.000i)  ( 0.500 -0.000i) 

     42 (-0.679 -0.000i)  (-0.734 -0.000i) 
        (-0.734 -0.000i)  ( 0.679 -0.000i) 

     43 ( 0.500 -0.000i)  (-0.866 -0.000i) 
        ( 0.866 -0.000i)  ( 0.500 -0.000i) 

     44 (-0.679 -0.000i)  (-0.734 -0.000i) 
        (-0.734 -0.000i)  ( 0.679 -0.000i) 

     45 ( 0.500 -0.000i)  (-0.866 -0.000i) 
        ( 0.866 -0.000i)  ( 0.500 -0.000i) 

     46 (-0.679 -0.000i)  (-0.734 -0.000i) 
        (-0.734 -0.000i)  ( 0.679 -0.000i) 

     47 ( 0.500 -0.000i)  (-0.866 -0.000i) 
        ( 0.866 -0.000i)  ( 0.500 -0.000i) 

     48 (-0.679 -0.000i)  (-0.734 -0.000i) 
        (-0.734 -0.000i)  ( 0.679 -0.000i) 

 34 (   3.068):

      1 ( 1.000 -0.000i) 
      2 (-1.000 -0.000i) 
      3 ( 1.000 -0.000i) 
      4 (-1.000 -0.000i) 
      5 ( 1.000 -0.000i) 
      6 (-1.000 -0.000i) 
      7 ( 1.000 -0.000i) 
      8 (-1.000 -0.000i) 
      9 ( 1.000 -0.000i) 
     10 (-1.000 -0.000i) 
     11 ( 1.000 -0.000i) 
     12 (-1.000 -0.000i) 
     13 ( 1.000 -0.000i) 
     14 (-1.000 -0.000i) 
     15 ( 1.000 -0.000i) 
     16 (-1.000 -0.000i) 
     17 ( 1.000 -0.000i) 
     18 (-1.000 -0.000i) 
     19 ( 1.000 -0.000i) 
     20 (-1.000 -0.000i) 
     21 ( 1.000 -0.000i) 
     22 (-1.000 -0.000i) 
     23 ( 1.000 -0.000i) 
     24 (-1.000 -0.000i) 
     25 (-1.000 -0.000i) 
     26 ( 1.000 -0.000i) 
     27 (-1.000 -0.000i) 
     28 ( 1.000 -0.000i) 
     29 (-1.000 -0.000i) 
     30 ( 1.000 -0.000i) 
     31 (-1.000 -0.000i) 
     32 ( 1.000 -0.000i) 
     33 (-1.000 -0.000i) 
     34 ( 1.000 -0.000i) 
     35 (-1.000 -0.000i) 
     36 ( 1.000 -0.000i) 
     37 (-1.000 -0.000i) 
     38 ( 1.000 -0.000i) 
     39 (-1.000 -0.000i) 
     40 ( 1.000 -0.000i) 
     41 (-1.000 -0.000i) 
     42 ( 1.000 -0.000i) 
     43 (-1.000 -0.000i) 
     44 ( 1.000 -0.000i) 
     45 (-1.000 -0.000i) 
     46 ( 1.000 -0.000i) 
     47 (-1.000 -0.000i) 
     48 ( 1.000 -0.000i) 

 35 (   3.935):

      1 ( 1.000 -0.000i)  (-0.000 -0.000i)  ( 0.000 -0.000i) 
        (-0.000 -0.000i)  ( 1.000 -0.000i)  (-0.000 -0.000i) 
        ( 0.000 -0.000i)  (-0.000 -0.000i)  ( 1.000 -0.000i) 

      2 (-0.297 -0.000i)  (-0.576 -0.000i)  (-0.761 -0.000i) 
        (-0.327 -0.000i)  (-0.688 -0.000i)  ( 0.648 -0.000i) 
        ( 0.897 -0.000i)  (-0.442 -0.000i)  (-0.015 -0.000i) 

      3 (-0.406 -0.000i)  ( 0.904 -0.000i)  (-0.136 -0.000i) 
        ( 0.904 -0.000i)  ( 0.375 -0.000i)  (-0.206 -0.000i) 
        (-0.136 -0.000i)  (-0.206 -0.000i)  (-0.969 -0.000i) 

      4 (-0.297 -0.000i)  (-0.327 -0.000i)  ( 0.897 -0.000i) 
        (-0.576 -0.000i)  (-0.688 -0.000i)  (-0.442 -0.000i) 
        (-0.761 -0.000i)  ( 0.648 -0.000i)  (-0.015 -0.000i) 

      5 ( 0.307 -0.000i)  (-0.904 -0.000i)  (-0.299 -0.000i) 
        (-0.904 -0.000i)  (-0.375 -0.000i)  ( 0.206 -0.000i) 
        (-0.299 -0.000i)  ( 0.206 -0.000i)  (-0.932 -0.000i) 

      6 (-0.063 -0.000i)  ( 0.576 -0.000i)  (-0.815 -0.000i) 
        ( 0.576 -0.000i)  ( 0.688 -0.000i)  ( 0.442 -0.000i) 
        (-0.815 -0.000i)  ( 0.442 -0.000i)  ( 0.376 -0.000i) 

      7 (-0.901 -0.000i)  ( 0.000 -0.000i)  ( 0.434 -0.000i) 
        ( 0.000 -0.000i)  (-1.000 -0.000i)  ( 0.000 -0.000i) 
        ( 0.434 -0.000i)  ( 0.000 -0.000i)  ( 0.901 -0.000i) 

      8 ( 0.657 -0.000i)  ( 0.327 -0.000i)  ( 0.679 -0.000i) 
        ( 0.327 -0.000i)  ( 0.688 -0.000i)  (-0.648 -0.000i) 
        ( 0.679 -0.000i)  (-0.648 -0.000i)  (-0.345 -0.000i) 

      9 ( 0.139 -0.000i)  ( 0.795 -0.000i)  (-0.591 -0.000i) 
        (-0.489 -0.000i)  (-0.463 -0.000i)  (-0.739 -0.000i) 
        (-0.861 -0.000i)  ( 0.392 -0.000i)  ( 0.324 -0.000i) 

     10 (-0.831 -0.000i)  (-0.366 -0.000i)  ( 0.418 -0.000i) 
        (-0.366 -0.000i)  ( 0.927 -0.000i)  ( 0.084 -0.000i) 
        ( 0.418 -0.000i)  ( 0.084 -0.000i)  ( 0.904 -0.000i) 

     11 ( 0.742 -0.000i)  ( 0.546 -0.000i)  ( 0.389 -0.000i) 
        (-0.120 -0.000i)  (-0.463 -0.000i)  ( 0.878 -0.000i) 
        ( 0.660 -0.000i)  (-0.698 -0.000i)  (-0.278 -0.000i) 

     12 (-0.050 -0.000i)  (-0.975 -0.000i)  (-0.217 -0.000i) 
        ( 0.975 -0.000i)  (-0.000 -0.000i)  (-0.223 -0.000i) 
        (-0.217 -0.000i)  ( 0.223 -0.000i)  (-0.950 -0.000i) 

     13 (-0.499 -0.000i)  (-0.546 -0.000i)  ( 0.673 -0.000i) 
        ( 0.489 -0.000i)  ( 0.463 -0.000i)  ( 0.739 -0.000i) 
        (-0.715 -0.000i)  ( 0.698 -0.000i)  ( 0.036 -0.000i) 

     14 ( 0.930 -0.000i)  ( 0.366 -0.000i)  ( 0.016 -0.000i) 
        ( 0.366 -0.000i)  (-0.927 -0.000i)  (-0.084 -0.000i) 
        ( 0.016 -0.000i)  (-0.084 -0.000i)  ( 0.996 -0.000i) 

     15 (-0.382 -0.000i)  (-0.795 -0.000i)  (-0.472 -0.000i) 
        ( 0.120 -0.000i)  ( 0.463 -0.000i)  (-0.878 -0.000i) 
        ( 0.917 -0.000i)  (-0.392 -0.000i)  (-0.082 -0.000i) 

     16 (-0.050 -0.000i)  ( 0.975 -0.000i)  (-0.217 -0.000i) 
        (-0.975 -0.000i)  (-0.000 -0.000i)  ( 0.223 -0.000i) 
        (-0.217 -0.000i)  (-0.223 -0.000i)  (-0.950 -0.000i) 

     17 ( 0.139 -0.000i)  (-0.489 -0.000i)  (-0.861 -0.000i) 
        ( 0.795 -0.000i)  (-0.463 -0.000i)  ( 0.392 -0.000i) 
        (-0.591 -0.000i)  (-0.739 -0.000i)  ( 0.324 -0.000i) 

     18 (-0.654 -0.000i)  ( 0.637 -0.000i)  (-0.409 -0.000i) 
        ( 0.267 -0.000i)  (-0.312 -0.000i)  (-0.912 -0.000i) 
        ( 0.708 -0.000i)  ( 0.705 -0.000i)  (-0.034 -0.000i) 

     19 (-0.382 -0.000i)  ( 0.120 -0.000i)  ( 0.917 -0.000i) 
        (-0.795 -0.000i)  ( 0.463 -0.000i)  (-0.392 -0.000i) 
        (-0.472 -0.000i)  (-0.878 -0.000i)  (-0.082 -0.000i) 

     20 ( 0.896 -0.000i)  (-0.267 -0.000i)  ( 0.354 -0.000i) 
        (-0.267 -0.000i)  ( 0.312 -0.000i)  ( 0.912 -0.000i) 
        ( 0.354 -0.000i)  ( 0.912 -0.000i)  (-0.209 -0.000i) 

     21 ( 0.742 -0.000i)  (-0.120 -0.000i)  ( 0.660 -0.000i) 
        ( 0.546 -0.000i)  (-0.463 -0.000i)  (-0.698 -0.000i) 
        ( 0.389 -0.000i)  ( 0.878 -0.000i)  (-0.278 -0.000i) 

     22 ( 0.411 -0.000i)  (-0.637 -0.000i)  (-0.653 -0.000i) 
        (-0.637 -0.000i)  ( 0.312 -0.000i)  (-0.705 -0.000i) 
        (-0.653 -0.000i)  (-0.705 -0.000i)  ( 0.277 -0.000i) 

     23 (-0.499 -0.000i)  ( 0.489 -0.000i)  (-0.715 -0.000i) 
        (-0.546 -0.000i)  ( 0.463 -0.000i)  ( 0.698 -0.000i) 
        ( 0.673 -0.000i)  ( 0.739 -0.000i)  ( 0.036 -0.000i) 

     24 (-0.654 -0.000i)  ( 0.267 -0.000i)  ( 0.708 -0.000i) 
        ( 0.637 -0.000i)  (-0.312 -0.000i)  ( 0.705 -0.000i) 
        (-0.409 -0.000i)  (-0.912 -0.000i)  (-0.034 -0.000i) 

     25 ( 1.000 -0.000i)  (-0.000 -0.000i)  ( 0.000 -0.000i) 
        (-0.000 -0.000i)  ( 1.000 -0.000i)  (-0.000 -0.000i) 
        ( 0.000 -0.000i)  (-0.000 -0.000i)  ( 1.000 -0.000i) 

     26 (-0.297 -0.000i)  (-0.576 -0.000i)  (-0.761 -0.000i) 
        (-0.327 -0.000i)  (-0.688 -0.000i)  ( 0.648 -0.000i) 
        ( 0.897 -0.000i)  (-0.442 -0.000i)  (-0.015 -0.000i) 

     27 (-0.406 -0.000i)  ( 0.904 -0.000i)  (-0.136 -0.000i) 
        ( 0.904 -0.000i)  ( 0.375 -0.000i)  (-0.206 -0.000i) 
        (-0.136 -0.000i)  (-0.206 -0.000i)  (-0.969 -0.000i) 

     28 (-0.297 -0.000i)  (-0.327 -0.000i)  ( 0.897 -0.000i) 
        (-0.576 -0.000i)  (-0.688 -0.000i)  (-0.442 -0.000i) 
        (-0.761 -0.000i)  ( 0.648 -0.000i)  (-0.015 -0.000i) 

     29 ( 0.307 -0.000i)  (-0.904 -0.000i)  (-0.299 -0.000i) 
        (-0.904 -0.000i)  (-0.375 -0.000i)  ( 0.206 -0.000i) 
        (-0.299 -0.000i)  ( 0.206 -0.000i)  (-0.932 -0.000i) 

     30 (-0.063 -0.000i)  ( 0.576 -0.000i)  (-0.815 -0.000i) 
        ( 0.576 -0.000i)  ( 0.688 -0.000i)  ( 0.442 -0.000i) 
        (-0.815 -0.000i)  ( 0.442 -0.000i)  ( 0.376 -0.000i) 

     31 (-0.901 -0.000i)  ( 0.000 -0.000i)  ( 0.434 -0.000i) 
        ( 0.000 -0.000i)  (-1.000 -0.000i)  ( 0.000 -0.000i) 
        ( 0.434 -0.000i)  ( 0.000 -0.000i)  ( 0.901 -0.000i) 

     32 ( 0.657 -0.000i)  ( 0.327 -0.000i)  ( 0.679 -0.000i) 
        ( 0.327 -0.000i)  ( 0.688 -0.000i)  (-0.648 -0.000i) 
        ( 0.679 -0.000i)  (-0.648 -0.000i)  (-0.345 -0.000i) 

     33 ( 0.139 -0.000i)  ( 0.795 -0.000i)  (-0.591 -0.000i) 
        (-0.489 -0.000i)  (-0.463 -0.000i)  (-0.739 -0.000i) 
        (-0.861 -0.000i)  ( 0.392 -0.000i)  ( 0.324 -0.000i) 

     34 (-0.831 -0.000i)  (-0.366 -0.000i)  ( 0.418 -0.000i) 
        (-0.366 -0.000i)  ( 0.927 -0.000i)  ( 0.084 -0.000i) 
        ( 0.418 -0.000i)  ( 0.084 -0.000i)  ( 0.904 -0.000i) 

     35 ( 0.742 -0.000i)  ( 0.546 -0.000i)  ( 0.389 -0.000i) 
        (-0.120 -0.000i)  (-0.463 -0.000i)  ( 0.878 -0.000i) 
        ( 0.660 -0.000i)  (-0.698 -0.000i)  (-0.278 -0.000i) 

     36 (-0.050 -0.000i)  (-0.975 -0.000i)  (-0.217 -0.000i) 
        ( 0.975 -0.000i)  (-0.000 -0.000i)  (-0.223 -0.000i) 
        (-0.217 -0.000i)  ( 0.223 -0.000i)  (-0.950 -0.000i) 

     37 (-0.499 -0.000i)  (-0.546 -0.000i)  ( 0.673 -0.000i) 
        ( 0.489 -0.000i)  ( 0.463 -0.000i)  ( 0.739 -0.000i) 
        (-0.715 -0.000i)  ( 0.698 -0.000i)  ( 0.036 -0.000i) 

     38 ( 0.930 -0.000i)  ( 0.366 -0.000i)  ( 0.016 -0.000i) 
        ( 0.366 -0.000i)  (-0.927 -0.000i)  (-0.084 -0.000i) 
        ( 0.016 -0.000i)  (-0.084 -0.000i)  ( 0.996 -0.000i) 

     39 (-0.382 -0.000i)  (-0.795 -0.000i)  (-0.472 -0.000i) 
        ( 0.120 -0.000i)  ( 0.463 -0.000i)  (-0.878 -0.000i) 
        ( 0.917 -0.000i)  (-0.392 -0.000i)  (-0.082 -0.000i) 

     40 (-0.050 -0.000i)  ( 0.975 -0.000i)  (-0.217 -0.000i) 
        (-0.975 -0.000i)  ( 0.000 -0.000i)  ( 0.223 -0.000i) 
        (-0.217 -0.000i)  (-0.223 -0.000i)  (-0.950 -0.000i) 

     41 ( 0.139 -0.000i)  (-0.489 -0.000i)  (-0.861 -0.000i) 
        ( 0.795 -0.000i)  (-0.463 -0.000i)  ( 0.392 -0.000i) 
        (-0.591 -0.000i)  (-0.739 -0.000i)  ( 0.324 -0.000i) 

     42 (-0.654 -0.000i)  ( 0.637 -0.000i)  (-0.409 -0.000i) 
        ( 0.267 -0.000i)  (-0.312 -0.000i)  (-0.912 -0.000i) 
        ( 0.708 -0.000i)  ( 0.705 -0.000i)  (-0.034 -0.000i) 

     43 (-0.382 -0.000i)  ( 0.120 -0.000i)  ( 0.917 -0.000i) 
        (-0.795 -0.000i)  ( 0.463 -0.000i)  (-0.392 -0.000i) 
        (-0.472 -0.000i)  (-0.878 -0.000i)  (-0.082 -0.000i) 

     44 ( 0.896 -0.000i)  (-0.267 -0.000i)  ( 0.354 -0.000i) 
        (-0.267 -0.000i)  ( 0.312 -0.000i)  ( 0.912 -0.000i) 
        ( 0.354 -0.000i)  ( 0.912 -0.000i)  (-0.209 -0.000i) 

     45 ( 0.742 -0.000i)  (-0.120 -0.000i)  ( 0.660 -0.000i) 
        ( 0.546 -0.000i)  (-0.463 -0.000i)  (-0.698 -0.000i) 
        ( 0.389 -0.000i)  ( 0.878 -0.000i)  (-0.278 -0.000i) 

     46 ( 0.411 -0.000i)  (-0.637 -0.000i)  (-0.653 -0.000i) 
        (-0.637 -0.000i)  ( 0.312 -0.000i)  (-0.705 -0.000i) 
        (-0.653 -0.000i)  (-0.705 -0.000i)  ( 0.277 -0.000i) 

     47 (-0.499 -0.000i)  ( 0.489 -0.000i)  (-0.715 -0.000i) 
        (-0.546 -0.000i)  ( 0.463 -0.000i)  ( 0.698 -0.000i) 
        ( 0.673 -0.000i)  ( 0.739 -0.000i)  ( 0.036 -0.000i) 

     48 (-0.654 -0.000i)  ( 0.267 -0.000i)  ( 0.708 -0.000i) 
        ( 0.637 -0.000i)  (-0.312 -0.000i)  ( 0.705 -0.000i) 
        (-0.409 -0.000i)  (-0.912 -0.000i)  (-0.034 -0.000i) 

 38 (   3.955):

      1 ( 1.000 -0.000i)  ( 0.000 -0.000i)  ( 0.000 -0.000i) 
        ( 0.000 -0.000i)  ( 1.000 -0.000i)  (-0.000 -0.000i) 
        ( 0.000 -0.000i)  (-0.000 -0.000i)  ( 1.000 -0.000i) 

      2 ( 0.292 -0.000i)  ( 0.409 -0.000i)  (-0.864 -0.000i) 
        ( 0.500 -0.000i)  ( 0.706 -0.000i)  ( 0.503 -0.000i) 
        ( 0.815 -0.000i)  (-0.579 -0.000i)  ( 0.002 -0.000i) 

      3 (-0.415 -0.000i)  ( 0.908 -0.000i)  (-0.049 -0.000i) 
        ( 0.908 -0.000i)  ( 0.411 -0.000i)  (-0.076 -0.000i) 
        (-0.049 -0.000i)  (-0.076 -0.000i)  (-0.996 -0.000i) 

      4 ( 0.292 -0.000i)  ( 0.500 -0.000i)  ( 0.815 -0.000i) 
        ( 0.409 -0.000i)  ( 0.706 -0.000i)  (-0.579 -0.000i) 
        (-0.864 -0.000i)  ( 0.503 -0.000i)  ( 0.002 -0.000i) 

      5 ( 0.401 -0.000i)  (-0.908 -0.000i)  (-0.117 -0.000i) 
        (-0.908 -0.000i)  (-0.411 -0.000i)  ( 0.076 -0.000i) 
        (-0.117 -0.000i)  ( 0.076 -0.000i)  (-0.990 -0.000i) 

      6 (-0.432 -0.000i)  (-0.409 -0.000i)  (-0.804 -0.000i) 
        (-0.409 -0.000i)  (-0.706 -0.000i)  ( 0.579 -0.000i) 
        (-0.804 -0.000i)  ( 0.579 -0.000i)  ( 0.138 -0.000i) 

      7 (-0.986 -0.000i)  ( 0.000 -0.000i)  ( 0.166 -0.000i) 
        ( 0.000 -0.000i)  (-1.000 -0.000i)  ( 0.000 -0.000i) 
        ( 0.166 -0.000i)  ( 0.000 -0.000i)  ( 0.986 -0.000i) 

      8 (-0.153 -0.000i)  (-0.500 -0.000i)  ( 0.853 -0.000i) 
        (-0.500 -0.000i)  (-0.706 -0.000i)  (-0.503 -0.000i) 
        ( 0.853 -0.000i)  (-0.503 -0.000i)  (-0.142 -0.000i) 

      9 ( 0.568 -0.000i)  ( 0.658 -0.000i)  ( 0.495 -0.000i) 
        (-0.223 -0.000i)  (-0.456 -0.000i)  ( 0.862 -0.000i) 
        ( 0.792 -0.000i)  (-0.600 -0.000i)  (-0.112 -0.000i) 

     10 ( 0.898 -0.000i)  ( 0.410 -0.000i)  (-0.159 -0.000i) 
        ( 0.410 -0.000i)  (-0.912 -0.000i)  (-0.034 -0.000i) 
        (-0.159 -0.000i)  (-0.034 -0.000i)  (-0.987 -0.000i) 

     11 ( 0.338 -0.000i)  ( 0.748 -0.000i)  (-0.571 -0.000i) 
        (-0.364 -0.000i)  (-0.456 -0.000i)  (-0.812 -0.000i) 
        (-0.868 -0.000i)  ( 0.482 -0.000i)  ( 0.118 -0.000i) 

     12 ( 0.007 -0.000i)  ( 0.997 -0.000i)  ( 0.083 -0.000i) 
        (-0.997 -0.000i)  (-0.000 -0.000i)  ( 0.083 -0.000i) 
        ( 0.083 -0.000i)  (-0.083 -0.000i)  ( 0.993 -0.000i) 

     13 (-0.428 -0.000i)  (-0.748 -0.000i)  (-0.507 -0.000i) 
        ( 0.223 -0.000i)  ( 0.456 -0.000i)  (-0.862 -0.000i) 
        ( 0.876 -0.000i)  (-0.482 -0.000i)  (-0.028 -0.000i) 

     14 (-0.912 -0.000i)  (-0.410 -0.000i)  (-0.007 -0.000i) 
        (-0.410 -0.000i)  ( 0.912 -0.000i)  ( 0.034 -0.000i) 
        (-0.007 -0.000i)  ( 0.034 -0.000i)  (-0.999 -0.000i) 

     15 (-0.477 -0.000i)  (-0.658 -0.000i)  ( 0.583 -0.000i) 
        ( 0.364 -0.000i)  ( 0.456 -0.000i)  ( 0.812 -0.000i) 
        (-0.800 -0.000i)  ( 0.600 -0.000i)  ( 0.022 -0.000i) 

     16 ( 0.007 -0.000i)  (-0.997 -0.000i)  ( 0.083 -0.000i) 
        ( 0.997 -0.000i)  (-0.000 -0.000i)  (-0.083 -0.000i) 
        ( 0.083 -0.000i)  ( 0.083 -0.000i)  ( 0.993 -0.000i) 

     17 ( 0.568 -0.000i)  (-0.223 -0.000i)  ( 0.792 -0.000i) 
        ( 0.658 -0.000i)  (-0.456 -0.000i)  (-0.600 -0.000i) 
        ( 0.495 -0.000i)  ( 0.862 -0.000i)  (-0.112 -0.000i) 

     18 ( 0.701 -0.000i)  (-0.384 -0.000i)  (-0.601 -0.000i) 
        (-0.524 -0.000i)  ( 0.294 -0.000i)  (-0.799 -0.000i) 
        ( 0.484 -0.000i)  ( 0.875 -0.000i)  ( 0.005 -0.000i) 

     19 (-0.477 -0.000i)  ( 0.364 -0.000i)  (-0.800 -0.000i) 
        (-0.658 -0.000i)  ( 0.456 -0.000i)  ( 0.600 -0.000i) 
        ( 0.583 -0.000i)  ( 0.812 -0.000i)  ( 0.022 -0.000i) 

     20 (-0.610 -0.000i)  ( 0.524 -0.000i)  ( 0.594 -0.000i) 
        ( 0.524 -0.000i)  (-0.294 -0.000i)  ( 0.799 -0.000i) 
        ( 0.594 -0.000i)  ( 0.799 -0.000i)  (-0.095 -0.000i) 

     21 ( 0.338 -0.000i)  (-0.364 -0.000i)  (-0.868 -0.000i) 
        ( 0.748 -0.000i)  (-0.456 -0.000i)  ( 0.482 -0.000i) 
        (-0.571 -0.000i)  (-0.812 -0.000i)  ( 0.118 -0.000i) 

     22 (-0.791 -0.000i)  ( 0.384 -0.000i)  (-0.476 -0.000i) 
        ( 0.384 -0.000i)  (-0.294 -0.000i)  (-0.875 -0.000i) 
        (-0.476 -0.000i)  (-0.875 -0.000i)  ( 0.085 -0.000i) 

     23 (-0.428 -0.000i)  ( 0.223 -0.000i)  ( 0.876 -0.000i) 
        (-0.748 -0.000i)  ( 0.456 -0.000i)  (-0.482 -0.000i) 
        (-0.507 -0.000i)  (-0.862 -0.000i)  (-0.028 -0.000i) 

     24 ( 0.701 -0.000i)  (-0.524 -0.000i)  ( 0.484 -0.000i) 
        (-0.384 -0.000i)  ( 0.294 -0.000i)  ( 0.875 -0.000i) 
        (-0.601 -0.000i)  (-0.799 -0.000i)  ( 0.005 -0.000i) 

     25 (-1.000 -0.000i)  (-0.000 -0.000i)  (-0.000 -0.000i) 
        (-0.000 -0.000i)  (-1.000 -0.000i)  ( 0.000 -0.000i) 
        (-0.000 -0.000i)  ( 0.000 -0.000i)  (-1.000 -0.000i) 

     26 (-0.292 -0.000i)  (-0.409 -0.000i)  ( 0.864 -0.000i) 
        (-0.500 -0.000i)  (-0.706 -0.000i)  (-0.503 -0.000i) 
        (-0.815 -0.000i)  ( 0.579 -0.000i)  (-0.002 -0.000i) 

     27 ( 0.415 -0.000i)  (-0.908 -0.000i)  ( 0.049 -0.000i) 
        (-0.908 -0.000i)  (-0.411 -0.000i)  ( 0.076 -0.000i) 
        ( 0.049 -0.000i)  ( 0.076 -0.000i)  ( 0.996 -0.000i) 

     28 (-0.292 -0.000i)  (-0.500 -0.000i)  (-0.815 -0.000i) 
        (-0.409 -0.000i)  (-0.706 -0.000i)  ( 0.579 -0.000i) 
        ( 0.864 -0.000i)  (-0.503 -0.000i)  (-0.002 -0.000i) 

     29 (-0.401 -0.000i)  ( 0.908 -0.000i)  ( 0.117 -0.000i) 
        ( 0.908 -0.000i)  ( 0.411 -0.000i)  (-0.076 -0.000i) 
        ( 0.117 -0.000i)  (-0.076 -0.000i)  ( 0.990 -0.000i) 

     30 ( 0.432 -0.000i)  ( 0.409 -0.000i)  ( 0.804 -0.000i) 
        ( 0.409 -0.000i)  ( 0.706 -0.000i)  (-0.579 -0.000i) 
        ( 0.804 -0.000i)  (-0.579 -0.000i)  (-0.138 -0.000i) 

     31 ( 0.986 -0.000i)  (-0.000 -0.000i)  (-0.166 -0.000i) 
        (-0.000 -0.000i)  ( 1.000 -0.000i)  (-0.000 -0.000i) 
        (-0.166 -0.000i)  (-0.000 -0.000i)  (-0.986 -0.000i) 

     32 ( 0.153 -0.000i)  ( 0.500 -0.000i)  (-0.853 -0.000i) 
        ( 0.500 -0.000i)  ( 0.706 -0.000i)  ( 0.503 -0.000i) 
        (-0.853 -0.000i)  ( 0.503 -0.000i)  ( 0.142 -0.000i) 

     33 (-0.568 -0.000i)  (-0.658 -0.000i)  (-0.495 -0.000i) 
        ( 0.223 -0.000i)  ( 0.456 -0.000i)  (-0.862 -0.000i) 
        (-0.792 -0.000i)  ( 0.600 -0.000i)  ( 0.112 -0.000i) 

     34 (-0.898 -0.000i)  (-0.410 -0.000i)  ( 0.159 -0.000i) 
        (-0.410 -0.000i)  ( 0.912 -0.000i)  ( 0.034 -0.000i) 
        ( 0.159 -0.000i)  ( 0.034 -0.000i)  ( 0.987 -0.000i) 

     35 (-0.338 -0.000i)  (-0.748 -0.000i)  ( 0.571 -0.000i) 
        ( 0.364 -0.000i)  ( 0.456 -0.000i)  ( 0.812 -0.000i) 
        ( 0.868 -0.000i)  (-0.482 -0.000i)  (-0.118 -0.000i) 

     36 (-0.007 -0.000i)  (-0.997 -0.000i)  (-0.083 -0.000i) 
        ( 0.997 -0.000i)  (-0.000 -0.000i)  (-0.083 -0.000i) 
        (-0.083 -0.000i)  ( 0.083 -0.000i)  (-0.993 -0.000i) 

     37 ( 0.428 -0.000i)  ( 0.748 -0.000i)  ( 0.507 -0.000i) 
        (-0.223 -0.000i)  (-0.456 -0.000i)  ( 0.862 -0.000i) 
        (-0.876 -0.000i)  ( 0.482 -0.000i)  ( 0.028 -0.000i) 

     38 ( 0.912 -0.000i)  ( 0.410 -0.000i)  ( 0.007 -0.000i) 
        ( 0.410 -0.000i)  (-0.912 -0.000i)  (-0.034 -0.000i) 
        ( 0.007 -0.000i)  (-0.034 -0.000i)  ( 0.999 -0.000i) 

     39 ( 0.477 -0.000i)  ( 0.658 -0.000i)  (-0.583 -0.000i) 
        (-0.364 -0.000i)  (-0.456 -0.000i)  (-0.812 -0.000i) 
        ( 0.800 -0.000i)  (-0.600 -0.000i)  (-0.022 -0.000i) 

     40 (-0.007 -0.000i)  ( 0.997 -0.000i)  (-0.083 -0.000i) 
        (-0.997 -0.000i)  ( 0.000 -0.000i)  ( 0.083 -0.000i) 
        (-0.083 -0.000i)  (-0.083 -0.000i)  (-0.993 -0.000i) 

     41 (-0.568 -0.000i)  ( 0.223 -0.000i)  (-0.792 -0.000i) 
        (-0.658 -0.000i)  ( 0.456 -0.000i)  ( 0.600 -0.000i) 
        (-0.495 -0.000i)  (-0.862 -0.000i)  ( 0.112 -0.000i) 

     42 (-0.701 -0.000i)  ( 0.384 -0.000i)  ( 0.601 -0.000i) 
        ( 0.524 -0.000i)  (-0.294 -0.000i)  ( 0.799 -0.000i) 
        (-0.484 -0.000i)  (-0.875 -0.000i)  (-0.005 -0.000i) 

     43 ( 0.477 -0.000i)  (-0.364 -0.000i)  ( 0.800 -0.000i) 
        ( 0.658 -0.000i)  (-0.456 -0.000i)  (-0.600 -0.000i) 
        (-0.583 -0.000i)  (-0.812 -0.000i)  (-0.022 -0.000i) 

     44 ( 0.610 -0.000i)  (-0.524 -0.000i)  (-0.594 -0.000i) 
        (-0.524 -0.000i)  ( 0.294 -0.000i)  (-0.799 -0.000i) 
        (-0.594 -0.000i)  (-0.799 -0.000i)  ( 0.095 -0.000i) 

     45 (-0.338 -0.000i)  ( 0.364 -0.000i)  ( 0.868 -0.000i) 
        (-0.748 -0.000i)  ( 0.456 -0.000i)  (-0.482 -0.000i) 
        ( 0.571 -0.000i)  ( 0.812 -0.000i)  (-0.118 -0.000i) 

     46 ( 0.791 -0.000i)  (-0.384 -0.000i)  ( 0.476 -0.000i) 
        (-0.384 -0.000i)  ( 0.294 -0.000i)  ( 0.875 -0.000i) 
        ( 0.476 -0.000i)  ( 0.875 -0.000i)  (-0.085 -0.000i) 

     47 ( 0.428 -0.000i)  (-0.223 -0.000i)  (-0.876 -0.000i) 
        ( 0.748 -0.000i)  (-0.456 -0.000i)  ( 0.482 -0.000i) 
        ( 0.507 -0.000i)  ( 0.862 -0.000i)  ( 0.028 -0.000i) 

     48 (-0.701 -0.000i)  ( 0.524 -0.000i)  (-0.484 -0.000i) 
        ( 0.384 -0.000i)  (-0.294 -0.000i)  (-0.875 -0.000i) 
        ( 0.601 -0.000i)  ( 0.799 -0.000i)  (-0.005 -0.000i) 

 41 (   4.662):

      1 ( 1.000 -0.000i)  (-0.000 -0.000i)  ( 0.000 -0.000i) 
        (-0.000 -0.000i)  ( 1.000 -0.000i)  ( 0.000 -0.000i) 
        ( 0.000 -0.000i)  ( 0.000 -0.000i)  ( 1.000 -0.000i) 

      2 (-0.196 -0.000i)  (-0.783 -0.000i)  ( 0.590 -0.000i) 
        ( 0.089 -0.000i)  (-0.614 -0.000i)  (-0.784 -0.000i) 
        (-0.977 -0.000i)  ( 0.101 -0.000i)  (-0.190 -0.000i) 

      3 (-0.608 -0.000i)  ( 0.694 -0.000i)  ( 0.386 -0.000i) 
        ( 0.694 -0.000i)  ( 0.228 -0.000i)  ( 0.684 -0.000i) 
        ( 0.386 -0.000i)  ( 0.684 -0.000i)  (-0.619 -0.000i) 

      4 (-0.196 -0.000i)  ( 0.089 -0.000i)  (-0.977 -0.000i) 
        (-0.783 -0.000i)  (-0.614 -0.000i)  ( 0.101 -0.000i) 
        ( 0.590 -0.000i)  (-0.784 -0.000i)  (-0.190 -0.000i) 

      5 ( 0.608 -0.000i)  (-0.694 -0.000i)  (-0.386 -0.000i) 
        (-0.694 -0.000i)  (-0.701 -0.000i)  ( 0.167 -0.000i) 
        (-0.386 -0.000i)  ( 0.167 -0.000i)  (-0.907 -0.000i) 

      6 ( 0.196 -0.000i)  (-0.089 -0.000i)  ( 0.977 -0.000i) 
        (-0.089 -0.000i)  ( 0.990 -0.000i)  ( 0.109 -0.000i) 
        ( 0.977 -0.000i)  ( 0.109 -0.000i)  (-0.186 -0.000i) 

      7 (-1.000 -0.000i)  (-0.000 -0.000i)  ( 0.000 -0.000i) 
        (-0.000 -0.000i)  (-0.527 -0.000i)  (-0.850 -0.000i) 
        ( 0.000 -0.000i)  (-0.850 -0.000i)  ( 0.527 -0.000i) 

      8 ( 0.196 -0.000i)  ( 0.783 -0.000i)  (-0.590 -0.000i) 
        ( 0.783 -0.000i)  ( 0.238 -0.000i)  ( 0.575 -0.000i) 
        (-0.590 -0.000i)  ( 0.575 -0.000i)  ( 0.567 -0.000i) 

      9 (-0.397 -0.000i)  (-0.487 -0.000i)  (-0.778 -0.000i) 
        (-0.265 -0.000i)  ( 0.872 -0.000i)  (-0.411 -0.000i) 
        ( 0.879 -0.000i)  ( 0.043 -0.000i)  (-0.475 -0.000i) 

     10 ( 0.794 -0.000i)  ( 0.531 -0.000i)  ( 0.296 -0.000i) 
        ( 0.531 -0.000i)  (-0.369 -0.000i)  (-0.762 -0.000i) 
        ( 0.296 -0.000i)  (-0.762 -0.000i)  ( 0.575 -0.000i) 

     11 (-0.397 -0.000i)  (-0.918 -0.000i)  (-0.004 -0.000i) 
        ( 0.607 -0.000i)  (-0.266 -0.000i)  ( 0.748 -0.000i) 
        (-0.688 -0.000i)  ( 0.294 -0.000i)  ( 0.663 -0.000i) 

     12 (-0.000 -0.000i)  ( 0.874 -0.000i)  ( 0.487 -0.000i) 
        (-0.874 -0.000i)  (-0.237 -0.000i)  ( 0.425 -0.000i) 
        (-0.487 -0.000i)  ( 0.425 -0.000i)  (-0.763 -0.000i) 

     13 ( 0.397 -0.000i)  ( 0.487 -0.000i)  ( 0.778 -0.000i) 
        (-0.607 -0.000i)  (-0.496 -0.000i)  ( 0.621 -0.000i) 
        ( 0.688 -0.000i)  (-0.719 -0.000i)  ( 0.099 -0.000i) 

     14 (-0.794 -0.000i)  (-0.531 -0.000i)  (-0.296 -0.000i) 
        (-0.531 -0.000i)  ( 0.843 -0.000i)  (-0.088 -0.000i) 
        (-0.296 -0.000i)  (-0.088 -0.000i)  ( 0.951 -0.000i) 

     15 ( 0.397 -0.000i)  ( 0.918 -0.000i)  ( 0.004 -0.000i) 
        ( 0.265 -0.000i)  (-0.110 -0.000i)  (-0.958 -0.000i) 
        (-0.879 -0.000i)  ( 0.381 -0.000i)  (-0.287 -0.000i) 

     16 ( 0.000 -0.000i)  (-0.874 -0.000i)  (-0.487 -0.000i) 
        ( 0.874 -0.000i)  (-0.237 -0.000i)  ( 0.425 -0.000i) 
        ( 0.487 -0.000i)  ( 0.425 -0.000i)  (-0.763 -0.000i) 

     17 (-0.397 -0.000i)  (-0.265 -0.000i)  ( 0.879 -0.000i) 
        (-0.487 -0.000i)  ( 0.872 -0.000i)  ( 0.043 -0.000i) 
        (-0.778 -0.000i)  (-0.411 -0.000i)  (-0.475 -0.000i) 

     18 (-0.804 -0.000i)  ( 0.562 -0.000i)  (-0.194 -0.000i) 
        ( 0.131 -0.000i)  (-0.150 -0.000i)  (-0.980 -0.000i) 
        ( 0.580 -0.000i)  ( 0.813 -0.000i)  (-0.046 -0.000i) 

     19 ( 0.397 -0.000i)  ( 0.265 -0.000i)  (-0.879 -0.000i) 
        ( 0.918 -0.000i)  (-0.110 -0.000i)  ( 0.381 -0.000i) 
        ( 0.004 -0.000i)  (-0.958 -0.000i)  (-0.287 -0.000i) 

     20 ( 0.804 -0.000i)  (-0.562 -0.000i)  ( 0.194 -0.000i) 
        (-0.562 -0.000i)  (-0.613 -0.000i)  ( 0.555 -0.000i) 
        ( 0.194 -0.000i)  ( 0.555 -0.000i)  ( 0.809 -0.000i) 

     21 (-0.397 -0.000i)  ( 0.607 -0.000i)  (-0.688 -0.000i) 
        (-0.918 -0.000i)  (-0.266 -0.000i)  ( 0.294 -0.000i) 
        (-0.004 -0.000i)  ( 0.748 -0.000i)  ( 0.663 -0.000i) 

     22 ( 0.804 -0.000i)  (-0.131 -0.000i)  (-0.580 -0.000i) 
        (-0.131 -0.000i)  ( 0.912 -0.000i)  (-0.389 -0.000i) 
        (-0.580 -0.000i)  (-0.389 -0.000i)  (-0.716 -0.000i) 

     23 ( 0.397 -0.000i)  (-0.607 -0.000i)  ( 0.688 -0.000i) 
        ( 0.487 -0.000i)  (-0.496 -0.000i)  (-0.719 -0.000i) 
        ( 0.778 -0.000i)  ( 0.621 -0.000i)  ( 0.099 -0.000i) 

     24 (-0.804 -0.000i)  ( 0.131 -0.000i)  ( 0.580 -0.000i) 
        ( 0.562 -0.000i)  (-0.150 -0.000i)  ( 0.813 -0.000i) 
        (-0.194 -0.000i)  (-0.980 -0.000i)  (-0.046 -0.000i) 

     25 (-1.000 -0.000i)  ( 0.000 -0.000i)  (-0.000 -0.000i) 
        ( 0.000 -0.000i)  (-1.000 -0.000i)  (-0.000 -0.000i) 
        (-0.000 -0.000i)  (-0.000 -0.000i)  (-1.000 -0.000i) 

     26 ( 0.196 -0.000i)  ( 0.783 -0.000i)  (-0.590 -0.000i) 
        (-0.089 -0.000i)  ( 0.614 -0.000i)  ( 0.784 -0.000i) 
        ( 0.977 -0.000i)  (-0.101 -0.000i)  ( 0.190 -0.000i) 

     27 ( 0.608 -0.000i)  (-0.694 -0.000i)  (-0.386 -0.000i) 
        (-0.694 -0.000i)  (-0.228 -0.000i)  (-0.684 -0.000i) 
        (-0.386 -0.000i)  (-0.684 -0.000i)  ( 0.619 -0.000i) 

     28 ( 0.196 -0.000i)  (-0.089 -0.000i)  ( 0.977 -0.000i) 
        ( 0.783 -0.000i)  ( 0.614 -0.000i)  (-0.101 -0.000i) 
        (-0.590 -0.000i)  ( 0.784 -0.000i)  ( 0.190 -0.000i) 

     29 (-0.608 -0.000i)  ( 0.694 -0.000i)  ( 0.386 -0.000i) 
        ( 0.694 -0.000i)  ( 0.701 -0.000i)  (-0.167 -0.000i) 
        ( 0.386 -0.000i)  (-0.167 -0.000i)  ( 0.907 -0.000i) 

     30 (-0.196 -0.000i)  ( 0.089 -0.000i)  (-0.977 -0.000i) 
        ( 0.089 -0.000i)  (-0.990 -0.000i)  (-0.109 -0.000i) 
        (-0.977 -0.000i)  (-0.109 -0.000i)  ( 0.186 -0.000i) 

     31 ( 1.000 -0.000i)  ( 0.000 -0.000i)  (-0.000 -0.000i) 
        ( 0.000 -0.000i)  ( 0.527 -0.000i)  ( 0.850 -0.000i) 
        (-0.000 -0.000i)  ( 0.850 -0.000i)  (-0.527 -0.000i) 

     32 (-0.196 -0.000i)  (-0.783 -0.000i)  ( 0.590 -0.000i) 
        (-0.783 -0.000i)  (-0.238 -0.000i)  (-0.575 -0.000i) 
        ( 0.590 -0.000i)  (-0.575 -0.000i)  (-0.567 -0.000i) 

     33 ( 0.397 -0.000i)  ( 0.487 -0.000i)  ( 0.778 -0.000i) 
        ( 0.265 -0.000i)  (-0.872 -0.000i)  ( 0.411 -0.000i) 
        (-0.879 -0.000i)  (-0.043 -0.000i)  ( 0.475 -0.000i) 

     34 (-0.794 -0.000i)  (-0.531 -0.000i)  (-0.296 -0.000i) 
        (-0.531 -0.000i)  ( 0.369 -0.000i)  ( 0.762 -0.000i) 
        (-0.296 -0.000i)  ( 0.762 -0.000i)  (-0.575 -0.000i) 

     35 ( 0.397 -0.000i)  ( 0.918 -0.000i)  ( 0.004 -0.000i) 
        (-0.607 -0.000i)  ( 0.266 -0.000i)  (-0.748 -0.000i) 
        ( 0.688 -0.000i)  (-0.294 -0.000i)  (-0.663 -0.000i) 

     36 (-0.000 -0.000i)  (-0.874 -0.000i)  (-0.487 -0.000i) 
        ( 0.874 -0.000i)  ( 0.237 -0.000i)  (-0.425 -0.000i) 
        ( 0.487 -0.000i)  (-0.425 -0.000i)  ( 0.763 -0.000i) 

     37 (-0.397 -0.000i)  (-0.487 -0.000i)  (-0.778 -0.000i) 
        ( 0.607 -0.000i)  ( 0.496 -0.000i)  (-0.621 -0.000i) 
        (-0.688 -0.000i)  ( 0.719 -0.000i)  (-0.099 -0.000i) 

     38 ( 0.794 -0.000i)  ( 0.531 -0.000i)  ( 0.296 -0.000i) 
        ( 0.531 -0.000i)  (-0.843 -0.000i)  ( 0.088 -0.000i) 
        ( 0.296 -0.000i)  ( 0.088 -0.000i)  (-0.951 -0.000i) 

     39 (-0.397 -0.000i)  (-0.918 -0.000i)  (-0.004 -0.000i) 
        (-0.265 -0.000i)  ( 0.110 -0.000i)  ( 0.958 -0.000i) 
        ( 0.879 -0.000i)  (-0.381 -0.000i)  ( 0.287 -0.000i) 

     40 ( 0.000 -0.000i)  ( 0.874 -0.000i)  ( 0.487 -0.000i) 
        (-0.874 -0.000i)  ( 0.237 -0.000i)  (-0.425 -0.000i) 
        (-0.487 -0.000i)  (-0.425 -0.000i)  ( 0.763 -0.000i) 

     41 ( 0.397 -0.000i)  ( 0.265 -0.000i)  (-0.879 -0.000i) 
        ( 0.487 -0.000i)  (-0.872 -0.000i)  (-0.043 -0.000i) 
        ( 0.778 -0.000i)  ( 0.411 -0.000i)  ( 0.475 -0.000i) 

     42 ( 0.804 -0.000i)  (-0.562 -0.000i)  ( 0.194 -0.000i) 
        (-0.131 -0.000i)  ( 0.150 -0.000i)  ( 0.980 -0.000i) 
        (-0.580 -0.000i)  (-0.813 -0.000i)  ( 0.046 -0.000i) 

     43 (-0.397 -0.000i)  (-0.265 -0.000i)  ( 0.879 -0.000i) 
        (-0.918 -0.000i)  ( 0.110 -0.000i)  (-0.381 -0.000i) 
        (-0.004 -0.000i)  ( 0.958 -0.000i)  ( 0.287 -0.000i) 

     44 (-0.804 -0.000i)  ( 0.562 -0.000i)  (-0.194 -0.000i) 
        ( 0.562 -0.000i)  ( 0.613 -0.000i)  (-0.555 -0.000i) 
        (-0.194 -0.000i)  (-0.555 -0.000i)  (-0.809 -0.000i) 

     45 ( 0.397 -0.000i)  (-0.607 -0.000i)  ( 0.688 -0.000i) 
        ( 0.918 -0.000i)  ( 0.266 -0.000i)  (-0.294 -0.000i) 
        ( 0.004 -0.000i)  (-0.748 -0.000i)  (-0.663 -0.000i) 

     46 (-0.804 -0.000i)  ( 0.131 -0.000i)  ( 0.580 -0.000i) 
        ( 0.131 -0.000i)  (-0.912 -0.000i)  ( 0.389 -0.000i) 
        ( 0.580 -0.000i)  ( 0.389 -0.000i)  ( 0.716 -0.000i) 

     47 (-0.397 -0.000i)  ( 0.607 -0.000i)  (-0.688 -0.000i) 
        (-0.487 -0.000i)  ( 0.496 -0.000i)  ( 0.719 -0.000i) 
        (-0.778 -0.000i)  (-0.621 -0.000i)  (-0.099 -0.000i) 

     48 ( 0.804 -0.000i)  (-0.131 -0.000i)  (-0.580 -0.000i) 
        (-0.562 -0.000i)  ( 0.150 -0.000i)  (-0.813 -0.000i) 
        ( 0.194 -0.000i)  ( 0.980 -0.000i)  ( 0.046 -0.000i) 

 44 (   4.856):

      1 ( 1.000 -0.000i)  (-0.000 -0.000i)  ( 0.000 -0.000i) 
        (-0.000 -0.000i)  ( 1.000 -0.000i)  ( 0.000 -0.000i) 
        ( 0.000 -0.000i)  ( 0.000 -0.000i)  ( 1.000 -0.000i) 

      2 ( 0.169 -0.000i)  ( 0.677 -0.000i)  ( 0.716 -0.000i) 
        ( 0.023 -0.000i)  ( 0.724 -0.000i)  (-0.689 -0.000i) 
        (-0.985 -0.000i)  ( 0.133 -0.000i)  ( 0.107 -0.000i) 

      3 (-0.662 -0.000i)  ( 0.700 -0.000i)  (-0.269 -0.000i) 
        ( 0.700 -0.000i)  ( 0.448 -0.000i)  (-0.556 -0.000i) 
        (-0.269 -0.000i)  (-0.556 -0.000i)  (-0.786 -0.000i) 

      4 ( 0.169 -0.000i)  ( 0.023 -0.000i)  (-0.985 -0.000i) 
        ( 0.677 -0.000i)  ( 0.724 -0.000i)  ( 0.133 -0.000i) 
        ( 0.716 -0.000i)  (-0.689 -0.000i)  ( 0.107 -0.000i) 

      5 (-0.960 -0.000i)  ( 0.084 -0.000i)  ( 0.269 -0.000i) 
        ( 0.084 -0.000i)  (-0.827 -0.000i)  ( 0.556 -0.000i) 
        ( 0.269 -0.000i)  ( 0.556 -0.000i)  ( 0.786 -0.000i) 

      6 (-0.425 -0.000i)  (-0.553 -0.000i)  (-0.716 -0.000i) 
        (-0.553 -0.000i)  (-0.468 -0.000i)  ( 0.689 -0.000i) 
        (-0.716 -0.000i)  ( 0.689 -0.000i)  (-0.107 -0.000i) 

      7 ( 0.621 -0.000i)  (-0.784 -0.000i)  ( 0.000 -0.000i) 
        (-0.784 -0.000i)  (-0.621 -0.000i)  (-0.000 -0.000i) 
        ( 0.000 -0.000i)  (-0.000 -0.000i)  (-1.000 -0.000i) 

      8 ( 0.087 -0.000i)  (-0.147 -0.000i)  ( 0.985 -0.000i) 
        (-0.147 -0.000i)  (-0.980 -0.000i)  (-0.133 -0.000i) 
        ( 0.985 -0.000i)  (-0.133 -0.000i)  (-0.107 -0.000i) 

      9 ( 0.557 -0.000i)  ( 0.207 -0.000i)  ( 0.804 -0.000i) 
        ( 0.825 -0.000i)  (-0.248 -0.000i)  (-0.508 -0.000i) 
        ( 0.094 -0.000i)  ( 0.946 -0.000i)  (-0.309 -0.000i) 

     10 (-0.694 -0.000i)  ( 0.634 -0.000i)  ( 0.342 -0.000i) 
        ( 0.634 -0.000i)  ( 0.311 -0.000i)  ( 0.708 -0.000i) 
        ( 0.342 -0.000i)  ( 0.708 -0.000i)  (-0.618 -0.000i) 

     11 (-0.440 -0.000i)  ( 0.035 -0.000i)  (-0.897 -0.000i) 
        (-0.583 -0.000i)  ( 0.749 -0.000i)  ( 0.315 -0.000i) 
        ( 0.683 -0.000i)  ( 0.662 -0.000i)  (-0.309 -0.000i) 

     12 ( 0.811 -0.000i)  (-0.392 -0.000i)  (-0.435 -0.000i) 
        (-0.392 -0.000i)  ( 0.189 -0.000i)  (-0.900 -0.000i) 
        ( 0.435 -0.000i)  ( 0.900 -0.000i)  ( 0.000 -0.000i) 

     13 (-0.301 -0.000i)  ( 0.323 -0.000i)  ( 0.897 -0.000i) 
        (-0.949 -0.000i)  (-0.008 -0.000i)  (-0.315 -0.000i) 
        (-0.094 -0.000i)  (-0.946 -0.000i)  ( 0.309 -0.000i) 

     14 (-0.928 -0.000i)  ( 0.150 -0.000i)  (-0.342 -0.000i) 
        ( 0.150 -0.000i)  (-0.690 -0.000i)  (-0.708 -0.000i) 
        (-0.342 -0.000i)  (-0.708 -0.000i)  ( 0.618 -0.000i) 

     15 ( 0.184 -0.000i)  (-0.565 -0.000i)  (-0.804 -0.000i) 
        ( 0.707 -0.000i)  (-0.493 -0.000i)  ( 0.508 -0.000i) 
        (-0.683 -0.000i)  (-0.662 -0.000i)  ( 0.309 -0.000i) 

     16 ( 0.811 -0.000i)  (-0.392 -0.000i)  ( 0.435 -0.000i) 
        (-0.392 -0.000i)  ( 0.189 -0.000i)  ( 0.900 -0.000i) 
        (-0.435 -0.000i)  (-0.900 -0.000i)  (-0.000 -0.000i) 

     17 ( 0.557 -0.000i)  ( 0.825 -0.000i)  ( 0.094 -0.000i) 
        ( 0.207 -0.000i)  (-0.248 -0.000i)  ( 0.946 -0.000i) 
        ( 0.804 -0.000i)  (-0.508 -0.000i)  (-0.309 -0.000i) 

     18 ( 0.020 -0.000i)  ( 0.987 -0.000i)  (-0.160 -0.000i) 
        (-0.903 -0.000i)  ( 0.087 -0.000i)  ( 0.420 -0.000i) 
        ( 0.429 -0.000i)  ( 0.136 -0.000i)  ( 0.893 -0.000i) 

     19 ( 0.184 -0.000i)  ( 0.707 -0.000i)  (-0.683 -0.000i) 
        (-0.565 -0.000i)  (-0.493 -0.000i)  (-0.662 -0.000i) 
        (-0.804 -0.000i)  ( 0.508 -0.000i)  ( 0.309 -0.000i) 

     20 ( 0.720 -0.000i)  ( 0.545 -0.000i)  (-0.429 -0.000i) 
        ( 0.545 -0.000i)  (-0.827 -0.000i)  (-0.136 -0.000i) 
        (-0.429 -0.000i)  (-0.136 -0.000i)  (-0.893 -0.000i) 

     21 (-0.440 -0.000i)  (-0.583 -0.000i)  ( 0.683 -0.000i) 
        ( 0.035 -0.000i)  ( 0.749 -0.000i)  ( 0.662 -0.000i) 
        (-0.897 -0.000i)  ( 0.315 -0.000i)  (-0.309 -0.000i) 

     22 (-0.761 -0.000i)  (-0.629 -0.000i)  ( 0.160 -0.000i) 
        (-0.629 -0.000i)  ( 0.654 -0.000i)  (-0.420 -0.000i) 
        ( 0.160 -0.000i)  (-0.420 -0.000i)  (-0.893 -0.000i) 

     23 (-0.301 -0.000i)  (-0.949 -0.000i)  (-0.094 -0.000i) 
        ( 0.323 -0.000i)  (-0.008 -0.000i)  (-0.946 -0.000i) 
        ( 0.897 -0.000i)  (-0.315 -0.000i)  ( 0.309 -0.000i) 

     24 ( 0.020 -0.000i)  (-0.903 -0.000i)  ( 0.429 -0.000i) 
        ( 0.987 -0.000i)  ( 0.087 -0.000i)  ( 0.136 -0.000i) 
        (-0.160 -0.000i)  ( 0.420 -0.000i)  ( 0.893 -0.000i) 

     25 ( 1.000 -0.000i)  (-0.000 -0.000i)  ( 0.000 -0.000i) 
        (-0.000 -0.000i)  ( 1.000 -0.000i)  ( 0.000 -0.000i) 
        ( 0.000 -0.000i)  ( 0.000 -0.000i)  ( 1.000 -0.000i) 

     26 ( 0.169 -0.000i)  ( 0.677 -0.000i)  ( 0.716 -0.000i) 
        ( 0.023 -0.000i)  ( 0.724 -0.000i)  (-0.689 -0.000i) 
        (-0.985 -0.000i)  ( 0.133 -0.000i)  ( 0.107 -0.000i) 

     27 (-0.662 -0.000i)  ( 0.700 -0.000i)  (-0.269 -0.000i) 
        ( 0.700 -0.000i)  ( 0.448 -0.000i)  (-0.556 -0.000i) 
        (-0.269 -0.000i)  (-0.556 -0.000i)  (-0.786 -0.000i) 

     28 ( 0.169 -0.000i)  ( 0.023 -0.000i)  (-0.985 -0.000i) 
        ( 0.677 -0.000i)  ( 0.724 -0.000i)  ( 0.133 -0.000i) 
        ( 0.716 -0.000i)  (-0.689 -0.000i)  ( 0.107 -0.000i) 

     29 (-0.960 -0.000i)  ( 0.084 -0.000i)  ( 0.269 -0.000i) 
        ( 0.084 -0.000i)  (-0.827 -0.000i)  ( 0.556 -0.000i) 
        ( 0.269 -0.000i)  ( 0.556 -0.000i)  ( 0.786 -0.000i) 

     30 (-0.425 -0.000i)  (-0.553 -0.000i)  (-0.716 -0.000i) 
        (-0.553 -0.000i)  (-0.468 -0.000i)  ( 0.689 -0.000i) 
        (-0.716 -0.000i)  ( 0.689 -0.000i)  (-0.107 -0.000i) 

     31 ( 0.621 -0.000i)  (-0.784 -0.000i)  ( 0.000 -0.000i) 
        (-0.784 -0.000i)  (-0.621 -0.000i)  (-0.000 -0.000i) 
        ( 0.000 -0.000i)  (-0.000 -0.000i)  (-1.000 -0.000i) 

     32 ( 0.087 -0.000i)  (-0.147 -0.000i)  ( 0.985 -0.000i) 
        (-0.147 -0.000i)  (-0.980 -0.000i)  (-0.133 -0.000i) 
        ( 0.985 -0.000i)  (-0.133 -0.000i)  (-0.107 -0.000i) 

     33 ( 0.557 -0.000i)  ( 0.207 -0.000i)  ( 0.804 -0.000i) 
        ( 0.825 -0.000i)  (-0.248 -0.000i)  (-0.508 -0.000i) 
        ( 0.094 -0.000i)  ( 0.946 -0.000i)  (-0.309 -0.000i) 

     34 (-0.694 -0.000i)  ( 0.634 -0.000i)  ( 0.342 -0.000i) 
        ( 0.634 -0.000i)  ( 0.311 -0.000i)  ( 0.708 -0.000i) 
        ( 0.342 -0.000i)  ( 0.708 -0.000i)  (-0.618 -0.000i) 

     35 (-0.440 -0.000i)  ( 0.035 -0.000i)  (-0.897 -0.000i) 
        (-0.583 -0.000i)  ( 0.749 -0.000i)  ( 0.315 -0.000i) 
        ( 0.683 -0.000i)  ( 0.662 -0.000i)  (-0.309 -0.000i) 

     36 ( 0.811 -0.000i)  (-0.392 -0.000i)  (-0.435 -0.000i) 
        (-0.392 -0.000i)  ( 0.189 -0.000i)  (-0.900 -0.000i) 
        ( 0.435 -0.000i)  ( 0.900 -0.000i)  (-0.000 -0.000i) 

     37 (-0.301 -0.000i)  ( 0.323 -0.000i)  ( 0.897 -0.000i) 
        (-0.949 -0.000i)  (-0.008 -0.000i)  (-0.315 -0.000i) 
        (-0.094 -0.000i)  (-0.946 -0.000i)  ( 0.309 -0.000i) 

     38 (-0.928 -0.000i)  ( 0.150 -0.000i)  (-0.342 -0.000i) 
        ( 0.150 -0.000i)  (-0.690 -0.000i)  (-0.708 -0.000i) 
        (-0.342 -0.000i)  (-0.708 -0.000i)  ( 0.618 -0.000i) 

     39 ( 0.184 -0.000i)  (-0.565 -0.000i)  (-0.804 -0.000i) 
        ( 0.707 -0.000i)  (-0.493 -0.000i)  ( 0.508 -0.000i) 
        (-0.683 -0.000i)  (-0.662 -0.000i)  ( 0.309 -0.000i) 

     40 ( 0.811 -0.000i)  (-0.392 -0.000i)  ( 0.435 -0.000i) 
        (-0.392 -0.000i)  ( 0.189 -0.000i)  ( 0.900 -0.000i) 
        (-0.435 -0.000i)  (-0.900 -0.000i)  ( 0.000 -0.000i) 

     41 ( 0.557 -0.000i)  ( 0.825 -0.000i)  ( 0.094 -0.000i) 
        ( 0.207 -0.000i)  (-0.248 -0.000i)  ( 0.946 -0.000i) 
        ( 0.804 -0.000i)  (-0.508 -0.000i)  (-0.309 -0.000i) 

     42 ( 0.020 -0.000i)  ( 0.987 -0.000i)  (-0.160 -0.000i) 
        (-0.903 -0.000i)  ( 0.087 -0.000i)  ( 0.420 -0.000i) 
        ( 0.429 -0.000i)  ( 0.136 -0.000i)  ( 0.893 -0.000i) 

     43 ( 0.184 -0.000i)  ( 0.707 -0.000i)  (-0.683 -0.000i) 
        (-0.565 -0.000i)  (-0.493 -0.000i)  (-0.662 -0.000i) 
        (-0.804 -0.000i)  ( 0.508 -0.000i)  ( 0.309 -0.000i) 

     44 ( 0.720 -0.000i)  ( 0.545 -0.000i)  (-0.429 -0.000i) 
        ( 0.545 -0.000i)  (-0.827 -0.000i)  (-0.136 -0.000i) 
        (-0.429 -0.000i)  (-0.136 -0.000i)  (-0.893 -0.000i) 

     45 (-0.440 -0.000i)  (-0.583 -0.000i)  ( 0.683 -0.000i) 
        ( 0.035 -0.000i)  ( 0.749 -0.000i)  ( 0.662 -0.000i) 
        (-0.897 -0.000i)  ( 0.315 -0.000i)  (-0.309 -0.000i) 

     46 (-0.761 -0.000i)  (-0.629 -0.000i)  ( 0.160 -0.000i) 
        (-0.629 -0.000i)  ( 0.654 -0.000i)  (-0.420 -0.000i) 
        ( 0.160 -0.000i)  (-0.420 -0.000i)  (-0.893 -0.000i) 

     47 (-0.301 -0.000i)  (-0.949 -0.000i)  (-0.094 -0.000i) 
        ( 0.323 -0.000i)  (-0.008 -0.000i)  (-0.946 -0.000i) 
        ( 0.897 -0.000i)  (-0.315 -0.000i)  ( 0.309 -0.000i) 

     48 ( 0.020 -0.000i)  (-0.903 -0.000i)  ( 0.429 -0.000i) 
        ( 0.987 -0.000i)  ( 0.087 -0.000i)  ( 0.136 -0.000i) 
        (-0.160 -0.000i)  ( 0.420 -0.000i)  ( 0.893 -0.000i) 

 47 (   4.894):

      1 ( 1.000 -0.000i)  ( 0.000 -0.000i) 
        ( 0.000 -0.000i)  ( 1.000 -0.000i) 

      2 ( 0.518 -0.000i)  (-0.855 -0.000i) 
        (-0.855 -0.000i)  (-0.518 -0.000i) 

      3 ( 1.000 -0.000i)  ( 0.000 -0.000i) 
        ( 0.000 -0.000i)  ( 1.000 -0.000i) 

      4 ( 0.518 -0.000i)  (-0.855 -0.000i) 
        (-0.855 -0.000i)  (-0.518 -0.000i) 

      5 ( 1.000 -0.000i)  ( 0.000 -0.000i) 
        ( 0.000 -0.000i)  ( 1.000 -0.000i) 

      6 ( 0.518 -0.000i)  (-0.855 -0.000i) 
        (-0.855 -0.000i)  (-0.518 -0.000i) 

      7 ( 1.000 -0.000i)  ( 0.000 -0.000i) 
        ( 0.000 -0.000i)  ( 1.000 -0.000i) 

      8 ( 0.518 -0.000i)  (-0.855 -0.000i) 
        (-0.855 -0.000i)  (-0.518 -0.000i) 

      9 (-0.500 -0.000i)  (-0.866 -0.000i) 
        ( 0.866 -0.000i)  (-0.500 -0.000i) 

     10 ( 0.482 -0.000i)  ( 0.876 -0.000i) 
        ( 0.876 -0.000i)  (-0.482 -0.000i) 

     11 (-0.500 -0.000i)  (-0.866 -0.000i) 
        ( 0.866 -0.000i)  (-0.500 -0.000i) 

     12 ( 0.482 -0.000i)  ( 0.876 -0.000i) 
        ( 0.876 -0.000i)  (-0.482 -0.000i) 

     13 (-0.500 -0.000i)  (-0.866 -0.000i) 
        ( 0.866 -0.000i)  (-0.500 -0.000i) 

     14 ( 0.482 -0.000i)  ( 0.876 -0.000i) 
        ( 0.876 -0.000i)  (-0.482 -0.000i) 

     15 (-0.500 -0.000i)  (-0.866 -0.000i) 
        ( 0.866 -0.000i)  (-0.500 -0.000i) 

     16 ( 0.482 -0.000i)  ( 0.876 -0.000i) 
        ( 0.876 -0.000i)  (-0.482 -0.000i) 

     17 (-0.500 -0.000i)  ( 0.866 -0.000i) 
        (-0.866 -0.000i)  (-0.500 -0.000i) 

     18 (-1.000 -0.000i)  (-0.021 -0.000i) 
        (-0.021 -0.000i)  ( 1.000 -0.000i) 

     19 (-0.500 -0.000i)  ( 0.866 -0.000i) 
        (-0.866 -0.000i)  (-0.500 -0.000i) 

     20 (-1.000 -0.000i)  (-0.021 -0.000i) 
        (-0.021 -0.000i)  ( 1.000 -0.000i) 

     21 (-0.500 -0.000i)  ( 0.866 -0.000i) 
        (-0.866 -0.000i)  (-0.500 -0.000i) 

     22 (-1.000 -0.000i)  (-0.021 -0.000i) 
        (-0.021 -0.000i)  ( 1.000 -0.000i) 

     23 (-0.500 -0.000i)  ( 0.866 -0.000i) 
        (-0.866 -0.000i)  (-0.500 -0.000i) 

     24 (-1.000 -0.000i)  (-0.021 -0.000i) 
        (-0.021 -0.000i)  ( 1.000 -0.000i) 

     25 (-1.000 -0.000i)  (-0.000 -0.000i) 
        (-0.000 -0.000i)  (-1.000 -0.000i) 

     26 (-0.518 -0.000i)  ( 0.855 -0.000i) 
        ( 0.855 -0.000i)  ( 0.518 -0.000i) 

     27 (-1.000 -0.000i)  (-0.000 -0.000i) 
        (-0.000 -0.000i)  (-1.000 -0.000i) 

     28 (-0.518 -0.000i)  ( 0.855 -0.000i) 
        ( 0.855 -0.000i)  ( 0.518 -0.000i) 

     29 (-1.000 -0.000i)  (-0.000 -0.000i) 
        (-0.000 -0.000i)  (-1.000 -0.000i) 

     30 (-0.518 -0.000i)  ( 0.855 -0.000i) 
        ( 0.855 -0.000i)  ( 0.518 -0.000i) 

     31 (-1.000 -0.000i)  (-0.000 -0.000i) 
        (-0.000 -0.000i)  (-1.000 -0.000i) 

     32 (-0.518 -0.000i)  ( 0.855 -0.000i) 
        ( 0.855 -0.000i)  ( 0.518 -0.000i) 

     33 ( 0.500 -0.000i)  ( 0.866 -0.000i) 
        (-0.866 -0.000i)  ( 0.500 -0.000i) 

     34 (-0.482 -0.000i)  (-0.876 -0.000i) 
        (-0.876 -0.000i)  ( 0.482 -0.000i) 

     35 ( 0.500 -0.000i)  ( 0.866 -0.000i) 
        (-0.866 -0.000i)  ( 0.500 -0.000i) 

     36 (-0.482 -0.000i)  (-0.876 -0.000i) 
        (-0.876 -0.000i)  ( 0.482 -0.000i) 

     37 ( 0.500 -0.000i)  ( 0.866 -0.000i) 
        (-0.866 -0.000i)  ( 0.500 -0.000i) 

     38 (-0.482 -0.000i)  (-0.876 -0.000i) 
        (-0.876 -0.000i)  ( 0.482 -0.000i) 

     39 ( 0.500 -0.000i)  ( 0.866 -0.000i) 
        (-0.866 -0.000i)  ( 0.500 -0.000i) 

     40 (-0.482 -0.000i)  (-0.876 -0.000i) 
        (-0.876 -0.000i)  ( 0.482 -0.000i) 

     41 ( 0.500 -0.000i)  (-0.866 -0.000i) 
        ( 0.866 -0.000i)  ( 0.500 -0.000i) 

     42 ( 1.000 -0.000i)  ( 0.021 -0.000i) 
        ( 0.021 -0.000i)  (-1.000 -0.000i) 

     43 ( 0.500 -0.000i)  (-0.866 -0.000i) 
        ( 0.866 -0.000i)  ( 0.500 -0.000i) 

     44 ( 1.000 -0.000i)  ( 0.021 -0.000i) 
        ( 0.021 -0.000i)  (-1.000 -0.000i) 

     45 ( 0.500 -0.000i)  (-0.866 -0.000i) 
        ( 0.866 -0.000i)  ( 0.500 -0.000i) 

     46 ( 1.000 -0.000i)  ( 0.021 -0.000i) 
        ( 0.021 -0.000i)  (-1.000 -0.000i) 

     47 ( 0.500 -0.000i)  (-0.866 -0.000i) 
        ( 0.866 -0.000i)  ( 0.500 -0.000i) 

     48 ( 1.000 -0.000i)  ( 0.021 -0.000i) 
        ( 0.021 -0.000i)  (-1.000 -0.000i) 

 49 (   5.003):

      1 ( 1.000 -0.000i)  (-0.000 -0.000i)  (-0.000 -0.000i) 
        (-0.000 -0.000i)  ( 1.000 -0.000i)  (-0.000 -0.000i) 
        (-0.000 -0.000i)  (-0.000 -0.000i)  ( 1.000 -0.000i) 

      2 ( 0.381 -0.000i)  (-0.810 -0.000i)  (-0.446 -0.000i) 
        ( 0.762 -0.000i)  ( 0.002 -0.000i)  ( 0.647 -0.000i) 
        (-0.524 -0.000i)  (-0.586 -0.000i)  ( 0.618 -0.000i) 

      3 (-0.239 -0.000i)  (-0.048 -0.000i)  (-0.970 -0.000i) 
        (-0.048 -0.000i)  (-0.997 -0.000i)  ( 0.061 -0.000i) 
        (-0.970 -0.000i)  ( 0.061 -0.000i)  ( 0.236 -0.000i) 

      4 ( 0.381 -0.000i)  ( 0.762 -0.000i)  (-0.524 -0.000i) 
        (-0.810 -0.000i)  ( 0.002 -0.000i)  (-0.586 -0.000i) 
        (-0.446 -0.000i)  ( 0.647 -0.000i)  ( 0.618 -0.000i) 

      5 ( 0.231 -0.000i)  (-0.078 -0.000i)  ( 0.970 -0.000i) 
        (-0.078 -0.000i)  (-0.995 -0.000i)  (-0.061 -0.000i) 
        ( 0.970 -0.000i)  (-0.061 -0.000i)  (-0.236 -0.000i) 

      6 (-0.479 -0.000i)  (-0.756 -0.000i)  ( 0.446 -0.000i) 
        (-0.756 -0.000i)  ( 0.097 -0.000i)  (-0.647 -0.000i) 
        ( 0.446 -0.000i)  (-0.647 -0.000i)  (-0.618 -0.000i) 

      7 (-0.992 -0.000i)  ( 0.126 -0.000i)  ( 0.000 -0.000i) 
        ( 0.126 -0.000i)  ( 0.992 -0.000i)  ( 0.000 -0.000i) 
        ( 0.000 -0.000i)  ( 0.000 -0.000i)  (-1.000 -0.000i) 

      8 (-0.282 -0.000i)  ( 0.804 -0.000i)  ( 0.524 -0.000i) 
        ( 0.804 -0.000i)  (-0.100 -0.000i)  ( 0.586 -0.000i) 
        ( 0.524 -0.000i)  ( 0.586 -0.000i)  (-0.618 -0.000i) 

      9 ( 0.572 -0.000i)  ( 0.582 -0.000i)  (-0.578 -0.000i) 
        ( 0.750 -0.000i)  (-0.086 -0.000i)  ( 0.656 -0.000i) 
        ( 0.332 -0.000i)  (-0.809 -0.000i)  (-0.486 -0.000i) 

     10 ( 0.964 -0.000i)  (-0.124 -0.000i)  (-0.235 -0.000i) 
        (-0.124 -0.000i)  (-0.992 -0.000i)  ( 0.015 -0.000i) 
        (-0.235 -0.000i)  ( 0.015 -0.000i)  (-0.972 -0.000i) 

     11 ( 0.396 -0.000i)  (-0.643 -0.000i)  (-0.656 -0.000i) 
        (-0.811 -0.000i)  ( 0.090 -0.000i)  (-0.578 -0.000i) 
        ( 0.431 -0.000i)  ( 0.760 -0.000i)  (-0.486 -0.000i) 

     12 ( 0.004 -0.000i)  ( 0.063 -0.000i)  (-0.998 -0.000i) 
        ( 0.063 -0.000i)  ( 0.996 -0.000i)  ( 0.063 -0.000i) 
        ( 0.998 -0.000i)  (-0.063 -0.000i)  ( 0.000 -0.000i) 

     13 (-0.473 -0.000i)  (-0.588 -0.000i)  ( 0.656 -0.000i) 
        ( 0.816 -0.000i)  (-0.012 -0.000i)  ( 0.578 -0.000i) 
        (-0.332 -0.000i)  ( 0.809 -0.000i)  ( 0.486 -0.000i) 

     14 (-0.972 -0.000i)  (-0.002 -0.000i)  ( 0.235 -0.000i) 
        (-0.002 -0.000i)  (-1.000 -0.000i)  (-0.015 -0.000i) 
        ( 0.235 -0.000i)  (-0.015 -0.000i)  ( 0.972 -0.000i) 

     15 (-0.495 -0.000i)  ( 0.649 -0.000i)  ( 0.578 -0.000i) 
        (-0.755 -0.000i)  ( 0.009 -0.000i)  (-0.656 -0.000i) 
        (-0.431 -0.000i)  (-0.760 -0.000i)  ( 0.486 -0.000i) 

     16 ( 0.004 -0.000i)  ( 0.063 -0.000i)  ( 0.998 -0.000i) 
        ( 0.063 -0.000i)  ( 0.996 -0.000i)  (-0.063 -0.000i) 
        (-0.998 -0.000i)  ( 0.063 -0.000i)  ( 0.000 -0.000i) 

     17 ( 0.572 -0.000i)  ( 0.750 -0.000i)  ( 0.332 -0.000i) 
        ( 0.582 -0.000i)  (-0.086 -0.000i)  (-0.809 -0.000i) 
        (-0.578 -0.000i)  ( 0.656 -0.000i)  (-0.486 -0.000i) 

     18 ( 0.615 -0.000i)  (-0.657 -0.000i)  ( 0.435 -0.000i) 
        ( 0.579 -0.000i)  ( 0.002 -0.000i)  (-0.815 -0.000i) 
        ( 0.534 -0.000i)  ( 0.754 -0.000i)  ( 0.382 -0.000i) 

     19 (-0.495 -0.000i)  (-0.755 -0.000i)  (-0.431 -0.000i) 
        ( 0.649 -0.000i)  ( 0.009 -0.000i)  (-0.760 -0.000i) 
        ( 0.578 -0.000i)  (-0.656 -0.000i)  ( 0.486 -0.000i) 

     20 (-0.538 -0.000i)  ( 0.652 -0.000i)  (-0.534 -0.000i) 
        ( 0.652 -0.000i)  (-0.080 -0.000i)  (-0.754 -0.000i) 
        (-0.534 -0.000i)  (-0.754 -0.000i)  (-0.382 -0.000i) 

     21 ( 0.396 -0.000i)  (-0.811 -0.000i)  ( 0.431 -0.000i) 
        (-0.643 -0.000i)  ( 0.090 -0.000i)  ( 0.760 -0.000i) 
        (-0.656 -0.000i)  (-0.578 -0.000i)  (-0.486 -0.000i) 

     22 (-0.693 -0.000i)  (-0.574 -0.000i)  (-0.435 -0.000i) 
        (-0.574 -0.000i)  ( 0.075 -0.000i)  ( 0.815 -0.000i) 
        (-0.435 -0.000i)  ( 0.815 -0.000i)  (-0.382 -0.000i) 

     23 (-0.473 -0.000i)  ( 0.816 -0.000i)  (-0.332 -0.000i) 
        (-0.588 -0.000i)  (-0.012 -0.000i)  ( 0.809 -0.000i) 
        ( 0.656 -0.000i)  ( 0.578 -0.000i)  ( 0.486 -0.000i) 

     24 ( 0.615 -0.000i)  ( 0.579 -0.000i)  ( 0.534 -0.000i) 
        (-0.657 -0.000i)  ( 0.002 -0.000i)  ( 0.754 -0.000i) 
        ( 0.435 -0.000i)  (-0.815 -0.000i)  ( 0.382 -0.000i) 

     25 (-1.000 -0.000i)  ( 0.000 -0.000i)  ( 0.000 -0.000i) 
        ( 0.000 -0.000i)  (-1.000 -0.000i)  ( 0.000 -0.000i) 
        ( 0.000 -0.000i)  ( 0.000 -0.000i)  (-1.000 -0.000i) 

     26 (-0.381 -0.000i)  ( 0.810 -0.000i)  ( 0.446 -0.000i) 
        (-0.762 -0.000i)  (-0.002 -0.000i)  (-0.647 -0.000i) 
        ( 0.524 -0.000i)  ( 0.586 -0.000i)  (-0.618 -0.000i) 

     27 ( 0.239 -0.000i)  ( 0.048 -0.000i)  ( 0.970 -0.000i) 
        ( 0.048 -0.000i)  ( 0.997 -0.000i)  (-0.061 -0.000i) 
        ( 0.970 -0.000i)  (-0.061 -0.000i)  (-0.236 -0.000i) 

     28 (-0.381 -0.000i)  (-0.762 -0.000i)  ( 0.524 -0.000i) 
        ( 0.810 -0.000i)  (-0.002 -0.000i)  ( 0.586 -0.000i) 
        ( 0.446 -0.000i)  (-0.647 -0.000i)  (-0.618 -0.000i) 

     29 (-0.231 -0.000i)  ( 0.078 -0.000i)  (-0.970 -0.000i) 
        ( 0.078 -0.000i)  ( 0.995 -0.000i)  ( 0.061 -0.000i) 
        (-0.970 -0.000i)  ( 0.061 -0.000i)  ( 0.236 -0.000i) 

     30 ( 0.479 -0.000i)  ( 0.756 -0.000i)  (-0.446 -0.000i) 
        ( 0.756 -0.000i)  (-0.097 -0.000i)  ( 0.647 -0.000i) 
        (-0.446 -0.000i)  ( 0.647 -0.000i)  ( 0.618 -0.000i) 

     31 ( 0.992 -0.000i)  (-0.126 -0.000i)  (-0.000 -0.000i) 
        (-0.126 -0.000i)  (-0.992 -0.000i)  (-0.000 -0.000i) 
        (-0.000 -0.000i)  (-0.000 -0.000i)  ( 1.000 -0.000i) 

     32 ( 0.282 -0.000i)  (-0.804 -0.000i)  (-0.524 -0.000i) 
        (-0.804 -0.000i)  ( 0.100 -0.000i)  (-0.586 -0.000i) 
        (-0.524 -0.000i)  (-0.586 -0.000i)  ( 0.618 -0.000i) 

     33 (-0.572 -0.000i)  (-0.582 -0.000i)  ( 0.578 -0.000i) 
        (-0.750 -0.000i)  ( 0.086 -0.000i)  (-0.656 -0.000i) 
        (-0.332 -0.000i)  ( 0.809 -0.000i)  ( 0.486 -0.000i) 

     34 (-0.964 -0.000i)  ( 0.124 -0.000i)  ( 0.235 -0.000i) 
        ( 0.124 -0.000i)  ( 0.992 -0.000i)  (-0.015 -0.000i) 
        ( 0.235 -0.000i)  (-0.015 -0.000i)  ( 0.972 -0.000i) 

     35 (-0.396 -0.000i)  ( 0.643 -0.000i)  ( 0.656 -0.000i) 
        ( 0.811 -0.000i)  (-0.090 -0.000i)  ( 0.578 -0.000i) 
        (-0.431 -0.000i)  (-0.760 -0.000i)  ( 0.486 -0.000i) 

     36 (-0.004 -0.000i)  (-0.063 -0.000i)  ( 0.998 -0.000i) 
        (-0.063 -0.000i)  (-0.996 -0.000i)  (-0.063 -0.000i) 
        (-0.998 -0.000i)  ( 0.063 -0.000i)  ( 0.000 -0.000i) 

     37 ( 0.473 -0.000i)  ( 0.588 -0.000i)  (-0.656 -0.000i) 
        (-0.816 -0.000i)  ( 0.012 -0.000i)  (-0.578 -0.000i) 
        ( 0.332 -0.000i)  (-0.809 -0.000i)  (-0.486 -0.000i) 

     38 ( 0.972 -0.000i)  ( 0.002 -0.000i)  (-0.235 -0.000i) 
        ( 0.002 -0.000i)  ( 1.000 -0.000i)  ( 0.015 -0.000i) 
        (-0.235 -0.000i)  ( 0.015 -0.000i)  (-0.972 -0.000i) 

     39 ( 0.495 -0.000i)  (-0.649 -0.000i)  (-0.578 -0.000i) 
        ( 0.755 -0.000i)  (-0.009 -0.000i)  ( 0.656 -0.000i) 
        ( 0.431 -0.000i)  ( 0.760 -0.000i)  (-0.486 -0.000i) 

     40 (-0.004 -0.000i)  (-0.063 -0.000i)  (-0.998 -0.000i) 
        (-0.063 -0.000i)  (-0.996 -0.000i)  ( 0.063 -0.000i) 
        ( 0.998 -0.000i)  (-0.063 -0.000i)  ( 0.000 -0.000i) 

     41 (-0.572 -0.000i)  (-0.750 -0.000i)  (-0.332 -0.000i) 
        (-0.582 -0.000i)  ( 0.086 -0.000i)  ( 0.809 -0.000i) 
        ( 0.578 -0.000i)  (-0.656 -0.000i)  ( 0.486 -0.000i) 

     42 (-0.615 -0.000i)  ( 0.657 -0.000i)  (-0.435 -0.000i) 
        (-0.579 -0.000i)  (-0.002 -0.000i)  ( 0.815 -0.000i) 
        (-0.534 -0.000i)  (-0.754 -0.000i)  (-0.382 -0.000i) 

     43 ( 0.495 -0.000i)  ( 0.755 -0.000i)  ( 0.431 -0.000i) 
        (-0.649 -0.000i)  (-0.009 -0.000i)  ( 0.760 -0.000i) 
        (-0.578 -0.000i)  ( 0.656 -0.000i)  (-0.486 -0.000i) 

     44 ( 0.538 -0.000i)  (-0.652 -0.000i)  ( 0.534 -0.000i) 
        (-0.652 -0.000i)  ( 0.080 -0.000i)  ( 0.754 -0.000i) 
        ( 0.534 -0.000i)  ( 0.754 -0.000i)  ( 0.382 -0.000i) 

     45 (-0.396 -0.000i)  ( 0.811 -0.000i)  (-0.431 -0.000i) 
        ( 0.643 -0.000i)  (-0.090 -0.000i)  (-0.760 -0.000i) 
        ( 0.656 -0.000i)  ( 0.578 -0.000i)  ( 0.486 -0.000i) 

     46 ( 0.693 -0.000i)  ( 0.574 -0.000i)  ( 0.435 -0.000i) 
        ( 0.574 -0.000i)  (-0.075 -0.000i)  (-0.815 -0.000i) 
        ( 0.435 -0.000i)  (-0.815 -0.000i)  ( 0.382 -0.000i) 

     47 ( 0.473 -0.000i)  (-0.816 -0.000i)  ( 0.332 -0.000i) 
        ( 0.588 -0.000i)  ( 0.012 -0.000i)  (-0.809 -0.000i) 
        (-0.656 -0.000i)  (-0.578 -0.000i)  (-0.486 -0.000i) 

     48 (-0.615 -0.000i)  (-0.579 -0.000i)  (-0.534 -0.000i) 
        ( 0.657 -0.000i)  (-0.002 -0.000i)  (-0.754 -0.000i) 
        (-0.435 -0.000i)  ( 0.815 -0.000i)  (-0.382 -0.000i) 

 52 (   5.144):

      1 ( 1.000 -0.000i)  ( 0.000 -0.000i) 
        ( 0.000 -0.000i)  ( 1.000 -0.000i) 

      2 (-0.034 -0.000i)  ( 0.999 -0.000i) 
        ( 0.999 -0.000i)  ( 0.034 -0.000i) 

      3 ( 1.000 -0.000i)  ( 0.000 -0.000i) 
        ( 0.000 -0.000i)  ( 1.000 -0.000i) 

      4 (-0.034 -0.000i)  ( 0.999 -0.000i) 
        ( 0.999 -0.000i)  ( 0.034 -0.000i) 

      5 ( 1.000 -0.000i)  ( 0.000 -0.000i) 
        ( 0.000 -0.000i)  ( 1.000 -0.000i) 

      6 (-0.034 -0.000i)  ( 0.999 -0.000i) 
        ( 0.999 -0.000i)  ( 0.034 -0.000i) 

      7 ( 1.000 -0.000i)  ( 0.000 -0.000i) 
        ( 0.000 -0.000i)  ( 1.000 -0.000i) 

      8 (-0.034 -0.000i)  ( 0.999 -0.000i) 
        ( 0.999 -0.000i)  ( 0.034 -0.000i) 

      9 (-0.500 -0.000i)  ( 0.866 -0.000i) 
        (-0.866 -0.000i)  (-0.500 -0.000i) 

     10 ( 0.883 -0.000i)  (-0.470 -0.000i) 
        (-0.470 -0.000i)  (-0.883 -0.000i) 

     11 (-0.500 -0.000i)  ( 0.866 -0.000i) 
        (-0.866 -0.000i)  (-0.500 -0.000i) 

     12 ( 0.883 -0.000i)  (-0.470 -0.000i) 
        (-0.470 -0.000i)  (-0.883 -0.000i) 

     13 (-0.500 -0.000i)  ( 0.866 -0.000i) 
        (-0.866 -0.000i)  (-0.500 -0.000i) 

     14 ( 0.883 -0.000i)  (-0.470 -0.000i) 
        (-0.470 -0.000i)  (-0.883 -0.000i) 

     15 (-0.500 -0.000i)  ( 0.866 -0.000i) 
        (-0.866 -0.000i)  (-0.500 -0.000i) 

     16 ( 0.883 -0.000i)  (-0.470 -0.000i) 
        (-0.470 -0.000i)  (-0.883 -0.000i) 

     17 (-0.500 -0.000i)  (-0.866 -0.000i) 
        ( 0.866 -0.000i)  (-0.500 -0.000i) 

     18 (-0.848 -0.000i)  (-0.529 -0.000i) 
        (-0.529 -0.000i)  ( 0.848 -0.000i) 

     19 (-0.500 -0.000i)  (-0.866 -0.000i) 
        ( 0.866 -0.000i)  (-0.500 -0.000i) 

     20 (-0.848 -0.000i)  (-0.529 -0.000i) 
        (-0.529 -0.000i)  ( 0.848 -0.000i) 

     21 (-0.500 -0.000i)  (-0.866 -0.000i) 
        ( 0.866 -0.000i)  (-0.500 -0.000i) 

     22 (-0.848 -0.000i)  (-0.529 -0.000i) 
        (-0.529 -0.000i)  ( 0.848 -0.000i) 

     23 (-0.500 -0.000i)  (-0.866 -0.000i) 
        ( 0.866 -0.000i)  (-0.500 -0.000i) 

     24 (-0.848 -0.000i)  (-0.529 -0.000i) 
        (-0.529 -0.000i)  ( 0.848 -0.000i) 

     25 ( 1.000 -0.000i)  ( 0.000 -0.000i) 
        ( 0.000 -0.000i)  ( 1.000 -0.000i) 

     26 (-0.034 -0.000i)  ( 0.999 -0.000i) 
        ( 0.999 -0.000i)  ( 0.034 -0.000i) 

     27 ( 1.000 -0.000i)  ( 0.000 -0.000i) 
        ( 0.000 -0.000i)  ( 1.000 -0.000i) 

     28 (-0.034 -0.000i)  ( 0.999 -0.000i) 
        ( 0.999 -0.000i)  ( 0.034 -0.000i) 

     29 ( 1.000 -0.000i)  ( 0.000 -0.000i) 
        ( 0.000 -0.000i)  ( 1.000 -0.000i) 

     30 (-0.034 -0.000i)  ( 0.999 -0.000i) 
        ( 0.999 -0.000i)  ( 0.034 -0.000i) 

     31 ( 1.000 -0.000i)  ( 0.000 -0.000i) 
        ( 0.000 -0.000i)  ( 1.000 -0.000i) 

     32 (-0.034 -0.000i)  ( 0.999 -0.000i) 
        ( 0.999 -0.000i)  ( 0.034 -0.000i) 

     33 (-0.500 -0.000i)  ( 0.866 -0.000i) 
        (-0.866 -0.000i)  (-0.500 -0.000i) 

     34 ( 0.883 -0.000i)  (-0.470 -0.000i) 
        (-0.470 -0.000i)  (-0.883 -0.000i) 

     35 (-0.500 -0.000i)  ( 0.866 -0.000i) 
        (-0.866 -0.000i)  (-0.500 -0.000i) 

     36 ( 0.883 -0.000i)  (-0.470 -0.000i) 
        (-0.470 -0.000i)  (-0.883 -0.000i) 

     37 (-0.500 -0.000i)  ( 0.866 -0.000i) 
        (-0.866 -0.000i)  (-0.500 -0.000i) 

     38 ( 0.883 -0.000i)  (-0.470 -0.000i) 
        (-0.470 -0.000i)  (-0.883 -0.000i) 

     39 (-0.500 -0.000i)  ( 0.866 -0.000i) 
        (-0.866 -0.000i)  (-0.500 -0.000i) 

     40 ( 0.883 -0.000i)  (-0.470 -0.000i) 
        (-0.470 -0.000i)  (-0.883 -0.000i) 

     41 (-0.500 -0.000i)  (-0.866 -0.000i) 
        ( 0.866 -0.000i)  (-0.500 -0.000i) 

     42 (-0.848 -0.000i)  (-0.529 -0.000i) 
        (-0.529 -0.000i)  ( 0.848 -0.000i) 

     43 (-0.500 -0.000i)  (-0.866 -0.000i) 
        ( 0.866 -0.000i)  (-0.500 -0.000i) 

     44 (-0.848 -0.000i)  (-0.529 -0.000i) 
        (-0.529 -0.000i)  ( 0.848 -0.000i) 

     45 (-0.500 -0.000i)  (-0.866 -0.000i) 
        ( 0.866 -0.000i)  (-0.500 -0.000i) 

     46 (-0.848 -0.000i)  (-0.529 -0.000i) 
        (-0.529 -0.000i)  ( 0.848 -0.000i) 

     47 (-0.500 -0.000i)  (-0.866 -0.000i) 
        ( 0.866 -0.000i)  (-0.500 -0.000i) 

     48 (-0.848 -0.000i)  (-0.529 -0.000i) 
        (-0.529 -0.000i)  ( 0.848 -0.000i) 

 54 (   5.182):

      1 ( 1.000 -0.000i)  ( 0.000 -0.000i)  ( 0.000 -0.000i) 
        ( 0.000 -0.000i)  ( 1.000 -0.000i)  ( 0.000 -0.000i) 
        ( 0.000 -0.000i)  ( 0.000 -0.000i)  ( 1.000 -0.000i) 

      2 (-0.323 -0.000i)  ( 0.709 -0.000i)  (-0.627 -0.000i) 
        ( 0.175 -0.000i)  (-0.606 -0.000i)  (-0.776 -0.000i) 
        ( 0.930 -0.000i)  ( 0.360 -0.000i)  (-0.071 -0.000i) 

      3 (-0.354 -0.000i)  (-0.885 -0.000i)  (-0.303 -0.000i) 
        (-0.885 -0.000i)  ( 0.212 -0.000i)  ( 0.416 -0.000i) 
        (-0.303 -0.000i)  ( 0.416 -0.000i)  (-0.858 -0.000i) 

      4 (-0.323 -0.000i)  ( 0.175 -0.000i)  ( 0.930 -0.000i) 
        ( 0.709 -0.000i)  (-0.606 -0.000i)  ( 0.360 -0.000i) 
        (-0.627 -0.000i)  (-0.776 -0.000i)  (-0.071 -0.000i) 

      5 (-0.007 -0.000i)  ( 0.885 -0.000i)  (-0.466 -0.000i) 
        ( 0.885 -0.000i)  (-0.212 -0.000i)  (-0.416 -0.000i) 
        (-0.466 -0.000i)  (-0.416 -0.000i)  (-0.781 -0.000i) 

      6 (-0.276 -0.000i)  (-0.709 -0.000i)  (-0.649 -0.000i) 
        (-0.709 -0.000i)  ( 0.606 -0.000i)  (-0.360 -0.000i) 
        (-0.649 -0.000i)  (-0.360 -0.000i)  ( 0.670 -0.000i) 

      7 (-0.638 -0.000i)  ( 0.000 -0.000i)  ( 0.770 -0.000i) 
        ( 0.000 -0.000i)  (-1.000 -0.000i)  ( 0.000 -0.000i) 
        ( 0.770 -0.000i)  ( 0.000 -0.000i)  ( 0.638 -0.000i) 

      8 ( 0.922 -0.000i)  (-0.175 -0.000i)  ( 0.345 -0.000i) 
        (-0.175 -0.000i)  ( 0.606 -0.000i)  ( 0.776 -0.000i) 
        ( 0.345 -0.000i)  ( 0.776 -0.000i)  (-0.528 -0.000i) 

      9 (-0.141 -0.000i)  (-0.815 -0.000i)  (-0.562 -0.000i) 
        ( 0.688 -0.000i)  (-0.489 -0.000i)  ( 0.537 -0.000i) 
        (-0.712 -0.000i)  (-0.310 -0.000i)  ( 0.629 -0.000i) 

     10 (-0.620 -0.000i)  ( 0.192 -0.000i)  ( 0.761 -0.000i) 
        ( 0.192 -0.000i)  ( 0.977 -0.000i)  (-0.090 -0.000i) 
        ( 0.761 -0.000i)  (-0.090 -0.000i)  ( 0.643 -0.000i) 

     11 ( 0.941 -0.000i)  (-0.282 -0.000i)  ( 0.185 -0.000i) 
        ( 0.026 -0.000i)  (-0.489 -0.000i)  (-0.872 -0.000i) 
        ( 0.336 -0.000i)  ( 0.826 -0.000i)  (-0.453 -0.000i) 

     12 (-0.181 -0.000i)  ( 0.905 -0.000i)  (-0.385 -0.000i) 
        (-0.905 -0.000i)  ( 0.000 -0.000i)  ( 0.425 -0.000i) 
        (-0.385 -0.000i)  (-0.425 -0.000i)  (-0.819 -0.000i) 

     13 (-0.458 -0.000i)  ( 0.282 -0.000i)  ( 0.843 -0.000i) 
        (-0.688 -0.000i)  ( 0.489 -0.000i)  (-0.537 -0.000i) 
        (-0.563 -0.000i)  (-0.826 -0.000i)  (-0.030 -0.000i) 

     14 ( 0.981 -0.000i)  (-0.192 -0.000i)  ( 0.009 -0.000i) 
        (-0.192 -0.000i)  (-0.977 -0.000i)  ( 0.090 -0.000i) 
        ( 0.009 -0.000i)  ( 0.090 -0.000i)  ( 0.996 -0.000i) 

     15 (-0.342 -0.000i)  ( 0.815 -0.000i)  (-0.467 -0.000i) 
        (-0.026 -0.000i)  ( 0.489 -0.000i)  ( 0.872 -0.000i) 
        ( 0.939 -0.000i)  ( 0.310 -0.000i)  (-0.146 -0.000i) 

     16 (-0.181 -0.000i)  (-0.905 -0.000i)  (-0.385 -0.000i) 
        ( 0.905 -0.000i)  (-0.000 -0.000i)  (-0.425 -0.000i) 
        (-0.385 -0.000i)  ( 0.425 -0.000i)  (-0.819 -0.000i) 

     17 (-0.141 -0.000i)  ( 0.688 -0.000i)  (-0.712 -0.000i) 
        (-0.815 -0.000i)  (-0.489 -0.000i)  (-0.310 -0.000i) 
        (-0.562 -0.000i)  ( 0.537 -0.000i)  ( 0.629 -0.000i) 

     18 (-0.496 -0.000i)  (-0.773 -0.000i)  (-0.394 -0.000i) 
        (-0.111 -0.000i)  (-0.394 -0.000i)  ( 0.912 -0.000i) 
        ( 0.861 -0.000i)  (-0.497 -0.000i)  (-0.110 -0.000i) 

     19 (-0.342 -0.000i)  (-0.026 -0.000i)  ( 0.939 -0.000i) 
        ( 0.815 -0.000i)  ( 0.489 -0.000i)  ( 0.310 -0.000i) 
        (-0.467 -0.000i)  ( 0.872 -0.000i)  (-0.146 -0.000i) 

     20 ( 0.980 -0.000i)  ( 0.111 -0.000i)  ( 0.167 -0.000i) 
        ( 0.111 -0.000i)  ( 0.394 -0.000i)  (-0.912 -0.000i) 
        ( 0.167 -0.000i)  (-0.912 -0.000i)  (-0.374 -0.000i) 

     21 ( 0.941 -0.000i)  ( 0.026 -0.000i)  ( 0.336 -0.000i) 
        (-0.282 -0.000i)  (-0.489 -0.000i)  ( 0.826 -0.000i) 
        ( 0.185 -0.000i)  (-0.872 -0.000i)  (-0.453 -0.000i) 

     22 ( 0.013 -0.000i)  ( 0.773 -0.000i)  (-0.634 -0.000i) 
        ( 0.773 -0.000i)  ( 0.394 -0.000i)  ( 0.497 -0.000i) 
        (-0.634 -0.000i)  ( 0.497 -0.000i)  ( 0.593 -0.000i) 

     23 (-0.458 -0.000i)  (-0.688 -0.000i)  (-0.563 -0.000i) 
        ( 0.282 -0.000i)  ( 0.489 -0.000i)  (-0.826 -0.000i) 
        ( 0.843 -0.000i)  (-0.537 -0.000i)  (-0.030 -0.000i) 

     24 (-0.496 -0.000i)  (-0.111 -0.000i)  ( 0.861 -0.000i) 
        (-0.773 -0.000i)  (-0.394 -0.000i)  (-0.497 -0.000i) 
        (-0.394 -0.000i)  ( 0.912 -0.000i)  (-0.110 -0.000i) 

     25 ( 1.000 -0.000i)  ( 0.000 -0.000i)  ( 0.000 -0.000i) 
        ( 0.000 -0.000i)  ( 1.000 -0.000i)  ( 0.000 -0.000i) 
        ( 0.000 -0.000i)  ( 0.000 -0.000i)  ( 1.000 -0.000i) 

     26 (-0.323 -0.000i)  ( 0.709 -0.000i)  (-0.627 -0.000i) 
        ( 0.175 -0.000i)  (-0.606 -0.000i)  (-0.776 -0.000i) 
        ( 0.930 -0.000i)  ( 0.360 -0.000i)  (-0.071 -0.000i) 

     27 (-0.354 -0.000i)  (-0.885 -0.000i)  (-0.303 -0.000i) 
        (-0.885 -0.000i)  ( 0.212 -0.000i)  ( 0.416 -0.000i) 
        (-0.303 -0.000i)  ( 0.416 -0.000i)  (-0.858 -0.000i) 

     28 (-0.323 -0.000i)  ( 0.175 -0.000i)  ( 0.930 -0.000i) 
        ( 0.709 -0.000i)  (-0.606 -0.000i)  ( 0.360 -0.000i) 
        (-0.627 -0.000i)  (-0.776 -0.000i)  (-0.071 -0.000i) 

     29 (-0.007 -0.000i)  ( 0.885 -0.000i)  (-0.466 -0.000i) 
        ( 0.885 -0.000i)  (-0.212 -0.000i)  (-0.416 -0.000i) 
        (-0.466 -0.000i)  (-0.416 -0.000i)  (-0.781 -0.000i) 

     30 (-0.276 -0.000i)  (-0.709 -0.000i)  (-0.649 -0.000i) 
        (-0.709 -0.000i)  ( 0.606 -0.000i)  (-0.360 -0.000i) 
        (-0.649 -0.000i)  (-0.360 -0.000i)  ( 0.670 -0.000i) 

     31 (-0.638 -0.000i)  ( 0.000 -0.000i)  ( 0.770 -0.000i) 
        ( 0.000 -0.000i)  (-1.000 -0.000i)  ( 0.000 -0.000i) 
        ( 0.770 -0.000i)  ( 0.000 -0.000i)  ( 0.638 -0.000i) 

     32 ( 0.922 -0.000i)  (-0.175 -0.000i)  ( 0.345 -0.000i) 
        (-0.175 -0.000i)  ( 0.606 -0.000i)  ( 0.776 -0.000i) 
        ( 0.345 -0.000i)  ( 0.776 -0.000i)  (-0.528 -0.000i) 

     33 (-0.141 -0.000i)  (-0.815 -0.000i)  (-0.562 -0.000i) 
        ( 0.688 -0.000i)  (-0.489 -0.000i)  ( 0.537 -0.000i) 
        (-0.712 -0.000i)  (-0.310 -0.000i)  ( 0.629 -0.000i) 

     34 (-0.620 -0.000i)  ( 0.192 -0.000i)  ( 0.761 -0.000i) 
        ( 0.192 -0.000i)  ( 0.977 -0.000i)  (-0.090 -0.000i) 
        ( 0.761 -0.000i)  (-0.090 -0.000i)  ( 0.643 -0.000i) 

     35 ( 0.941 -0.000i)  (-0.282 -0.000i)  ( 0.185 -0.000i) 
        ( 0.026 -0.000i)  (-0.489 -0.000i)  (-0.872 -0.000i) 
        ( 0.336 -0.000i)  ( 0.826 -0.000i)  (-0.453 -0.000i) 

     36 (-0.181 -0.000i)  ( 0.905 -0.000i)  (-0.385 -0.000i) 
        (-0.905 -0.000i)  ( 0.000 -0.000i)  ( 0.425 -0.000i) 
        (-0.385 -0.000i)  (-0.425 -0.000i)  (-0.819 -0.000i) 

     37 (-0.458 -0.000i)  ( 0.282 -0.000i)  ( 0.843 -0.000i) 
        (-0.688 -0.000i)  ( 0.489 -0.000i)  (-0.537 -0.000i) 
        (-0.563 -0.000i)  (-0.826 -0.000i)  (-0.030 -0.000i) 

     38 ( 0.981 -0.000i)  (-0.192 -0.000i)  ( 0.009 -0.000i) 
        (-0.192 -0.000i)  (-0.977 -0.000i)  ( 0.090 -0.000i) 
        ( 0.009 -0.000i)  ( 0.090 -0.000i)  ( 0.996 -0.000i) 

     39 (-0.342 -0.000i)  ( 0.815 -0.000i)  (-0.467 -0.000i) 
        (-0.026 -0.000i)  ( 0.489 -0.000i)  ( 0.872 -0.000i) 
        ( 0.939 -0.000i)  ( 0.310 -0.000i)  (-0.146 -0.000i) 

     40 (-0.181 -0.000i)  (-0.905 -0.000i)  (-0.385 -0.000i) 
        ( 0.905 -0.000i)  ( 0.000 -0.000i)  (-0.425 -0.000i) 
        (-0.385 -0.000i)  ( 0.425 -0.000i)  (-0.819 -0.000i) 

     41 (-0.141 -0.000i)  ( 0.688 -0.000i)  (-0.712 -0.000i) 
        (-0.815 -0.000i)  (-0.489 -0.000i)  (-0.310 -0.000i) 
        (-0.562 -0.000i)  ( 0.537 -0.000i)  ( 0.629 -0.000i) 

     42 (-0.496 -0.000i)  (-0.773 -0.000i)  (-0.394 -0.000i) 
        (-0.111 -0.000i)  (-0.394 -0.000i)  ( 0.912 -0.000i) 
        ( 0.861 -0.000i)  (-0.497 -0.000i)  (-0.110 -0.000i) 

     43 (-0.342 -0.000i)  (-0.026 -0.000i)  ( 0.939 -0.000i) 
        ( 0.815 -0.000i)  ( 0.489 -0.000i)  ( 0.310 -0.000i) 
        (-0.467 -0.000i)  ( 0.872 -0.000i)  (-0.146 -0.000i) 

     44 ( 0.980 -0.000i)  ( 0.111 -0.000i)  ( 0.167 -0.000i) 
        ( 0.111 -0.000i)  ( 0.394 -0.000i)  (-0.912 -0.000i) 
        ( 0.167 -0.000i)  (-0.912 -0.000i)  (-0.374 -0.000i) 

     45 ( 0.941 -0.000i)  ( 0.026 -0.000i)  ( 0.336 -0.000i) 
        (-0.282 -0.000i)  (-0.489 -0.000i)  ( 0.826 -0.000i) 
        ( 0.185 -0.000i)  (-0.872 -0.000i)  (-0.453 -0.000i) 

     46 ( 0.013 -0.000i)  ( 0.773 -0.000i)  (-0.634 -0.000i) 
        ( 0.773 -0.000i)  ( 0.394 -0.000i)  ( 0.497 -0.000i) 
        (-0.634 -0.000i)  ( 0.497 -0.000i)  ( 0.593 -0.000i) 

     47 (-0.458 -0.000i)  (-0.688 -0.000i)  (-0.563 -0.000i) 
        ( 0.282 -0.000i)  ( 0.489 -0.000i)  (-0.826 -0.000i) 
        ( 0.843 -0.000i)  (-0.537 -0.000i)  (-0.030 -0.000i) 

     48 (-0.496 -0.000i)  (-0.111 -0.000i)  ( 0.861 -0.000i) 
        (-0.773 -0.000i)  (-0.394 -0.000i)  (-0.497 -0.000i) 
        (-0.394 -0.000i)  ( 0.912 -0.000i)  (-0.110 -0.000i) 

 57 (   5.334):

      1 ( 1.000 -0.000i)  (-0.000 -0.000i)  (-0.000 -0.000i) 
        (-0.000 -0.000i)  ( 1.000 -0.000i)  (-0.000 -0.000i) 
        (-0.000 -0.000i)  (-0.000 -0.000i)  ( 1.000 -0.000i) 

      2 ( 0.241 -0.000i)  ( 0.561 -0.000i)  (-0.792 -0.000i) 
        ( 0.283 -0.000i)  ( 0.740 -0.000i)  ( 0.610 -0.000i) 
        ( 0.928 -0.000i)  (-0.372 -0.000i)  ( 0.019 -0.000i) 

      3 (-0.518 -0.000i)  ( 0.844 -0.000i)  ( 0.136 -0.000i) 
        ( 0.844 -0.000i)  ( 0.479 -0.000i)  ( 0.239 -0.000i) 
        ( 0.136 -0.000i)  ( 0.239 -0.000i)  (-0.961 -0.000i) 

      4 ( 0.241 -0.000i)  ( 0.283 -0.000i)  ( 0.928 -0.000i) 
        ( 0.561 -0.000i)  ( 0.740 -0.000i)  (-0.372 -0.000i) 
        (-0.792 -0.000i)  ( 0.610 -0.000i)  ( 0.019 -0.000i) 

      5 ( 0.370 -0.000i)  (-0.844 -0.000i)  ( 0.387 -0.000i) 
        (-0.844 -0.000i)  (-0.479 -0.000i)  (-0.239 -0.000i) 
        ( 0.387 -0.000i)  (-0.239 -0.000i)  (-0.890 -0.000i) 

      6 ( 0.209 -0.000i)  (-0.561 -0.000i)  (-0.801 -0.000i) 
        (-0.561 -0.000i)  (-0.740 -0.000i)  ( 0.372 -0.000i) 
        (-0.801 -0.000i)  ( 0.372 -0.000i)  (-0.470 -0.000i) 

      7 (-0.852 -0.000i)  ( 0.000 -0.000i)  (-0.524 -0.000i) 
        ( 0.000 -0.000i)  (-1.000 -0.000i)  (-0.000 -0.000i) 
        (-0.524 -0.000i)  (-0.000 -0.000i)  ( 0.852 -0.000i) 

      8 (-0.691 -0.000i)  (-0.283 -0.000i)  ( 0.664 -0.000i) 
        (-0.283 -0.000i)  (-0.740 -0.000i)  (-0.610 -0.000i) 
        ( 0.664 -0.000i)  (-0.610 -0.000i)  ( 0.431 -0.000i) 

      9 ( 0.047 -0.000i)  ( 0.851 -0.000i)  ( 0.524 -0.000i) 
        (-0.485 -0.000i)  (-0.439 -0.000i)  ( 0.757 -0.000i) 
        ( 0.873 -0.000i)  (-0.290 -0.000i)  ( 0.391 -0.000i) 

     10 ( 0.739 -0.000i)  ( 0.461 -0.000i)  ( 0.492 -0.000i) 
        ( 0.461 -0.000i)  (-0.878 -0.000i)  ( 0.130 -0.000i) 
        ( 0.492 -0.000i)  ( 0.130 -0.000i)  (-0.861 -0.000i) 

     11 ( 0.765 -0.000i)  ( 0.573 -0.000i)  (-0.294 -0.000i) 
        (-0.016 -0.000i)  (-0.439 -0.000i)  (-0.898 -0.000i) 
        (-0.644 -0.000i)  ( 0.692 -0.000i)  (-0.326 -0.000i) 

     12 ( 0.074 -0.000i)  ( 0.962 -0.000i)  (-0.262 -0.000i) 
        (-0.962 -0.000i)  (-0.000 -0.000i)  (-0.272 -0.000i) 
        (-0.262 -0.000i)  ( 0.272 -0.000i)  ( 0.926 -0.000i) 

     13 (-0.498 -0.000i)  (-0.573 -0.000i)  (-0.651 -0.000i) 
        ( 0.485 -0.000i)  ( 0.439 -0.000i)  (-0.757 -0.000i) 
        ( 0.719 -0.000i)  (-0.692 -0.000i)  ( 0.059 -0.000i) 

     14 (-0.887 -0.000i)  (-0.461 -0.000i)  ( 0.032 -0.000i) 
        (-0.461 -0.000i)  ( 0.878 -0.000i)  (-0.130 -0.000i) 
        ( 0.032 -0.000i)  (-0.130 -0.000i)  (-0.991 -0.000i) 

     15 (-0.315 -0.000i)  (-0.851 -0.000i)  ( 0.421 -0.000i) 
        ( 0.016 -0.000i)  ( 0.439 -0.000i)  ( 0.898 -0.000i) 
        (-0.949 -0.000i)  ( 0.290 -0.000i)  (-0.124 -0.000i) 

     16 ( 0.074 -0.000i)  (-0.962 -0.000i)  (-0.262 -0.000i) 
        ( 0.962 -0.000i)  (-0.000 -0.000i)  ( 0.272 -0.000i) 
        (-0.262 -0.000i)  (-0.272 -0.000i)  ( 0.926 -0.000i) 

     17 ( 0.047 -0.000i)  (-0.485 -0.000i)  ( 0.873 -0.000i) 
        ( 0.851 -0.000i)  (-0.439 -0.000i)  (-0.290 -0.000i) 
        ( 0.524 -0.000i)  ( 0.757 -0.000i)  ( 0.391 -0.000i) 

     18 ( 0.685 -0.000i)  (-0.656 -0.000i)  (-0.317 -0.000i) 
        (-0.188 -0.000i)  ( 0.260 -0.000i)  (-0.947 -0.000i) 
        ( 0.704 -0.000i)  ( 0.708 -0.000i)  ( 0.055 -0.000i) 

     19 (-0.315 -0.000i)  ( 0.016 -0.000i)  (-0.949 -0.000i) 
        (-0.851 -0.000i)  ( 0.439 -0.000i)  ( 0.290 -0.000i) 
        ( 0.421 -0.000i)  ( 0.898 -0.000i)  (-0.124 -0.000i) 

     20 (-0.952 -0.000i)  ( 0.188 -0.000i)  ( 0.241 -0.000i) 
        ( 0.188 -0.000i)  (-0.260 -0.000i)  ( 0.947 -0.000i) 
        ( 0.241 -0.000i)  ( 0.947 -0.000i)  ( 0.212 -0.000i) 

     21 ( 0.765 -0.000i)  (-0.016 -0.000i)  (-0.644 -0.000i) 
        ( 0.573 -0.000i)  (-0.439 -0.000i)  ( 0.692 -0.000i) 
        (-0.294 -0.000i)  (-0.898 -0.000i)  (-0.326 -0.000i) 

     22 (-0.418 -0.000i)  ( 0.656 -0.000i)  (-0.628 -0.000i) 
        ( 0.656 -0.000i)  (-0.260 -0.000i)  (-0.708 -0.000i) 
        (-0.628 -0.000i)  (-0.708 -0.000i)  (-0.322 -0.000i) 

     23 (-0.498 -0.000i)  ( 0.485 -0.000i)  ( 0.719 -0.000i) 
        (-0.573 -0.000i)  ( 0.439 -0.000i)  (-0.692 -0.000i) 
        (-0.651 -0.000i)  (-0.757 -0.000i)  ( 0.059 -0.000i) 

     24 ( 0.685 -0.000i)  (-0.188 -0.000i)  ( 0.704 -0.000i) 
        (-0.656 -0.000i)  ( 0.260 -0.000i)  ( 0.708 -0.000i) 
        (-0.317 -0.000i)  (-0.947 -0.000i)  ( 0.055 -0.000i) 

     25 (-1.000 -0.000i)  (-0.000 -0.000i)  ( 0.000 -0.000i) 
        ( 0.000 -0.000i)  (-1.000 -0.000i)  ( 0.000 -0.000i) 
        ( 0.000 -0.000i)  ( 0.000 -0.000i)  (-1.000 -0.000i) 

     26 (-0.241 -0.000i)  (-0.561 -0.000i)  ( 0.792 -0.000i) 
        (-0.283 -0.000i)  (-0.740 -0.000i)  (-0.610 -0.000i) 
        (-0.928 -0.000i)  ( 0.372 -0.000i)  (-0.019 -0.000i) 

     27 ( 0.518 -0.000i)  (-0.844 -0.000i)  (-0.136 -0.000i) 
        (-0.844 -0.000i)  (-0.479 -0.000i)  (-0.239 -0.000i) 
        (-0.136 -0.000i)  (-0.239 -0.000i)  ( 0.961 -0.000i) 

     28 (-0.241 -0.000i)  (-0.283 -0.000i)  (-0.928 -0.000i) 
        (-0.561 -0.000i)  (-0.740 -0.000i)  ( 0.372 -0.000i) 
        ( 0.792 -0.000i)  (-0.610 -0.000i)  (-0.019 -0.000i) 

     29 (-0.370 -0.000i)  ( 0.844 -0.000i)  (-0.387 -0.000i) 
        ( 0.844 -0.000i)  ( 0.479 -0.000i)  ( 0.239 -0.000i) 
        (-0.387 -0.000i)  ( 0.239 -0.000i)  ( 0.890 -0.000i) 

     30 (-0.209 -0.000i)  ( 0.561 -0.000i)  ( 0.801 -0.000i) 
        ( 0.561 -0.000i)  ( 0.740 -0.000i)  (-0.372 -0.000i) 
        ( 0.801 -0.000i)  (-0.372 -0.000i)  ( 0.470 -0.000i) 

     31 ( 0.852 -0.000i)  (-0.000 -0.000i)  ( 0.524 -0.000i) 
        (-0.000 -0.000i)  ( 1.000 -0.000i)  ( 0.000 -0.000i) 
        ( 0.524 -0.000i)  ( 0.000 -0.000i)  (-0.852 -0.000i) 

     32 ( 0.691 -0.000i)  ( 0.283 -0.000i)  (-0.664 -0.000i) 
        ( 0.283 -0.000i)  ( 0.740 -0.000i)  ( 0.610 -0.000i) 
        (-0.664 -0.000i)  ( 0.610 -0.000i)  (-0.431 -0.000i) 

     33 (-0.047 -0.000i)  (-0.851 -0.000i)  (-0.524 -0.000i) 
        ( 0.485 -0.000i)  ( 0.439 -0.000i)  (-0.757 -0.000i) 
        (-0.873 -0.000i)  ( 0.290 -0.000i)  (-0.391 -0.000i) 

     34 (-0.739 -0.000i)  (-0.461 -0.000i)  (-0.492 -0.000i) 
        (-0.461 -0.000i)  ( 0.878 -0.000i)  (-0.130 -0.000i) 
        (-0.492 -0.000i)  (-0.130 -0.000i)  ( 0.861 -0.000i) 

     35 (-0.765 -0.000i)  (-0.573 -0.000i)  ( 0.294 -0.000i) 
        ( 0.016 -0.000i)  ( 0.439 -0.000i)  ( 0.898 -0.000i) 
        ( 0.644 -0.000i)  (-0.692 -0.000i)  ( 0.326 -0.000i) 

     36 (-0.074 -0.000i)  (-0.962 -0.000i)  ( 0.262 -0.000i) 
        ( 0.962 -0.000i)  ( 0.000 -0.000i)  ( 0.272 -0.000i) 
        ( 0.262 -0.000i)  (-0.272 -0.000i)  (-0.926 -0.000i) 

     37 ( 0.498 -0.000i)  ( 0.573 -0.000i)  ( 0.651 -0.000i) 
        (-0.485 -0.000i)  (-0.439 -0.000i)  ( 0.757 -0.000i) 
        (-0.719 -0.000i)  ( 0.692 -0.000i)  (-0.059 -0.000i) 

     38 ( 0.887 -0.000i)  ( 0.461 -0.000i)  (-0.032 -0.000i) 
        ( 0.461 -0.000i)  (-0.878 -0.000i)  ( 0.130 -0.000i) 
        (-0.032 -0.000i)  ( 0.130 -0.000i)  ( 0.991 -0.000i) 

     39 ( 0.315 -0.000i)  ( 0.851 -0.000i)  (-0.421 -0.000i) 
        (-0.016 -0.000i)  (-0.439 -0.000i)  (-0.898 -0.000i) 
        ( 0.949 -0.000i)  (-0.290 -0.000i)  ( 0.124 -0.000i) 

     40 (-0.074 -0.000i)  ( 0.962 -0.000i)  ( 0.262 -0.000i) 
        (-0.962 -0.000i)  ( 0.000 -0.000i)  (-0.272 -0.000i) 
        ( 0.262 -0.000i)  ( 0.272 -0.000i)  (-0.926 -0.000i) 

     41 (-0.047 -0.000i)  ( 0.485 -0.000i)  (-0.873 -0.000i) 
        (-0.851 -0.000i)  ( 0.439 -0.000i)  ( 0.290 -0.000i) 
        (-0.524 -0.000i)  (-0.757 -0.000i)  (-0.391 -0.000i) 

     42 (-0.685 -0.000i)  ( 0.656 -0.000i)  ( 0.317 -0.000i) 
        ( 0.188 -0.000i)  (-0.260 -0.000i)  ( 0.947 -0.000i) 
        (-0.704 -0.000i)  (-0.708 -0.000i)  (-0.055 -0.000i) 

     43 ( 0.315 -0.000i)  (-0.016 -0.000i)  ( 0.949 -0.000i) 
        ( 0.851 -0.000i)  (-0.439 -0.000i)  (-0.290 -0.000i) 
        (-0.421 -0.000i)  (-0.898 -0.000i)  ( 0.124 -0.000i) 

     44 ( 0.952 -0.000i)  (-0.188 -0.000i)  (-0.241 -0.000i) 
        (-0.188 -0.000i)  ( 0.260 -0.000i)  (-0.947 -0.000i) 
        (-0.241 -0.000i)  (-0.947 -0.000i)  (-0.212 -0.000i) 

     45 (-0.765 -0.000i)  ( 0.016 -0.000i)  ( 0.644 -0.000i) 
        (-0.573 -0.000i)  ( 0.439 -0.000i)  (-0.692 -0.000i) 
        ( 0.294 -0.000i)  ( 0.898 -0.000i)  ( 0.326 -0.000i) 

     46 ( 0.418 -0.000i)  (-0.656 -0.000i)  ( 0.628 -0.000i) 
        (-0.656 -0.000i)  ( 0.260 -0.000i)  ( 0.708 -0.000i) 
        ( 0.628 -0.000i)  ( 0.708 -0.000i)  ( 0.322 -0.000i) 

     47 ( 0.498 -0.000i)  (-0.485 -0.000i)  (-0.719 -0.000i) 
        ( 0.573 -0.000i)  (-0.439 -0.000i)  ( 0.692 -0.000i) 
        ( 0.651 -0.000i)  ( 0.757 -0.000i)  (-0.059 -0.000i) 

     48 (-0.685 -0.000i)  ( 0.188 -0.000i)  (-0.704 -0.000i) 
        ( 0.656 -0.000i)  (-0.260 -0.000i)  (-0.708 -0.000i) 
        ( 0.317 -0.000i)  ( 0.947 -0.000i)  (-0.055 -0.000i) 

 60 (   5.516):

      1 ( 1.000 -0.000i)  ( 0.000 -0.000i)  (-0.000 -0.000i) 
        ( 0.000 -0.000i)  ( 1.000 -0.000i)  (-0.000 -0.000i) 
        (-0.000 -0.000i)  (-0.000 -0.000i)  ( 1.000 -0.000i) 

      2 (-0.138 -0.000i)  (-0.181 -0.000i)  (-0.974 -0.000i) 
        ( 0.773 -0.000i)  (-0.635 -0.000i)  ( 0.008 -0.000i) 
        ( 0.620 -0.000i)  ( 0.751 -0.000i)  (-0.227 -0.000i) 

      3 (-0.724 -0.000i)  (-0.592 -0.000i)  ( 0.354 -0.000i) 
        (-0.592 -0.000i)  ( 0.269 -0.000i)  (-0.759 -0.000i) 
        ( 0.354 -0.000i)  (-0.759 -0.000i)  (-0.546 -0.000i) 

      4 (-0.138 -0.000i)  ( 0.773 -0.000i)  ( 0.620 -0.000i) 
        (-0.181 -0.000i)  (-0.635 -0.000i)  ( 0.751 -0.000i) 
        (-0.974 -0.000i)  ( 0.008 -0.000i)  (-0.227 -0.000i) 

      5 (-0.520 -0.000i)  ( 0.592 -0.000i)  ( 0.616 -0.000i) 
        ( 0.592 -0.000i)  (-0.269 -0.000i)  ( 0.759 -0.000i) 
        ( 0.616 -0.000i)  ( 0.759 -0.000i)  (-0.211 -0.000i) 

      6 ( 0.911 -0.000i)  ( 0.181 -0.000i)  ( 0.371 -0.000i) 
        ( 0.181 -0.000i)  ( 0.635 -0.000i)  (-0.751 -0.000i) 
        ( 0.371 -0.000i)  (-0.751 -0.000i)  (-0.545 -0.000i) 

      7 ( 0.244 -0.000i)  ( 0.000 -0.000i)  (-0.970 -0.000i) 
        ( 0.000 -0.000i)  (-1.000 -0.000i)  (-0.000 -0.000i) 
        (-0.970 -0.000i)  (-0.000 -0.000i)  (-0.244 -0.000i) 

      8 (-0.634 -0.000i)  (-0.773 -0.000i)  (-0.017 -0.000i) 
        (-0.773 -0.000i)  ( 0.635 -0.000i)  (-0.008 -0.000i) 
        (-0.017 -0.000i)  (-0.008 -0.000i)  ( 1.000 -0.000i) 

      9 ( 0.861 -0.000i)  ( 0.086 -0.000i)  ( 0.500 -0.000i) 
        (-0.404 -0.000i)  (-0.482 -0.000i)  ( 0.778 -0.000i) 
        ( 0.308 -0.000i)  (-0.872 -0.000i)  (-0.380 -0.000i) 

     10 ( 0.258 -0.000i)  ( 0.166 -0.000i)  (-0.952 -0.000i) 
        ( 0.166 -0.000i)  ( 0.963 -0.000i)  ( 0.212 -0.000i) 
        (-0.952 -0.000i)  ( 0.212 -0.000i)  (-0.221 -0.000i) 

     11 (-0.497 -0.000i)  (-0.867 -0.000i)  (-0.034 -0.000i) 
        ( 0.853 -0.000i)  (-0.482 -0.000i)  (-0.202 -0.000i) 
        ( 0.159 -0.000i)  (-0.129 -0.000i)  ( 0.979 -0.000i) 

     12 (-0.622 -0.000i)  ( 0.615 -0.000i)  ( 0.485 -0.000i) 
        (-0.615 -0.000i)  (-0.000 -0.000i)  (-0.789 -0.000i) 
        ( 0.485 -0.000i)  ( 0.789 -0.000i)  (-0.378 -0.000i) 

     13 (-0.089 -0.000i)  ( 0.867 -0.000i)  ( 0.490 -0.000i) 
        ( 0.404 -0.000i)  ( 0.482 -0.000i)  (-0.778 -0.000i) 
        (-0.911 -0.000i)  ( 0.129 -0.000i)  (-0.393 -0.000i) 

     14 ( 0.986 -0.000i)  (-0.166 -0.000i)  (-0.018 -0.000i) 
        (-0.166 -0.000i)  (-0.963 -0.000i)  (-0.212 -0.000i) 
        (-0.018 -0.000i)  (-0.212 -0.000i)  ( 0.977 -0.000i) 

     15 (-0.275 -0.000i)  (-0.086 -0.000i)  (-0.957 -0.000i) 
        (-0.853 -0.000i)  ( 0.482 -0.000i)  ( 0.202 -0.000i) 
        ( 0.444 -0.000i)  ( 0.872 -0.000i)  (-0.206 -0.000i) 

     16 (-0.622 -0.000i)  (-0.615 -0.000i)  ( 0.485 -0.000i) 
        ( 0.615 -0.000i)  (-0.000 -0.000i)  ( 0.789 -0.000i) 
        ( 0.485 -0.000i)  (-0.789 -0.000i)  (-0.378 -0.000i) 

     17 ( 0.861 -0.000i)  (-0.404 -0.000i)  ( 0.308 -0.000i) 
        ( 0.086 -0.000i)  (-0.482 -0.000i)  (-0.872 -0.000i) 
        ( 0.500 -0.000i)  ( 0.778 -0.000i)  (-0.380 -0.000i) 

     18 (-0.240 -0.000i)  ( 0.332 -0.000i)  (-0.912 -0.000i) 
        (-0.924 -0.000i)  (-0.365 -0.000i)  ( 0.110 -0.000i) 
        ( 0.297 -0.000i)  (-0.870 -0.000i)  (-0.395 -0.000i) 

     19 (-0.275 -0.000i)  (-0.853 -0.000i)  ( 0.444 -0.000i) 
        (-0.086 -0.000i)  ( 0.482 -0.000i)  ( 0.872 -0.000i) 
        (-0.957 -0.000i)  ( 0.202 -0.000i)  (-0.206 -0.000i) 

     20 (-0.346 -0.000i)  ( 0.924 -0.000i)  ( 0.160 -0.000i) 
        ( 0.924 -0.000i)  ( 0.365 -0.000i)  (-0.110 -0.000i) 
        ( 0.160 -0.000i)  (-0.110 -0.000i)  ( 0.981 -0.000i) 

     21 (-0.497 -0.000i)  ( 0.853 -0.000i)  ( 0.159 -0.000i) 
        (-0.867 -0.000i)  (-0.482 -0.000i)  (-0.129 -0.000i) 
        (-0.034 -0.000i)  (-0.202 -0.000i)  ( 0.979 -0.000i) 

     22 ( 0.826 -0.000i)  (-0.332 -0.000i)  ( 0.455 -0.000i) 
        (-0.332 -0.000i)  ( 0.365 -0.000i)  ( 0.870 -0.000i) 
        ( 0.455 -0.000i)  ( 0.870 -0.000i)  (-0.191 -0.000i) 

     23 (-0.089 -0.000i)  ( 0.404 -0.000i)  (-0.911 -0.000i) 
        ( 0.867 -0.000i)  ( 0.482 -0.000i)  ( 0.129 -0.000i) 
        ( 0.490 -0.000i)  (-0.778 -0.000i)  (-0.393 -0.000i) 

     24 (-0.240 -0.000i)  (-0.924 -0.000i)  ( 0.297 -0.000i) 
        ( 0.332 -0.000i)  (-0.365 -0.000i)  (-0.870 -0.000i) 
        (-0.912 -0.000i)  ( 0.110 -0.000i)  (-0.395 -0.000i) 

     25 ( 1.000 -0.000i)  ( 0.000 -0.000i)  (-0.000 -0.000i) 
        ( 0.000 -0.000i)  ( 1.000 -0.000i)  (-0.000 -0.000i) 
        (-0.000 -0.000i)  (-0.000 -0.000i)  ( 1.000 -0.000i) 

     26 (-0.138 -0.000i)  (-0.181 -0.000i)  (-0.974 -0.000i) 
        ( 0.773 -0.000i)  (-0.635 -0.000i)  ( 0.008 -0.000i) 
        ( 0.620 -0.000i)  ( 0.751 -0.000i)  (-0.227 -0.000i) 

     27 (-0.724 -0.000i)  (-0.592 -0.000i)  ( 0.354 -0.000i) 
        (-0.592 -0.000i)  ( 0.269 -0.000i)  (-0.759 -0.000i) 
        ( 0.354 -0.000i)  (-0.759 -0.000i)  (-0.546 -0.000i) 

     28 (-0.138 -0.000i)  ( 0.773 -0.000i)  ( 0.620 -0.000i) 
        (-0.181 -0.000i)  (-0.635 -0.000i)  ( 0.751 -0.000i) 
        (-0.974 -0.000i)  ( 0.008 -0.000i)  (-0.227 -0.000i) 

     29 (-0.520 -0.000i)  ( 0.592 -0.000i)  ( 0.616 -0.000i) 
        ( 0.592 -0.000i)  (-0.269 -0.000i)  ( 0.759 -0.000i) 
        ( 0.616 -0.000i)  ( 0.759 -0.000i)  (-0.211 -0.000i) 

     30 ( 0.911 -0.000i)  ( 0.181 -0.000i)  ( 0.371 -0.000i) 
        ( 0.181 -0.000i)  ( 0.635 -0.000i)  (-0.751 -0.000i) 
        ( 0.371 -0.000i)  (-0.751 -0.000i)  (-0.545 -0.000i) 

     31 ( 0.244 -0.000i)  ( 0.000 -0.000i)  (-0.970 -0.000i) 
        ( 0.000 -0.000i)  (-1.000 -0.000i)  (-0.000 -0.000i) 
        (-0.970 -0.000i)  (-0.000 -0.000i)  (-0.244 -0.000i) 

     32 (-0.634 -0.000i)  (-0.773 -0.000i)  (-0.017 -0.000i) 
        (-0.773 -0.000i)  ( 0.635 -0.000i)  (-0.008 -0.000i) 
        (-0.017 -0.000i)  (-0.008 -0.000i)  ( 1.000 -0.000i) 

     33 ( 0.861 -0.000i)  ( 0.086 -0.000i)  ( 0.500 -0.000i) 
        (-0.404 -0.000i)  (-0.482 -0.000i)  ( 0.778 -0.000i) 
        ( 0.308 -0.000i)  (-0.872 -0.000i)  (-0.380 -0.000i) 

     34 ( 0.258 -0.000i)  ( 0.166 -0.000i)  (-0.952 -0.000i) 
        ( 0.166 -0.000i)  ( 0.963 -0.000i)  ( 0.212 -0.000i) 
        (-0.952 -0.000i)  ( 0.212 -0.000i)  (-0.221 -0.000i) 

     35 (-0.497 -0.000i)  (-0.867 -0.000i)  (-0.034 -0.000i) 
        ( 0.853 -0.000i)  (-0.482 -0.000i)  (-0.202 -0.000i) 
        ( 0.159 -0.000i)  (-0.129 -0.000i)  ( 0.979 -0.000i) 

     36 (-0.622 -0.000i)  ( 0.615 -0.000i)  ( 0.485 -0.000i) 
        (-0.615 -0.000i)  ( 0.000 -0.000i)  (-0.789 -0.000i) 
        ( 0.485 -0.000i)  ( 0.789 -0.000i)  (-0.378 -0.000i) 

     37 (-0.089 -0.000i)  ( 0.867 -0.000i)  ( 0.490 -0.000i) 
        ( 0.404 -0.000i)  ( 0.482 -0.000i)  (-0.778 -0.000i) 
        (-0.911 -0.000i)  ( 0.129 -0.000i)  (-0.393 -0.000i) 

     38 ( 0.986 -0.000i)  (-0.166 -0.000i)  (-0.018 -0.000i) 
        (-0.166 -0.000i)  (-0.963 -0.000i)  (-0.212 -0.000i) 
        (-0.018 -0.000i)  (-0.212 -0.000i)  ( 0.977 -0.000i) 

     39 (-0.275 -0.000i)  (-0.086 -0.000i)  (-0.957 -0.000i) 
        (-0.853 -0.000i)  ( 0.482 -0.000i)  ( 0.202 -0.000i) 
        ( 0.444 -0.000i)  ( 0.872 -0.000i)  (-0.206 -0.000i) 

     40 (-0.622 -0.000i)  (-0.615 -0.000i)  ( 0.485 -0.000i) 
        ( 0.615 -0.000i)  ( 0.000 -0.000i)  ( 0.789 -0.000i) 
        ( 0.485 -0.000i)  (-0.789 -0.000i)  (-0.378 -0.000i) 

     41 ( 0.861 -0.000i)  (-0.404 -0.000i)  ( 0.308 -0.000i) 
        ( 0.086 -0.000i)  (-0.482 -0.000i)  (-0.872 -0.000i) 
        ( 0.500 -0.000i)  ( 0.778 -0.000i)  (-0.380 -0.000i) 

     42 (-0.240 -0.000i)  ( 0.332 -0.000i)  (-0.912 -0.000i) 
        (-0.924 -0.000i)  (-0.365 -0.000i)  ( 0.110 -0.000i) 
        ( 0.297 -0.000i)  (-0.870 -0.000i)  (-0.395 -0.000i) 

     43 (-0.275 -0.000i)  (-0.853 -0.000i)  ( 0.444 -0.000i) 
        (-0.086 -0.000i)  ( 0.482 -0.000i)  ( 0.872 -0.000i) 
        (-0.957 -0.000i)  ( 0.202 -0.000i)  (-0.206 -0.000i) 

     44 (-0.346 -0.000i)  ( 0.924 -0.000i)  ( 0.160 -0.000i) 
        ( 0.924 -0.000i)  ( 0.365 -0.000i)  (-0.110 -0.000i) 
        ( 0.160 -0.000i)  (-0.110 -0.000i)  ( 0.981 -0.000i) 

     45 (-0.497 -0.000i)  ( 0.853 -0.000i)  ( 0.159 -0.000i) 
        (-0.867 -0.000i)  (-0.482 -0.000i)  (-0.129 -0.000i) 
        (-0.034 -0.000i)  (-0.202 -0.000i)  ( 0.979 -0.000i) 

     46 ( 0.826 -0.000i)  (-0.332 -0.000i)  ( 0.455 -0.000i) 
        (-0.332 -0.000i)  ( 0.365 -0.000i)  ( 0.870 -0.000i) 
        ( 0.455 -0.000i)  ( 0.870 -0.000i)  (-0.191 -0.000i) 

     47 (-0.089 -0.000i)  ( 0.404 -0.000i)  (-0.911 -0.000i) 
        ( 0.867 -0.000i)  ( 0.482 -0.000i)  ( 0.129 -0.000i) 
        ( 0.490 -0.000i)  (-0.778 -0.000i)  (-0.393 -0.000i) 

     48 (-0.240 -0.000i)  (-0.924 -0.000i)  ( 0.297 -0.000i) 
        ( 0.332 -0.000i)  (-0.365 -0.000i)  (-0.870 -0.000i) 
        (-0.912 -0.000i)  ( 0.110 -0.000i)  (-0.395 -0.000i) 

 63 (   5.765):

      1 ( 1.000 -0.000i) 
      2 ( 1.000 -0.000i) 
      3 ( 1.000 -0.000i) 
      4 ( 1.000 -0.000i) 
      5 ( 1.000 -0.000i) 
      6 ( 1.000 -0.000i) 
      7 ( 1.000 -0.000i) 
      8 ( 1.000 -0.000i) 
      9 ( 1.000 -0.000i) 
     10 ( 1.000 -0.000i) 
     11 ( 1.000 -0.000i) 
     12 ( 1.000 -0.000i) 
     13 ( 1.000 -0.000i) 
     14 ( 1.000 -0.000i) 
     15 ( 1.000 -0.000i) 
     16 ( 1.000 -0.000i) 
     17 ( 1.000 -0.000i) 
     18 ( 1.000 -0.000i) 
     19 ( 1.000 -0.000i) 
     20 ( 1.000 -0.000i) 
     21 ( 1.000 -0.000i) 
     22 ( 1.000 -0.000i) 
     23 ( 1.000 -0.000i) 
     24 ( 1.000 -0.000i) 
     25 ( 1.000 -0.000i) 
     26 ( 1.000 -0.000i) 
     27 ( 1.000 -0.000i) 
     28 ( 1.000 -0.000i) 
     29 ( 1.000 -0.000i) 
     30 ( 1.000 -0.000i) 
     31 ( 1.000 -0.000i) 
     32 ( 1.000 -0.000i) 
     33 ( 1.000 -0.000i) 
     34 ( 1.000 -0.000i) 
     35 ( 1.000 -0.000i) 
     36 ( 1.000 -0.000i) 
     37 ( 1.000 -0.000i) 
     38 ( 1.000 -0.000i) 
     39 ( 1.000 -0.000i) 
     40 ( 1.000 -0.000i) 
     41 ( 1.000 -0.000i) 
     42 ( 1.000 -0.000i) 
     43 ( 1.000 -0.000i) 
     44 ( 1.000 -0.000i) 
     45 ( 1.000 -0.000i) 
     46 ( 1.000 -0.000i) 
     47 ( 1.000 -0.000i) 
     48 ( 1.000 -0.000i) 

 64 (   6.139):

      1 ( 1.000 -0.000i) 
      2 (-1.000 -0.000i) 
      3 ( 1.000 -0.000i) 
      4 (-1.000 -0.000i) 
      5 ( 1.000 -0.000i) 
      6 (-1.000 -0.000i) 
      7 ( 1.000 -0.000i) 
      8 (-1.000 -0.000i) 
      9 ( 1.000 -0.000i) 
     10 (-1.000 -0.000i) 
     11 ( 1.000 -0.000i) 
     12 (-1.000 -0.000i) 
     13 ( 1.000 -0.000i) 
     14 (-1.000 -0.000i) 
     15 ( 1.000 -0.000i) 
     16 (-1.000 -0.000i) 
     17 ( 1.000 -0.000i) 
     18 (-1.000 -0.000i) 
     19 ( 1.000 -0.000i) 
     20 (-1.000 -0.000i) 
     21 ( 1.000 -0.000i) 
     22 (-1.000 -0.000i) 
     23 ( 1.000 -0.000i) 
     24 (-1.000 -0.000i) 
     25 (-1.000 -0.000i) 
     26 ( 1.000 -0.000i) 
     27 (-1.000 -0.000i) 
     28 ( 1.000 -0.000i) 
     29 (-1.000 -0.000i) 
     30 ( 1.000 -0.000i) 
     31 (-1.000 -0.000i) 
     32 ( 1.000 -0.000i) 
     33 (-1.000 -0.000i) 
     34 ( 1.000 -0.000i) 
     35 (-1.000 -0.000i) 
     36 ( 1.000 -0.000i) 
     37 (-1.000 -0.000i) 
     38 ( 1.000 -0.000i) 
     39 (-1.000 -0.000i) 
     40 ( 1.000 -0.000i) 
     41 (-1.000 -0.000i) 
     42 ( 1.000 -0.000i) 
     43 (-1.000 -0.000i) 
     44 ( 1.000 -0.000i) 
     45 (-1.000 -0.000i) 
     46 ( 1.000 -0.000i) 
     47 (-1.000 -0.000i) 
     48 ( 1.000 -0.000i) 

 65 (  10.155):

      1 ( 1.000 -0.000i)  (-0.000 -0.000i)  (-0.000 -0.000i) 
        (-0.000 -0.000i)  ( 1.000 -0.000i)  (-0.000 -0.000i) 
        (-0.000 -0.000i)  (-0.000 -0.000i)  ( 1.000 -0.000i) 

      2 ( 0.935 -0.000i)  ( 0.038 -0.000i)  (-0.353 -0.000i) 
        (-0.354 -0.000i)  ( 0.027 -0.000i)  (-0.935 -0.000i) 
        (-0.026 -0.000i)  ( 0.999 -0.000i)  ( 0.038 -0.000i) 

      3 ( 0.870 -0.000i)  (-0.316 -0.000i)  (-0.379 -0.000i) 
        (-0.316 -0.000i)  (-0.947 -0.000i)  ( 0.064 -0.000i) 
        (-0.379 -0.000i)  ( 0.064 -0.000i)  (-0.923 -0.000i) 

      4 ( 0.935 -0.000i)  (-0.354 -0.000i)  (-0.026 -0.000i) 
        ( 0.038 -0.000i)  ( 0.027 -0.000i)  ( 0.999 -0.000i) 
        (-0.353 -0.000i)  (-0.935 -0.000i)  ( 0.038 -0.000i) 

      5 (-0.941 -0.000i)  (-0.052 -0.000i)  ( 0.335 -0.000i) 
        (-0.052 -0.000i)  (-0.954 -0.000i)  (-0.294 -0.000i) 
        ( 0.335 -0.000i)  (-0.294 -0.000i)  ( 0.895 -0.000i) 

      6 (-0.870 -0.000i)  ( 0.297 -0.000i)  ( 0.393 -0.000i) 
        ( 0.297 -0.000i)  (-0.321 -0.000i)  ( 0.899 -0.000i) 
        ( 0.393 -0.000i)  ( 0.899 -0.000i)  ( 0.191 -0.000i) 

      7 (-0.929 -0.000i)  ( 0.367 -0.000i)  ( 0.045 -0.000i) 
        ( 0.367 -0.000i)  ( 0.901 -0.000i)  ( 0.230 -0.000i) 
        ( 0.045 -0.000i)  ( 0.230 -0.000i)  (-0.972 -0.000i) 

      8 (-1.000 -0.000i)  ( 0.019 -0.000i)  (-0.014 -0.000i) 
        ( 0.019 -0.000i)  ( 0.268 -0.000i)  (-0.963 -0.000i) 
        (-0.014 -0.000i)  (-0.963 -0.000i)  (-0.268 -0.000i) 

      9 (-0.016 -0.000i)  ( 0.999 -0.000i)  (-0.036 -0.000i) 
        (-0.052 -0.000i)  (-0.036 -0.000i)  (-0.998 -0.000i) 
        (-0.999 -0.000i)  (-0.015 -0.000i)  ( 0.053 -0.000i) 

     10 (-0.368 -0.000i)  (-0.010 -0.000i)  (-0.930 -0.000i) 
        (-0.010 -0.000i)  (-1.000 -0.000i)  ( 0.014 -0.000i) 
        (-0.930 -0.000i)  ( 0.014 -0.000i)  ( 0.368 -0.000i) 

     11 (-0.316 -0.000i)  (-0.943 -0.000i)  ( 0.103 -0.000i) 
        ( 0.345 -0.000i)  (-0.013 -0.000i)  ( 0.939 -0.000i) 
        (-0.884 -0.000i)  ( 0.332 -0.000i)  ( 0.329 -0.000i) 

     12 ( 0.036 -0.000i)  ( 0.066 -0.000i)  ( 0.997 -0.000i) 
        ( 0.302 -0.000i)  ( 0.951 -0.000i)  (-0.073 -0.000i) 
        (-0.953 -0.000i)  ( 0.304 -0.000i)  ( 0.014 -0.000i) 

     13 (-0.048 -0.000i)  (-0.942 -0.000i)  (-0.331 -0.000i) 
        (-0.283 -0.000i)  ( 0.331 -0.000i)  (-0.900 -0.000i) 
        ( 0.958 -0.000i)  ( 0.050 -0.000i)  (-0.283 -0.000i) 

     14 ( 0.297 -0.000i)  (-0.358 -0.000i)  ( 0.885 -0.000i) 
        (-0.358 -0.000i)  (-0.901 -0.000i)  (-0.244 -0.000i) 
        ( 0.885 -0.000i)  (-0.244 -0.000i)  (-0.396 -0.000i) 

     15 ( 0.381 -0.000i)  ( 0.886 -0.000i)  ( 0.264 -0.000i) 
        (-0.009 -0.000i)  (-0.282 -0.000i)  ( 0.959 -0.000i) 
        ( 0.925 -0.000i)  (-0.368 -0.000i)  (-0.099 -0.000i) 

     16 ( 0.036 -0.000i)  ( 0.302 -0.000i)  (-0.953 -0.000i) 
        ( 0.066 -0.000i)  ( 0.951 -0.000i)  ( 0.304 -0.000i) 
        ( 0.997 -0.000i)  (-0.073 -0.000i)  ( 0.014 -0.000i) 

     17 (-0.016 -0.000i)  (-0.052 -0.000i)  (-0.999 -0.000i) 
        ( 0.999 -0.000i)  (-0.036 -0.000i)  (-0.015 -0.000i) 
        (-0.036 -0.000i)  (-0.998 -0.000i)  ( 0.053 -0.000i) 

     18 ( 0.030 -0.000i)  (-0.999 -0.000i)  ( 0.016 -0.000i) 
        ( 0.947 -0.000i)  ( 0.023 -0.000i)  (-0.319 -0.000i) 
        ( 0.319 -0.000i)  ( 0.025 -0.000i)  ( 0.948 -0.000i) 

     19 ( 0.381 -0.000i)  (-0.009 -0.000i)  ( 0.925 -0.000i) 
        ( 0.886 -0.000i)  (-0.282 -0.000i)  (-0.368 -0.000i) 
        ( 0.264 -0.000i)  ( 0.959 -0.000i)  (-0.099 -0.000i) 

     20 ( 0.335 -0.000i)  ( 0.938 -0.000i)  (-0.090 -0.000i) 
        ( 0.938 -0.000i)  (-0.341 -0.000i)  (-0.063 -0.000i) 
        (-0.090 -0.000i)  (-0.063 -0.000i)  (-0.994 -0.000i) 

     21 (-0.316 -0.000i)  ( 0.345 -0.000i)  (-0.884 -0.000i) 
        (-0.943 -0.000i)  (-0.013 -0.000i)  ( 0.332 -0.000i) 
        ( 0.103 -0.000i)  ( 0.939 -0.000i)  ( 0.329 -0.000i) 

     22 (-0.394 -0.000i)  (-0.886 -0.000i)  (-0.245 -0.000i) 
        (-0.886 -0.000i)  ( 0.295 -0.000i)  ( 0.358 -0.000i) 
        (-0.245 -0.000i)  ( 0.358 -0.000i)  (-0.901 -0.000i) 

     23 (-0.048 -0.000i)  (-0.283 -0.000i)  ( 0.958 -0.000i) 
        (-0.942 -0.000i)  ( 0.331 -0.000i)  ( 0.050 -0.000i) 
        (-0.331 -0.000i)  (-0.900 -0.000i)  (-0.283 -0.000i) 

     24 ( 0.030 -0.000i)  ( 0.947 -0.000i)  ( 0.319 -0.000i) 
        (-0.999 -0.000i)  ( 0.023 -0.000i)  ( 0.025 -0.000i) 
        ( 0.016 -0.000i)  (-0.319 -0.000i)  ( 0.948 -0.000i) 

     25 (-1.000 -0.000i)  ( 0.000 -0.000i)  ( 0.000 -0.000i) 
        ( 0.000 -0.000i)  (-1.000 -0.000i)  ( 0.000 -0.000i) 
        ( 0.000 -0.000i)  ( 0.000 -0.000i)  (-1.000 -0.000i) 

     26 (-0.935 -0.000i)  (-0.038 -0.000i)  ( 0.353 -0.000i) 
        ( 0.354 -0.000i)  (-0.027 -0.000i)  ( 0.935 -0.000i) 
        ( 0.026 -0.000i)  (-0.999 -0.000i)  (-0.038 -0.000i) 

     27 (-0.870 -0.000i)  ( 0.316 -0.000i)  ( 0.379 -0.000i) 
        ( 0.316 -0.000i)  ( 0.947 -0.000i)  (-0.064 -0.000i) 
        ( 0.379 -0.000i)  (-0.064 -0.000i)  ( 0.923 -0.000i) 

     28 (-0.935 -0.000i)  ( 0.354 -0.000i)  ( 0.026 -0.000i) 
        (-0.038 -0.000i)  (-0.027 -0.000i)  (-0.999 -0.000i) 
        ( 0.353 -0.000i)  ( 0.935 -0.000i)  (-0.038 -0.000i) 

     29 ( 0.941 -0.000i)  ( 0.052 -0.000i)  (-0.335 -0.000i) 
        ( 0.052 -0.000i)  ( 0.954 -0.000i)  ( 0.294 -0.000i) 
        (-0.335 -0.000i)  ( 0.294 -0.000i)  (-0.895 -0.000i) 

     30 ( 0.870 -0.000i)  (-0.297 -0.000i)  (-0.393 -0.000i) 
        (-0.297 -0.000i)  ( 0.321 -0.000i)  (-0.899 -0.000i) 
        (-0.393 -0.000i)  (-0.899 -0.000i)  (-0.191 -0.000i) 

     31 ( 0.929 -0.000i)  (-0.367 -0.000i)  (-0.045 -0.000i) 
        (-0.367 -0.000i)  (-0.901 -0.000i)  (-0.230 -0.000i) 
        (-0.045 -0.000i)  (-0.230 -0.000i)  ( 0.972 -0.000i) 

     32 ( 1.000 -0.000i)  (-0.019 -0.000i)  ( 0.014 -0.000i) 
        (-0.019 -0.000i)  (-0.268 -0.000i)  ( 0.963 -0.000i) 
        ( 0.014 -0.000i)  ( 0.963 -0.000i)  ( 0.268 -0.000i) 

     33 ( 0.016 -0.000i)  (-0.999 -0.000i)  ( 0.036 -0.000i) 
        ( 0.052 -0.000i)  ( 0.036 -0.000i)  ( 0.998 -0.000i) 
        ( 0.999 -0.000i)  ( 0.015 -0.000i)  (-0.053 -0.000i) 

     34 ( 0.368 -0.000i)  ( 0.010 -0.000i)  ( 0.930 -0.000i) 
        ( 0.010 -0.000i)  ( 1.000 -0.000i)  (-0.014 -0.000i) 
        ( 0.930 -0.000i)  (-0.014 -0.000i)  (-0.368 -0.000i) 

     35 ( 0.316 -0.000i)  ( 0.943 -0.000i)  (-0.103 -0.000i) 
        (-0.345 -0.000i)  ( 0.013 -0.000i)  (-0.939 -0.000i) 
        ( 0.884 -0.000i)  (-0.332 -0.000i)  (-0.329 -0.000i) 

     36 (-0.036 -0.000i)  (-0.066 -0.000i)  (-0.997 -0.000i) 
        (-0.302 -0.000i)  (-0.951 -0.000i)  ( 0.073 -0.000i) 
        ( 0.953 -0.000i)  (-0.304 -0.000i)  (-0.014 -0.000i) 

     37 ( 0.048 -0.000i)  ( 0.942 -0.000i)  ( 0.331 -0.000i) 
        ( 0.283 -0.000i)  (-0.331 -0.000i)  ( 0.900 -0.000i) 
        (-0.958 -0.000i)  (-0.050 -0.000i)  ( 0.283 -0.000i) 

     38 (-0.297 -0.000i)  ( 0.358 -0.000i)  (-0.885 -0.000i) 
        ( 0.358 -0.000i)  ( 0.901 -0.000i)  ( 0.244 -0.000i) 
        (-0.885 -0.000i)  ( 0.244 -0.000i)  ( 0.396 -0.000i) 

     39 (-0.381 -0.000i)  (-0.886 -0.000i)  (-0.264 -0.000i) 
        ( 0.009 -0.000i)  ( 0.282 -0.000i)  (-0.959 -0.000i) 
        (-0.925 -0.000i)  ( 0.368 -0.000i)  ( 0.099 -0.000i) 

     40 (-0.036 -0.000i)  (-0.302 -0.000i)  ( 0.953 -0.000i) 
        (-0.066 -0.000i)  (-0.951 -0.000i)  (-0.304 -0.000i) 
        (-0.997 -0.000i)  ( 0.073 -0.000i)  (-0.014 -0.000i) 

     41 ( 0.016 -0.000i)  ( 0.052 -0.000i)  ( 0.999 -0.000i) 
        (-0.999 -0.000i)  ( 0.036 -0.000i)  ( 0.015 -0.000i) 
        ( 0.036 -0.000i)  ( 0.998 -0.000i)  (-0.053 -0.000i) 

     42 (-0.030 -0.000i)  ( 0.999 -0.000i)  (-0.016 -0.000i) 
        (-0.947 -0.000i)  (-0.023 -0.000i)  ( 0.319 -0.000i) 
        (-0.319 -0.000i)  (-0.025 -0.000i)  (-0.948 -0.000i) 

     43 (-0.381 -0.000i)  ( 0.009 -0.000i)  (-0.925 -0.000i) 
        (-0.886 -0.000i)  ( 0.282 -0.000i)  ( 0.368 -0.000i) 
        (-0.264 -0.000i)  (-0.959 -0.000i)  ( 0.099 -0.000i) 

     44 (-0.335 -0.000i)  (-0.938 -0.000i)  ( 0.090 -0.000i) 
        (-0.938 -0.000i)  ( 0.341 -0.000i)  ( 0.063 -0.000i) 
        ( 0.090 -0.000i)  ( 0.063 -0.000i)  ( 0.994 -0.000i) 

     45 ( 0.316 -0.000i)  (-0.345 -0.000i)  ( 0.884 -0.000i) 
        ( 0.943 -0.000i)  ( 0.013 -0.000i)  (-0.332 -0.000i) 
        (-0.103 -0.000i)  (-0.939 -0.000i)  (-0.329 -0.000i) 

     46 ( 0.394 -0.000i)  ( 0.886 -0.000i)  ( 0.245 -0.000i) 
        ( 0.886 -0.000i)  (-0.295 -0.000i)  (-0.358 -0.000i) 
        ( 0.245 -0.000i)  (-0.358 -0.000i)  ( 0.901 -0.000i) 

     47 ( 0.048 -0.000i)  ( 0.283 -0.000i)  (-0.958 -0.000i) 
        ( 0.942 -0.000i)  (-0.331 -0.000i)  (-0.050 -0.000i) 
        ( 0.331 -0.000i)  ( 0.900 -0.000i)  ( 0.283 -0.000i) 

     48 (-0.030 -0.000i)  (-0.947 -0.000i)  (-0.319 -0.000i) 
        ( 0.999 -0.000i)  (-0.023 -0.000i)  (-0.025 -0.000i) 
        (-0.016 -0.000i)  ( 0.319 -0.000i)  (-0.948 -0.000i) 

 68 (  10.158):

      1 ( 1.000 -0.000i) 
      2 ( 1.000 -0.000i) 
      3 ( 1.000 -0.000i) 
      4 ( 1.000 -0.000i) 
      5 ( 1.000 -0.000i) 
      6 ( 1.000 -0.000i) 
      7 ( 1.000 -0.000i) 
      8 ( 1.000 -0.000i) 
      9 ( 1.000 -0.000i) 
     10 ( 1.000 -0.000i) 
     11 ( 1.000 -0.000i) 
     12 ( 1.000 -0.000i) 
     13 ( 1.000 -0.000i) 
     14 ( 1.000 -0.000i) 
     15 ( 1.000 -0.000i) 
     16 ( 1.000 -0.000i) 
     17 ( 1.000 -0.000i) 
     18 ( 1.000 -0.000i) 
     19 ( 1.000 -0.000i) 
     20 ( 1.000 -0.000i) 
     21 ( 1.000 -0.000i) 
     22 ( 1.000 -0.000i) 
     23 ( 1.000 -0.000i) 
     24 ( 1.000 -0.000i) 
     25 ( 1.000 -0.000i) 
     26 ( 1.000 -0.000i) 
     27 ( 1.000 -0.000i) 
     28 ( 1.000 -0.000i) 
     29 ( 1.000 -0.000i) 
     30 ( 1.000 -0.000i) 
     31 ( 1.000 -0.000i) 
     32 ( 1.000 -0.000i) 
     33 ( 1.000 -0.000i) 
     34 ( 1.000 -0.000i) 
     35 ( 1.000 -0.000i) 
     36 ( 1.000 -0.000i) 
     37 ( 1.000 -0.000i) 
     38 ( 1.000 -0.000i) 
     39 ( 1.000 -0.000i) 
     40 ( 1.000 -0.000i) 
     41 ( 1.000 -0.000i) 
     42 ( 1.000 -0.000i) 
     43 ( 1.000 -0.000i) 
     44 ( 1.000 -0.000i) 
     45 ( 1.000 -0.000i) 
     46 ( 1.000 -0.000i) 
     47 ( 1.000 -0.000i) 
     48 ( 1.000 -0.000i) 

 69 (  10.173):

      1 ( 1.000 -0.000i) 
      2 (-1.000 -0.000i) 
      3 ( 1.000 -0.000i) 
      4 (-1.000 -0.000i) 
      5 ( 1.000 -0.000i) 
      6 (-1.000 -0.000i) 
      7 ( 1.000 -0.000i) 
      8 (-1.000 -0.000i) 
      9 ( 1.000 -0.000i) 
     10 (-1.000 -0.000i) 
     11 ( 1.000 -0.000i) 
     12 (-1.000 -0.000i) 
     13 ( 1.000 -0.000i) 
     14 (-1.000 -0.000i) 
     15 ( 1.000 -0.000i) 
     16 (-1.000 -0.000i) 
     17 ( 1.000 -0.000i) 
     18 (-1.000 -0.000i) 
     19 ( 1.000 -0.000i) 
     20 (-1.000 -0.000i) 
     21 ( 1.000 -0.000i) 
     22 (-1.000 -0.000i) 
     23 ( 1.000 -0.000i) 
     24 (-1.000 -0.000i) 
     25 (-1.000 -0.000i) 
     26 ( 1.000 -0.000i) 
     27 (-1.000 -0.000i) 
     28 ( 1.000 -0.000i) 
     29 (-1.000 -0.000i) 
     30 ( 1.000 -0.000i) 
     31 (-1.000 -0.000i) 
     32 ( 1.000 -0.000i) 
     33 (-1.000 -0.000i) 
     34 ( 1.000 -0.000i) 
     35 (-1.000 -0.000i) 
     36 ( 1.000 -0.000i) 
     37 (-1.000 -0.000i) 
     38 ( 1.000 -0.000i) 
     39 (-1.000 -0.000i) 
     40 ( 1.000 -0.000i) 
     41 (-1.000 -0.000i) 
     42 ( 1.000 -0.000i) 
     43 (-1.000 -0.000i) 
     44 ( 1.000 -0.000i) 
     45 (-1.000 -0.000i) 
     46 ( 1.000 -0.000i) 
     47 (-1.000 -0.000i) 
     48 ( 1.000 -0.000i) 

 70 (  10.305):

      1 ( 1.000 -0.000i)  (-0.000 -0.000i)  ( 0.000 -0.000i) 
        (-0.000 -0.000i)  ( 1.000 -0.000i)  ( 0.000 -0.000i) 
        ( 0.000 -0.000i)  ( 0.000 -0.000i)  ( 1.000 -0.000i) 

      2 (-0.092 -0.000i)  (-0.116 -0.000i)  (-0.989 -0.000i) 
        (-0.453 -0.000i)  (-0.880 -0.000i)  ( 0.146 -0.000i) 
        ( 0.887 -0.000i)  (-0.461 -0.000i)  (-0.028 -0.000i) 

      3 (-0.816 -0.000i)  ( 0.569 -0.000i)  ( 0.102 -0.000i) 
        ( 0.569 -0.000i)  ( 0.759 -0.000i)  ( 0.315 -0.000i) 
        ( 0.102 -0.000i)  ( 0.315 -0.000i)  (-0.943 -0.000i) 

      4 (-0.092 -0.000i)  (-0.453 -0.000i)  ( 0.887 -0.000i) 
        (-0.116 -0.000i)  (-0.880 -0.000i)  (-0.461 -0.000i) 
        (-0.989 -0.000i)  ( 0.146 -0.000i)  (-0.028 -0.000i) 

      5 (-0.833 -0.000i)  ( 0.045 -0.000i)  (-0.551 -0.000i) 
        ( 0.045 -0.000i)  (-0.988 -0.000i)  (-0.148 -0.000i) 
        (-0.551 -0.000i)  (-0.148 -0.000i)  ( 0.821 -0.000i) 

      6 (-0.433 -0.000i)  ( 0.312 -0.000i)  ( 0.846 -0.000i) 
        ( 0.312 -0.000i)  ( 0.932 -0.000i)  (-0.184 -0.000i) 
        ( 0.846 -0.000i)  (-0.184 -0.000i)  ( 0.501 -0.000i) 

      7 ( 0.649 -0.000i)  (-0.614 -0.000i)  ( 0.449 -0.000i) 
        (-0.614 -0.000i)  (-0.771 -0.000i)  (-0.167 -0.000i) 
        ( 0.449 -0.000i)  (-0.167 -0.000i)  (-0.878 -0.000i) 

      8 ( 0.617 -0.000i)  ( 0.257 -0.000i)  (-0.744 -0.000i) 
        ( 0.257 -0.000i)  ( 0.827 -0.000i)  ( 0.500 -0.000i) 
        (-0.744 -0.000i)  ( 0.500 -0.000i)  (-0.444 -0.000i) 

      9 (-0.075 -0.000i)  (-0.444 -0.000i)  ( 0.893 -0.000i) 
        ( 0.926 -0.000i)  (-0.364 -0.000i)  (-0.104 -0.000i) 
        ( 0.371 -0.000i)  ( 0.819 -0.000i)  ( 0.438 -0.000i) 

     10 ( 1.000 -0.000i)  (-0.012 -0.000i)  (-0.016 -0.000i) 
        (-0.012 -0.000i)  ( 0.260 -0.000i)  (-0.966 -0.000i) 
        (-0.016 -0.000i)  (-0.966 -0.000i)  (-0.260 -0.000i) 

     11 (-0.101 -0.000i)  (-0.098 -0.000i)  (-0.990 -0.000i) 
        (-0.973 -0.000i)  ( 0.218 -0.000i)  ( 0.078 -0.000i) 
        ( 0.208 -0.000i)  ( 0.971 -0.000i)  (-0.117 -0.000i) 

     12 (-0.824 -0.000i)  ( 0.554 -0.000i)  ( 0.113 -0.000i) 
        ( 0.060 -0.000i)  (-0.114 -0.000i)  ( 0.992 -0.000i) 
        (-0.563 -0.000i)  (-0.824 -0.000i)  (-0.061 -0.000i) 

     13 (-0.450 -0.000i)  ( 0.303 -0.000i)  ( 0.840 -0.000i) 
        (-0.730 -0.000i)  ( 0.416 -0.000i)  (-0.542 -0.000i) 
        (-0.514 -0.000i)  (-0.857 -0.000i)  ( 0.034 -0.000i) 

     14 ( 0.649 -0.000i)  (-0.602 -0.000i)  ( 0.466 -0.000i) 
        (-0.602 -0.000i)  (-0.031 -0.000i)  ( 0.798 -0.000i) 
        ( 0.466 -0.000i)  ( 0.798 -0.000i)  ( 0.382 -0.000i) 

     15 ( 0.626 -0.000i)  ( 0.239 -0.000i)  (-0.743 -0.000i) 
        ( 0.777 -0.000i)  (-0.271 -0.000i)  ( 0.568 -0.000i) 
        (-0.065 -0.000i)  (-0.933 -0.000i)  (-0.355 -0.000i) 

     16 (-0.824 -0.000i)  ( 0.060 -0.000i)  (-0.563 -0.000i) 
        ( 0.554 -0.000i)  (-0.114 -0.000i)  (-0.824 -0.000i) 
        ( 0.113 -0.000i)  ( 0.992 -0.000i)  (-0.061 -0.000i) 

     17 (-0.075 -0.000i)  ( 0.926 -0.000i)  ( 0.371 -0.000i) 
        (-0.444 -0.000i)  (-0.364 -0.000i)  ( 0.819 -0.000i) 
        ( 0.893 -0.000i)  (-0.104 -0.000i)  ( 0.438 -0.000i) 

     18 (-0.083 -0.000i)  (-0.977 -0.000i)  ( 0.198 -0.000i) 
        ( 0.932 -0.000i)  (-0.006 -0.000i)  ( 0.363 -0.000i) 
        ( 0.353 -0.000i)  (-0.215 -0.000i)  (-0.910 -0.000i) 

     19 ( 0.626 -0.000i)  ( 0.777 -0.000i)  (-0.065 -0.000i) 
        ( 0.239 -0.000i)  (-0.271 -0.000i)  (-0.933 -0.000i) 
        (-0.743 -0.000i)  ( 0.568 -0.000i)  (-0.355 -0.000i) 

     20 (-0.468 -0.000i)  (-0.727 -0.000i)  (-0.503 -0.000i) 
        (-0.727 -0.000i)  ( 0.640 -0.000i)  (-0.249 -0.000i) 
        (-0.503 -0.000i)  (-0.249 -0.000i)  ( 0.827 -0.000i) 

     21 (-0.101 -0.000i)  (-0.973 -0.000i)  ( 0.208 -0.000i) 
        (-0.098 -0.000i)  ( 0.218 -0.000i)  ( 0.971 -0.000i) 
        (-0.990 -0.000i)  ( 0.078 -0.000i)  (-0.117 -0.000i) 

     22 ( 0.635 -0.000i)  ( 0.771 -0.000i)  (-0.048 -0.000i) 
        ( 0.771 -0.000i)  (-0.628 -0.000i)  ( 0.101 -0.000i) 
        (-0.048 -0.000i)  ( 0.101 -0.000i)  ( 0.994 -0.000i) 

     23 (-0.450 -0.000i)  (-0.730 -0.000i)  (-0.514 -0.000i) 
        ( 0.303 -0.000i)  ( 0.416 -0.000i)  (-0.857 -0.000i) 
        ( 0.840 -0.000i)  (-0.542 -0.000i)  ( 0.034 -0.000i) 

     24 (-0.083 -0.000i)  ( 0.932 -0.000i)  ( 0.353 -0.000i) 
        (-0.977 -0.000i)  (-0.006 -0.000i)  (-0.215 -0.000i) 
        ( 0.198 -0.000i)  ( 0.363 -0.000i)  (-0.910 -0.000i) 

     25 ( 1.000 -0.000i)  (-0.000 -0.000i)  ( 0.000 -0.000i) 
        (-0.000 -0.000i)  ( 1.000 -0.000i)  ( 0.000 -0.000i) 
        ( 0.000 -0.000i)  ( 0.000 -0.000i)  ( 1.000 -0.000i) 

     26 (-0.092 -0.000i)  (-0.116 -0.000i)  (-0.989 -0.000i) 
        (-0.453 -0.000i)  (-0.880 -0.000i)  ( 0.146 -0.000i) 
        ( 0.887 -0.000i)  (-0.461 -0.000i)  (-0.028 -0.000i) 

     27 (-0.816 -0.000i)  ( 0.569 -0.000i)  ( 0.102 -0.000i) 
        ( 0.569 -0.000i)  ( 0.759 -0.000i)  ( 0.315 -0.000i) 
        ( 0.102 -0.000i)  ( 0.315 -0.000i)  (-0.943 -0.000i) 

     28 (-0.092 -0.000i)  (-0.453 -0.000i)  ( 0.887 -0.000i) 
        (-0.116 -0.000i)  (-0.880 -0.000i)  (-0.461 -0.000i) 
        (-0.989 -0.000i)  ( 0.146 -0.000i)  (-0.028 -0.000i) 

     29 (-0.833 -0.000i)  ( 0.045 -0.000i)  (-0.551 -0.000i) 
        ( 0.045 -0.000i)  (-0.988 -0.000i)  (-0.148 -0.000i) 
        (-0.551 -0.000i)  (-0.148 -0.000i)  ( 0.821 -0.000i) 

     30 (-0.433 -0.000i)  ( 0.312 -0.000i)  ( 0.846 -0.000i) 
        ( 0.312 -0.000i)  ( 0.932 -0.000i)  (-0.184 -0.000i) 
        ( 0.846 -0.000i)  (-0.184 -0.000i)  ( 0.501 -0.000i) 

     31 ( 0.649 -0.000i)  (-0.614 -0.000i)  ( 0.449 -0.000i) 
        (-0.614 -0.000i)  (-0.771 -0.000i)  (-0.167 -0.000i) 
        ( 0.449 -0.000i)  (-0.167 -0.000i)  (-0.878 -0.000i) 

     32 ( 0.617 -0.000i)  ( 0.257 -0.000i)  (-0.744 -0.000i) 
        ( 0.257 -0.000i)  ( 0.827 -0.000i)  ( 0.500 -0.000i) 
        (-0.744 -0.000i)  ( 0.500 -0.000i)  (-0.444 -0.000i) 

     33 (-0.075 -0.000i)  (-0.444 -0.000i)  ( 0.893 -0.000i) 
        ( 0.926 -0.000i)  (-0.364 -0.000i)  (-0.104 -0.000i) 
        ( 0.371 -0.000i)  ( 0.819 -0.000i)  ( 0.438 -0.000i) 

     34 ( 1.000 -0.000i)  (-0.012 -0.000i)  (-0.016 -0.000i) 
        (-0.012 -0.000i)  ( 0.260 -0.000i)  (-0.966 -0.000i) 
        (-0.016 -0.000i)  (-0.966 -0.000i)  (-0.260 -0.000i) 

     35 (-0.101 -0.000i)  (-0.098 -0.000i)  (-0.990 -0.000i) 
        (-0.973 -0.000i)  ( 0.218 -0.000i)  ( 0.078 -0.000i) 
        ( 0.208 -0.000i)  ( 0.971 -0.000i)  (-0.117 -0.000i) 

     36 (-0.824 -0.000i)  ( 0.554 -0.000i)  ( 0.113 -0.000i) 
        ( 0.060 -0.000i)  (-0.114 -0.000i)  ( 0.992 -0.000i) 
        (-0.563 -0.000i)  (-0.824 -0.000i)  (-0.061 -0.000i) 

     37 (-0.450 -0.000i)  ( 0.303 -0.000i)  ( 0.840 -0.000i) 
        (-0.730 -0.000i)  ( 0.416 -0.000i)  (-0.542 -0.000i) 
        (-0.514 -0.000i)  (-0.857 -0.000i)  ( 0.034 -0.000i) 

     38 ( 0.649 -0.000i)  (-0.602 -0.000i)  ( 0.466 -0.000i) 
        (-0.602 -0.000i)  (-0.031 -0.000i)  ( 0.798 -0.000i) 
        ( 0.466 -0.000i)  ( 0.798 -0.000i)  ( 0.382 -0.000i) 

     39 ( 0.626 -0.000i)  ( 0.239 -0.000i)  (-0.743 -0.000i) 
        ( 0.777 -0.000i)  (-0.271 -0.000i)  ( 0.568 -0.000i) 
        (-0.065 -0.000i)  (-0.933 -0.000i)  (-0.355 -0.000i) 

     40 (-0.824 -0.000i)  ( 0.060 -0.000i)  (-0.563 -0.000i) 
        ( 0.554 -0.000i)  (-0.114 -0.000i)  (-0.824 -0.000i) 
        ( 0.113 -0.000i)  ( 0.992 -0.000i)  (-0.061 -0.000i) 

     41 (-0.075 -0.000i)  ( 0.926 -0.000i)  ( 0.371 -0.000i) 
        (-0.444 -0.000i)  (-0.364 -0.000i)  ( 0.819 -0.000i) 
        ( 0.893 -0.000i)  (-0.104 -0.000i)  ( 0.438 -0.000i) 

     42 (-0.083 -0.000i)  (-0.977 -0.000i)  ( 0.198 -0.000i) 
        ( 0.932 -0.000i)  (-0.006 -0.000i)  ( 0.363 -0.000i) 
        ( 0.353 -0.000i)  (-0.215 -0.000i)  (-0.910 -0.000i) 

     43 ( 0.626 -0.000i)  ( 0.777 -0.000i)  (-0.065 -0.000i) 
        ( 0.239 -0.000i)  (-0.271 -0.000i)  (-0.933 -0.000i) 
        (-0.743 -0.000i)  ( 0.568 -0.000i)  (-0.355 -0.000i) 

     44 (-0.468 -0.000i)  (-0.727 -0.000i)  (-0.503 -0.000i) 
        (-0.727 -0.000i)  ( 0.640 -0.000i)  (-0.249 -0.000i) 
        (-0.503 -0.000i)  (-0.249 -0.000i)  ( 0.827 -0.000i) 

     45 (-0.101 -0.000i)  (-0.973 -0.000i)  ( 0.208 -0.000i) 
        (-0.098 -0.000i)  ( 0.218 -0.000i)  ( 0.971 -0.000i) 
        (-0.990 -0.000i)  ( 0.078 -0.000i)  (-0.117 -0.000i) 

     46 ( 0.635 -0.000i)  ( 0.771 -0.000i)  (-0.048 -0.000i) 
        ( 0.771 -0.000i)  (-0.628 -0.000i)  ( 0.101 -0.000i) 
        (-0.048 -0.000i)  ( 0.101 -0.000i)  ( 0.994 -0.000i) 

     47 (-0.450 -0.000i)  (-0.730 -0.000i)  (-0.514 -0.000i) 
        ( 0.303 -0.000i)  ( 0.416 -0.000i)  (-0.857 -0.000i) 
        ( 0.840 -0.000i)  (-0.542 -0.000i)  ( 0.034 -0.000i) 

     48 (-0.083 -0.000i)  ( 0.932 -0.000i)  ( 0.353 -0.000i) 
        (-0.977 -0.000i)  (-0.006 -0.000i)  (-0.215 -0.000i) 
        ( 0.198 -0.000i)  ( 0.363 -0.000i)  (-0.910 -0.000i) 

 73 (  10.635):

      1 ( 1.000 -0.000i)  ( 0.000 -0.000i)  ( 0.000 -0.000i) 
        ( 0.000 -0.000i)  ( 1.000 -0.000i)  (-0.000 -0.000i) 
        ( 0.000 -0.000i)  (-0.000 -0.000i)  ( 1.000 -0.000i) 

      2 ( 0.328 -0.000i)  (-0.431 -0.000i)  ( 0.841 -0.000i) 
        ( 0.943 -0.000i)  ( 0.200 -0.000i)  (-0.266 -0.000i) 
        (-0.054 -0.000i)  ( 0.880 -0.000i)  ( 0.472 -0.000i) 

      3 (-0.343 -0.000i)  ( 0.512 -0.000i)  ( 0.787 -0.000i) 
        ( 0.512 -0.000i)  (-0.600 -0.000i)  ( 0.614 -0.000i) 
        ( 0.787 -0.000i)  ( 0.614 -0.000i)  (-0.057 -0.000i) 

      4 ( 0.328 -0.000i)  ( 0.943 -0.000i)  (-0.054 -0.000i) 
        (-0.431 -0.000i)  ( 0.200 -0.000i)  ( 0.880 -0.000i) 
        ( 0.841 -0.000i)  (-0.266 -0.000i)  ( 0.472 -0.000i) 

      5 (-0.444 -0.000i)  ( 0.464 -0.000i)  (-0.766 -0.000i) 
        ( 0.464 -0.000i)  (-0.612 -0.000i)  (-0.640 -0.000i) 
        (-0.766 -0.000i)  (-0.640 -0.000i)  ( 0.056 -0.000i) 

      6 ( 0.333 -0.000i)  (-0.390 -0.000i)  (-0.858 -0.000i) 
        (-0.390 -0.000i)  (-0.886 -0.000i)  ( 0.251 -0.000i) 
        (-0.858 -0.000i)  ( 0.251 -0.000i)  (-0.448 -0.000i) 

      7 (-0.213 -0.000i)  (-0.977 -0.000i)  (-0.021 -0.000i) 
        (-0.977 -0.000i)  ( 0.212 -0.000i)  ( 0.026 -0.000i) 
        (-0.021 -0.000i)  ( 0.026 -0.000i)  (-0.999 -0.000i) 

      8 (-0.990 -0.000i)  (-0.122 -0.000i)  ( 0.071 -0.000i) 
        (-0.122 -0.000i)  ( 0.486 -0.000i)  (-0.866 -0.000i) 
        ( 0.071 -0.000i)  (-0.866 -0.000i)  (-0.496 -0.000i) 

      9 (-0.388 -0.000i)  ( 0.406 -0.000i)  ( 0.828 -0.000i) 
        ( 0.382 -0.000i)  ( 0.888 -0.000i)  (-0.256 -0.000i) 
        (-0.839 -0.000i)  ( 0.217 -0.000i)  (-0.500 -0.000i) 

     10 ( 0.211 -0.000i)  ( 0.977 -0.000i)  (-0.044 -0.000i) 
        ( 0.977 -0.000i)  (-0.212 -0.000i)  (-0.035 -0.000i) 
        (-0.044 -0.000i)  (-0.035 -0.000i)  (-0.998 -0.000i) 

     11 ( 0.992 -0.000i)  ( 0.066 -0.000i)  (-0.103 -0.000i) 
        ( 0.122 -0.000i)  (-0.494 -0.000i)  ( 0.861 -0.000i) 
        ( 0.006 -0.000i)  (-0.867 -0.000i)  (-0.498 -0.000i) 

     12 ( 0.394 -0.000i)  (-0.505 -0.000i)  ( 0.768 -0.000i) 
        (-0.472 -0.000i)  ( 0.606 -0.000i)  ( 0.640 -0.000i) 
        (-0.789 -0.000i)  (-0.615 -0.000i)  ( 0.000 -0.000i) 

     13 (-0.274 -0.000i)  (-0.958 -0.000i)  ( 0.084 -0.000i) 
        ( 0.439 -0.000i)  (-0.202 -0.000i)  (-0.876 -0.000i) 
        ( 0.856 -0.000i)  (-0.203 -0.000i)  ( 0.476 -0.000i) 

     14 (-0.998 -0.000i)  ( 0.000 -0.000i)  ( 0.065 -0.000i) 
        ( 0.000 -0.000i)  (-1.000 -0.000i)  ( 0.010 -0.000i) 
        ( 0.065 -0.000i)  ( 0.010 -0.000i)  ( 0.998 -0.000i) 

     15 (-0.331 -0.000i)  ( 0.487 -0.000i)  (-0.809 -0.000i) 
        (-0.943 -0.000i)  (-0.192 -0.000i)  ( 0.271 -0.000i) 
        (-0.023 -0.000i)  ( 0.852 -0.000i)  ( 0.522 -0.000i) 

     16 ( 0.394 -0.000i)  (-0.472 -0.000i)  (-0.789 -0.000i) 
        (-0.505 -0.000i)  ( 0.606 -0.000i)  (-0.615 -0.000i) 
        ( 0.768 -0.000i)  ( 0.640 -0.000i)  ( 0.000 -0.000i) 

     17 (-0.388 -0.000i)  ( 0.382 -0.000i)  (-0.839 -0.000i) 
        ( 0.406 -0.000i)  ( 0.888 -0.000i)  ( 0.217 -0.000i) 
        ( 0.828 -0.000i)  (-0.256 -0.000i)  (-0.500 -0.000i) 

     18 ( 0.278 -0.000i)  (-0.494 -0.000i)  (-0.824 -0.000i) 
        ( 0.959 -0.000i)  ( 0.194 -0.000i)  ( 0.207 -0.000i) 
        ( 0.057 -0.000i)  (-0.847 -0.000i)  ( 0.528 -0.000i) 

     19 (-0.331 -0.000i)  (-0.943 -0.000i)  (-0.023 -0.000i) 
        ( 0.487 -0.000i)  (-0.192 -0.000i)  ( 0.852 -0.000i) 
        (-0.809 -0.000i)  ( 0.271 -0.000i)  ( 0.522 -0.000i) 

     20 (-0.997 -0.000i)  (-0.067 -0.000i)  (-0.038 -0.000i) 
        (-0.067 -0.000i)  ( 0.502 -0.000i)  ( 0.862 -0.000i) 
        (-0.038 -0.000i)  ( 0.862 -0.000i)  (-0.505 -0.000i) 

     21 ( 0.992 -0.000i)  ( 0.122 -0.000i)  ( 0.006 -0.000i) 
        ( 0.066 -0.000i)  (-0.494 -0.000i)  (-0.867 -0.000i) 
        (-0.103 -0.000i)  ( 0.861 -0.000i)  (-0.498 -0.000i) 

     22 ( 0.441 -0.000i)  (-0.398 -0.000i)  ( 0.805 -0.000i) 
        (-0.398 -0.000i)  (-0.890 -0.000i)  (-0.222 -0.000i) 
        ( 0.805 -0.000i)  (-0.222 -0.000i)  (-0.551 -0.000i) 

     23 (-0.274 -0.000i)  ( 0.439 -0.000i)  ( 0.856 -0.000i) 
        (-0.958 -0.000i)  (-0.202 -0.000i)  (-0.203 -0.000i) 
        ( 0.084 -0.000i)  (-0.876 -0.000i)  ( 0.476 -0.000i) 

     24 ( 0.278 -0.000i)  ( 0.959 -0.000i)  ( 0.057 -0.000i) 
        (-0.494 -0.000i)  ( 0.194 -0.000i)  (-0.847 -0.000i) 
        (-0.824 -0.000i)  ( 0.207 -0.000i)  ( 0.528 -0.000i) 

     25 ( 1.000 -0.000i)  ( 0.000 -0.000i)  ( 0.000 -0.000i) 
        ( 0.000 -0.000i)  ( 1.000 -0.000i)  (-0.000 -0.000i) 
        ( 0.000 -0.000i)  (-0.000 -0.000i)  ( 1.000 -0.000i) 

     26 ( 0.328 -0.000i)  (-0.431 -0.000i)  ( 0.841 -0.000i) 
        ( 0.943 -0.000i)  ( 0.200 -0.000i)  (-0.266 -0.000i) 
        (-0.054 -0.000i)  ( 0.880 -0.000i)  ( 0.472 -0.000i) 

     27 (-0.343 -0.000i)  ( 0.512 -0.000i)  ( 0.787 -0.000i) 
        ( 0.512 -0.000i)  (-0.600 -0.000i)  ( 0.614 -0.000i) 
        ( 0.787 -0.000i)  ( 0.614 -0.000i)  (-0.057 -0.000i) 

     28 ( 0.328 -0.000i)  ( 0.943 -0.000i)  (-0.054 -0.000i) 
        (-0.431 -0.000i)  ( 0.200 -0.000i)  ( 0.880 -0.000i) 
        ( 0.841 -0.000i)  (-0.266 -0.000i)  ( 0.472 -0.000i) 

     29 (-0.444 -0.000i)  ( 0.464 -0.000i)  (-0.766 -0.000i) 
        ( 0.464 -0.000i)  (-0.612 -0.000i)  (-0.640 -0.000i) 
        (-0.766 -0.000i)  (-0.640 -0.000i)  ( 0.056 -0.000i) 

     30 ( 0.333 -0.000i)  (-0.390 -0.000i)  (-0.858 -0.000i) 
        (-0.390 -0.000i)  (-0.886 -0.000i)  ( 0.251 -0.000i) 
        (-0.858 -0.000i)  ( 0.251 -0.000i)  (-0.448 -0.000i) 

     31 (-0.213 -0.000i)  (-0.977 -0.000i)  (-0.021 -0.000i) 
        (-0.977 -0.000i)  ( 0.212 -0.000i)  ( 0.026 -0.000i) 
        (-0.021 -0.000i)  ( 0.026 -0.000i)  (-0.999 -0.000i) 

     32 (-0.990 -0.000i)  (-0.122 -0.000i)  ( 0.071 -0.000i) 
        (-0.122 -0.000i)  ( 0.486 -0.000i)  (-0.866 -0.000i) 
        ( 0.071 -0.000i)  (-0.866 -0.000i)  (-0.496 -0.000i) 

     33 (-0.388 -0.000i)  ( 0.406 -0.000i)  ( 0.828 -0.000i) 
        ( 0.382 -0.000i)  ( 0.888 -0.000i)  (-0.256 -0.000i) 
        (-0.839 -0.000i)  ( 0.217 -0.000i)  (-0.500 -0.000i) 

     34 ( 0.211 -0.000i)  ( 0.977 -0.000i)  (-0.044 -0.000i) 
        ( 0.977 -0.000i)  (-0.212 -0.000i)  (-0.035 -0.000i) 
        (-0.044 -0.000i)  (-0.035 -0.000i)  (-0.998 -0.000i) 

     35 ( 0.992 -0.000i)  ( 0.066 -0.000i)  (-0.103 -0.000i) 
        ( 0.122 -0.000i)  (-0.494 -0.000i)  ( 0.861 -0.000i) 
        ( 0.006 -0.000i)  (-0.867 -0.000i)  (-0.498 -0.000i) 

     36 ( 0.394 -0.000i)  (-0.505 -0.000i)  ( 0.768 -0.000i) 
        (-0.472 -0.000i)  ( 0.606 -0.000i)  ( 0.640 -0.000i) 
        (-0.789 -0.000i)  (-0.615 -0.000i)  ( 0.000 -0.000i) 

     37 (-0.274 -0.000i)  (-0.958 -0.000i)  ( 0.084 -0.000i) 
        ( 0.439 -0.000i)  (-0.202 -0.000i)  (-0.876 -0.000i) 
        ( 0.856 -0.000i)  (-0.203 -0.000i)  ( 0.476 -0.000i) 

     38 (-0.998 -0.000i)  ( 0.000 -0.000i)  ( 0.065 -0.000i) 
        ( 0.000 -0.000i)  (-1.000 -0.000i)  ( 0.010 -0.000i) 
        ( 0.065 -0.000i)  ( 0.010 -0.000i)  ( 0.998 -0.000i) 

     39 (-0.331 -0.000i)  ( 0.487 -0.000i)  (-0.809 -0.000i) 
        (-0.943 -0.000i)  (-0.192 -0.000i)  ( 0.271 -0.000i) 
        (-0.023 -0.000i)  ( 0.852 -0.000i)  ( 0.522 -0.000i) 

     40 ( 0.394 -0.000i)  (-0.472 -0.000i)  (-0.789 -0.000i) 
        (-0.505 -0.000i)  ( 0.606 -0.000i)  (-0.615 -0.000i) 
        ( 0.768 -0.000i)  ( 0.640 -0.000i)  ( 0.000 -0.000i) 

     41 (-0.388 -0.000i)  ( 0.382 -0.000i)  (-0.839 -0.000i) 
        ( 0.406 -0.000i)  ( 0.888 -0.000i)  ( 0.217 -0.000i) 
        ( 0.828 -0.000i)  (-0.256 -0.000i)  (-0.500 -0.000i) 

     42 ( 0.278 -0.000i)  (-0.494 -0.000i)  (-0.824 -0.000i) 
        ( 0.959 -0.000i)  ( 0.194 -0.000i)  ( 0.207 -0.000i) 
        ( 0.057 -0.000i)  (-0.847 -0.000i)  ( 0.528 -0.000i) 

     43 (-0.331 -0.000i)  (-0.943 -0.000i)  (-0.023 -0.000i) 
        ( 0.487 -0.000i)  (-0.192 -0.000i)  ( 0.852 -0.000i) 
        (-0.809 -0.000i)  ( 0.271 -0.000i)  ( 0.522 -0.000i) 

     44 (-0.997 -0.000i)  (-0.067 -0.000i)  (-0.038 -0.000i) 
        (-0.067 -0.000i)  ( 0.502 -0.000i)  ( 0.862 -0.000i) 
        (-0.038 -0.000i)  ( 0.862 -0.000i)  (-0.505 -0.000i) 

     45 ( 0.992 -0.000i)  ( 0.122 -0.000i)  ( 0.006 -0.000i) 
        ( 0.066 -0.000i)  (-0.494 -0.000i)  (-0.867 -0.000i) 
        (-0.103 -0.000i)  ( 0.861 -0.000i)  (-0.498 -0.000i) 

     46 ( 0.441 -0.000i)  (-0.398 -0.000i)  ( 0.805 -0.000i) 
        (-0.398 -0.000i)  (-0.890 -0.000i)  (-0.222 -0.000i) 
        ( 0.805 -0.000i)  (-0.222 -0.000i)  (-0.551 -0.000i) 

     47 (-0.274 -0.000i)  ( 0.439 -0.000i)  ( 0.856 -0.000i) 
        (-0.958 -0.000i)  (-0.202 -0.000i)  (-0.203 -0.000i) 
        ( 0.084 -0.000i)  (-0.876 -0.000i)  ( 0.476 -0.000i) 

     48 ( 0.278 -0.000i)  ( 0.959 -0.000i)  ( 0.057 -0.000i) 
        (-0.494 -0.000i)  ( 0.194 -0.000i)  (-0.847 -0.000i) 
        (-0.824 -0.000i)  ( 0.207 -0.000i)  ( 0.528 -0.000i) 

 76 (  10.697):

      1 ( 1.000 -0.000i)  (-0.000 -0.000i)  ( 0.000 -0.000i) 
        (-0.000 -0.000i)  ( 1.000 -0.000i)  ( 0.000 -0.000i) 
        ( 0.000 -0.000i)  ( 0.000 -0.000i)  ( 1.000 -0.000i) 

      2 (-0.349 -0.000i)  ( 0.418 -0.000i)  ( 0.839 -0.000i) 
        (-0.936 -0.000i)  (-0.193 -0.000i)  (-0.293 -0.000i) 
        (-0.039 -0.000i)  ( 0.888 -0.000i)  (-0.458 -0.000i) 

      3 (-0.303 -0.000i)  ( 0.519 -0.000i)  (-0.800 -0.000i) 
        ( 0.519 -0.000i)  (-0.614 -0.000i)  (-0.595 -0.000i) 
        (-0.800 -0.000i)  (-0.595 -0.000i)  (-0.083 -0.000i) 

      4 (-0.349 -0.000i)  (-0.936 -0.000i)  (-0.039 -0.000i) 
        ( 0.418 -0.000i)  (-0.193 -0.000i)  ( 0.888 -0.000i) 
        ( 0.839 -0.000i)  (-0.293 -0.000i)  (-0.458 -0.000i) 

      5 (-0.428 -0.000i)  ( 0.444 -0.000i)  ( 0.787 -0.000i) 
        ( 0.444 -0.000i)  (-0.654 -0.000i)  ( 0.612 -0.000i) 
        ( 0.787 -0.000i)  ( 0.612 -0.000i)  ( 0.083 -0.000i) 

      6 (-0.298 -0.000i)  ( 0.434 -0.000i)  (-0.850 -0.000i) 
        ( 0.434 -0.000i)  ( 0.855 -0.000i)  ( 0.284 -0.000i) 
        (-0.850 -0.000i)  ( 0.284 -0.000i)  ( 0.443 -0.000i) 

      7 (-0.269 -0.000i)  (-0.963 -0.000i)  ( 0.013 -0.000i) 
        (-0.963 -0.000i)  ( 0.269 -0.000i)  (-0.017 -0.000i) 
        ( 0.013 -0.000i)  (-0.017 -0.000i)  (-1.000 -0.000i) 

      8 ( 0.995 -0.000i)  ( 0.085 -0.000i)  ( 0.051 -0.000i) 
        ( 0.085 -0.000i)  (-0.469 -0.000i)  (-0.879 -0.000i) 
        ( 0.051 -0.000i)  (-0.879 -0.000i)  ( 0.474 -0.000i) 

      9 (-0.365 -0.000i)  ( 0.454 -0.000i)  (-0.813 -0.000i) 
        ( 0.406 -0.000i)  ( 0.863 -0.000i)  ( 0.300 -0.000i) 
        ( 0.838 -0.000i)  (-0.221 -0.000i)  (-0.499 -0.000i) 

     10 (-0.266 -0.000i)  (-0.962 -0.000i)  (-0.066 -0.000i) 
        (-0.962 -0.000i)  ( 0.269 -0.000i)  (-0.050 -0.000i) 
        (-0.066 -0.000i)  (-0.050 -0.000i)  ( 0.997 -0.000i) 

     11 ( 0.996 -0.000i)  ( 0.016 -0.000i)  ( 0.089 -0.000i) 
        ( 0.085 -0.000i)  (-0.498 -0.000i)  (-0.863 -0.000i) 
        ( 0.031 -0.000i)  ( 0.867 -0.000i)  (-0.498 -0.000i) 

     12 (-0.366 -0.000i)  ( 0.492 -0.000i)  ( 0.790 -0.000i) 
        ( 0.471 -0.000i)  (-0.634 -0.000i)  ( 0.613 -0.000i) 
        (-0.803 -0.000i)  (-0.596 -0.000i)  (-0.000 -0.000i) 

     13 (-0.282 -0.000i)  (-0.956 -0.000i)  (-0.077 -0.000i) 
        ( 0.446 -0.000i)  (-0.201 -0.000i)  ( 0.872 -0.000i) 
        (-0.850 -0.000i)  ( 0.212 -0.000i)  ( 0.483 -0.000i) 

     14 ( 0.997 -0.000i)  (-0.001 -0.000i)  ( 0.079 -0.000i) 
        (-0.001 -0.000i)  ( 0.999 -0.000i)  ( 0.033 -0.000i) 
        ( 0.079 -0.000i)  ( 0.033 -0.000i)  (-0.996 -0.000i) 

     15 (-0.349 -0.000i)  ( 0.487 -0.000i)  ( 0.801 -0.000i) 
        (-0.937 -0.000i)  (-0.164 -0.000i)  (-0.309 -0.000i) 
        (-0.019 -0.000i)  (-0.858 -0.000i)  ( 0.513 -0.000i) 

     16 (-0.366 -0.000i)  ( 0.471 -0.000i)  (-0.803 -0.000i) 
        ( 0.492 -0.000i)  (-0.634 -0.000i)  (-0.596 -0.000i) 
        ( 0.790 -0.000i)  ( 0.613 -0.000i)  (-0.000 -0.000i) 

     17 (-0.365 -0.000i)  ( 0.406 -0.000i)  ( 0.838 -0.000i) 
        ( 0.454 -0.000i)  ( 0.863 -0.000i)  (-0.221 -0.000i) 
        (-0.813 -0.000i)  ( 0.300 -0.000i)  (-0.499 -0.000i) 

     18 (-0.286 -0.000i)  ( 0.514 -0.000i)  (-0.809 -0.000i) 
        (-0.958 -0.000i)  (-0.173 -0.000i)  ( 0.229 -0.000i) 
        ( 0.022 -0.000i)  (-0.840 -0.000i)  (-0.541 -0.000i) 

     19 (-0.349 -0.000i)  (-0.937 -0.000i)  (-0.019 -0.000i) 
        ( 0.487 -0.000i)  (-0.164 -0.000i)  (-0.858 -0.000i) 
        ( 0.801 -0.000i)  (-0.309 -0.000i)  ( 0.513 -0.000i) 

     20 ( 1.000 -0.000i)  ( 0.018 -0.000i)  (-0.010 -0.000i) 
        ( 0.018 -0.000i)  (-0.527 -0.000i)  ( 0.850 -0.000i) 
        (-0.010 -0.000i)  ( 0.850 -0.000i)  ( 0.527 -0.000i) 

     21 ( 0.996 -0.000i)  ( 0.085 -0.000i)  ( 0.031 -0.000i) 
        ( 0.016 -0.000i)  (-0.498 -0.000i)  ( 0.867 -0.000i) 
        ( 0.089 -0.000i)  (-0.863 -0.000i)  (-0.498 -0.000i) 

     22 (-0.428 -0.000i)  ( 0.427 -0.000i)  ( 0.796 -0.000i) 
        ( 0.427 -0.000i)  ( 0.872 -0.000i)  (-0.238 -0.000i) 
        ( 0.796 -0.000i)  (-0.238 -0.000i)  ( 0.556 -0.000i) 

     23 (-0.282 -0.000i)  ( 0.446 -0.000i)  (-0.850 -0.000i) 
        (-0.956 -0.000i)  (-0.201 -0.000i)  ( 0.212 -0.000i) 
        (-0.077 -0.000i)  ( 0.872 -0.000i)  ( 0.483 -0.000i) 

     24 (-0.286 -0.000i)  (-0.958 -0.000i)  ( 0.022 -0.000i) 
        ( 0.514 -0.000i)  (-0.173 -0.000i)  (-0.840 -0.000i) 
        (-0.809 -0.000i)  ( 0.229 -0.000i)  (-0.541 -0.000i) 

     25 (-1.000 -0.000i)  ( 0.000 -0.000i)  (-0.000 -0.000i) 
        ( 0.000 -0.000i)  (-1.000 -0.000i)  ( 0.000 -0.000i) 
        (-0.000 -0.000i)  ( 0.000 -0.000i)  (-1.000 -0.000i) 

     26 ( 0.349 -0.000i)  (-0.418 -0.000i)  (-0.839 -0.000i) 
        ( 0.936 -0.000i)  ( 0.193 -0.000i)  ( 0.293 -0.000i) 
        ( 0.039 -0.000i)  (-0.888 -0.000i)  ( 0.458 -0.000i) 

     27 ( 0.303 -0.000i)  (-0.519 -0.000i)  ( 0.800 -0.000i) 
        (-0.519 -0.000i)  ( 0.614 -0.000i)  ( 0.595 -0.000i) 
        ( 0.800 -0.000i)  ( 0.595 -0.000i)  ( 0.083 -0.000i) 

     28 ( 0.349 -0.000i)  ( 0.936 -0.000i)  ( 0.039 -0.000i) 
        (-0.418 -0.000i)  ( 0.193 -0.000i)  (-0.888 -0.000i) 
        (-0.839 -0.000i)  ( 0.293 -0.000i)  ( 0.458 -0.000i) 

     29 ( 0.428 -0.000i)  (-0.444 -0.000i)  (-0.787 -0.000i) 
        (-0.444 -0.000i)  ( 0.654 -0.000i)  (-0.612 -0.000i) 
        (-0.787 -0.000i)  (-0.612 -0.000i)  (-0.083 -0.000i) 

     30 ( 0.298 -0.000i)  (-0.434 -0.000i)  ( 0.850 -0.000i) 
        (-0.434 -0.000i)  (-0.855 -0.000i)  (-0.284 -0.000i) 
        ( 0.850 -0.000i)  (-0.284 -0.000i)  (-0.443 -0.000i) 

     31 ( 0.269 -0.000i)  ( 0.963 -0.000i)  (-0.013 -0.000i) 
        ( 0.963 -0.000i)  (-0.269 -0.000i)  ( 0.017 -0.000i) 
        (-0.013 -0.000i)  ( 0.017 -0.000i)  ( 1.000 -0.000i) 

     32 (-0.995 -0.000i)  (-0.085 -0.000i)  (-0.051 -0.000i) 
        (-0.085 -0.000i)  ( 0.469 -0.000i)  ( 0.879 -0.000i) 
        (-0.051 -0.000i)  ( 0.879 -0.000i)  (-0.474 -0.000i) 

     33 ( 0.365 -0.000i)  (-0.454 -0.000i)  ( 0.813 -0.000i) 
        (-0.406 -0.000i)  (-0.863 -0.000i)  (-0.300 -0.000i) 
        (-0.838 -0.000i)  ( 0.221 -0.000i)  ( 0.499 -0.000i) 

     34 ( 0.266 -0.000i)  ( 0.962 -0.000i)  ( 0.066 -0.000i) 
        ( 0.962 -0.000i)  (-0.269 -0.000i)  ( 0.050 -0.000i) 
        ( 0.066 -0.000i)  ( 0.050 -0.000i)  (-0.997 -0.000i) 

     35 (-0.996 -0.000i)  (-0.016 -0.000i)  (-0.089 -0.000i) 
        (-0.085 -0.000i)  ( 0.498 -0.000i)  ( 0.863 -0.000i) 
        (-0.031 -0.000i)  (-0.867 -0.000i)  ( 0.498 -0.000i) 

     36 ( 0.366 -0.000i)  (-0.492 -0.000i)  (-0.790 -0.000i) 
        (-0.471 -0.000i)  ( 0.634 -0.000i)  (-0.613 -0.000i) 
        ( 0.803 -0.000i)  ( 0.596 -0.000i)  ( 0.000 -0.000i) 

     37 ( 0.282 -0.000i)  ( 0.956 -0.000i)  ( 0.077 -0.000i) 
        (-0.446 -0.000i)  ( 0.201 -0.000i)  (-0.872 -0.000i) 
        ( 0.850 -0.000i)  (-0.212 -0.000i)  (-0.483 -0.000i) 

     38 (-0.997 -0.000i)  ( 0.001 -0.000i)  (-0.079 -0.000i) 
        ( 0.001 -0.000i)  (-0.999 -0.000i)  (-0.033 -0.000i) 
        (-0.079 -0.000i)  (-0.033 -0.000i)  ( 0.996 -0.000i) 

     39 ( 0.349 -0.000i)  (-0.487 -0.000i)  (-0.801 -0.000i) 
        ( 0.937 -0.000i)  ( 0.164 -0.000i)  ( 0.309 -0.000i) 
        ( 0.019 -0.000i)  ( 0.858 -0.000i)  (-0.513 -0.000i) 

     40 ( 0.366 -0.000i)  (-0.471 -0.000i)  ( 0.803 -0.000i) 
        (-0.492 -0.000i)  ( 0.634 -0.000i)  ( 0.596 -0.000i) 
        (-0.790 -0.000i)  (-0.613 -0.000i)  ( 0.000 -0.000i) 

     41 ( 0.365 -0.000i)  (-0.406 -0.000i)  (-0.838 -0.000i) 
        (-0.454 -0.000i)  (-0.863 -0.000i)  ( 0.221 -0.000i) 
        ( 0.813 -0.000i)  (-0.300 -0.000i)  ( 0.499 -0.000i) 

     42 ( 0.286 -0.000i)  (-0.514 -0.000i)  ( 0.809 -0.000i) 
        ( 0.958 -0.000i)  ( 0.173 -0.000i)  (-0.229 -0.000i) 
        (-0.022 -0.000i)  ( 0.840 -0.000i)  ( 0.541 -0.000i) 

     43 ( 0.349 -0.000i)  ( 0.937 -0.000i)  ( 0.019 -0.000i) 
        (-0.487 -0.000i)  ( 0.164 -0.000i)  ( 0.858 -0.000i) 
        (-0.801 -0.000i)  ( 0.309 -0.000i)  (-0.513 -0.000i) 

     44 (-1.000 -0.000i)  (-0.018 -0.000i)  ( 0.010 -0.000i) 
        (-0.018 -0.000i)  ( 0.527 -0.000i)  (-0.850 -0.000i) 
        ( 0.010 -0.000i)  (-0.850 -0.000i)  (-0.527 -0.000i) 

     45 (-0.996 -0.000i)  (-0.085 -0.000i)  (-0.031 -0.000i) 
        (-0.016 -0.000i)  ( 0.498 -0.000i)  (-0.867 -0.000i) 
        (-0.089 -0.000i)  ( 0.863 -0.000i)  ( 0.498 -0.000i) 

     46 ( 0.428 -0.000i)  (-0.427 -0.000i)  (-0.796 -0.000i) 
        (-0.427 -0.000i)  (-0.872 -0.000i)  ( 0.238 -0.000i) 
        (-0.796 -0.000i)  ( 0.238 -0.000i)  (-0.556 -0.000i) 

     47 ( 0.282 -0.000i)  (-0.446 -0.000i)  ( 0.850 -0.000i) 
        ( 0.956 -0.000i)  ( 0.201 -0.000i)  (-0.212 -0.000i) 
        ( 0.077 -0.000i)  (-0.872 -0.000i)  (-0.483 -0.000i) 

     48 ( 0.286 -0.000i)  ( 0.958 -0.000i)  (-0.022 -0.000i) 
        (-0.514 -0.000i)  ( 0.173 -0.000i)  ( 0.840 -0.000i) 
        ( 0.809 -0.000i)  (-0.229 -0.000i)  ( 0.541 -0.000i) 

 79 (  11.196):

      1 ( 1.000 -0.000i)  ( 0.000 -0.000i) 
        ( 0.000 -0.000i)  ( 1.000 -0.000i) 

      2 (-0.370 -0.000i)  (-0.929 -0.000i) 
        (-0.929 -0.000i)  ( 0.370 -0.000i) 

      3 ( 1.000 -0.000i)  ( 0.000 -0.000i) 
        ( 0.000 -0.000i)  ( 1.000 -0.000i) 

      4 (-0.370 -0.000i)  (-0.929 -0.000i) 
        (-0.929 -0.000i)  ( 0.370 -0.000i) 

      5 ( 1.000 -0.000i)  ( 0.000 -0.000i) 
        ( 0.000 -0.000i)  ( 1.000 -0.000i) 

      6 (-0.370 -0.000i)  (-0.929 -0.000i) 
        (-0.929 -0.000i)  ( 0.370 -0.000i) 

      7 ( 1.000 -0.000i)  ( 0.000 -0.000i) 
        ( 0.000 -0.000i)  ( 1.000 -0.000i) 

      8 (-0.370 -0.000i)  (-0.929 -0.000i) 
        (-0.929 -0.000i)  ( 0.370 -0.000i) 

      9 (-0.500 -0.000i)  ( 0.866 -0.000i) 
        (-0.866 -0.000i)  (-0.500 -0.000i) 

     10 (-0.619 -0.000i)  ( 0.785 -0.000i) 
        ( 0.785 -0.000i)  ( 0.619 -0.000i) 

     11 (-0.500 -0.000i)  ( 0.866 -0.000i) 
        (-0.866 -0.000i)  (-0.500 -0.000i) 

     12 (-0.619 -0.000i)  ( 0.785 -0.000i) 
        ( 0.785 -0.000i)  ( 0.619 -0.000i) 

     13 (-0.500 -0.000i)  ( 0.866 -0.000i) 
        (-0.866 -0.000i)  (-0.500 -0.000i) 

     14 (-0.619 -0.000i)  ( 0.785 -0.000i) 
        ( 0.785 -0.000i)  ( 0.619 -0.000i) 

     15 (-0.500 -0.000i)  ( 0.866 -0.000i) 
        (-0.866 -0.000i)  (-0.500 -0.000i) 

     16 (-0.619 -0.000i)  ( 0.785 -0.000i) 
        ( 0.785 -0.000i)  ( 0.619 -0.000i) 

     17 (-0.500 -0.000i)  (-0.866 -0.000i) 
        ( 0.866 -0.000i)  (-0.500 -0.000i) 

     18 ( 0.990 -0.000i)  ( 0.144 -0.000i) 
        ( 0.144 -0.000i)  (-0.990 -0.000i) 

     19 (-0.500 -0.000i)  (-0.866 -0.000i) 
        ( 0.866 -0.000i)  (-0.500 -0.000i) 

     20 ( 0.990 -0.000i)  ( 0.144 -0.000i) 
        ( 0.144 -0.000i)  (-0.990 -0.000i) 

     21 (-0.500 -0.000i)  (-0.866 -0.000i) 
        ( 0.866 -0.000i)  (-0.500 -0.000i) 

     22 ( 0.990 -0.000i)  ( 0.144 -0.000i) 
        ( 0.144 -0.000i)  (-0.990 -0.000i) 

     23 (-0.500 -0.000i)  (-0.866 -0.000i) 
        ( 0.866 -0.000i)  (-0.500 -0.000i) 

     24 ( 0.990 -0.000i)  ( 0.144 -0.000i) 
        ( 0.144 -0.000i)  (-0.990 -0.000i) 

     25 ( 1.000 -0.000i)  ( 0.000 -0.000i) 
        ( 0.000 -0.000i)  ( 1.000 -0.000i) 

     26 (-0.370 -0.000i)  (-0.929 -0.000i) 
        (-0.929 -0.000i)  ( 0.370 -0.000i) 

     27 ( 1.000 -0.000i)  ( 0.000 -0.000i) 
        ( 0.000 -0.000i)  ( 1.000 -0.000i) 

     28 (-0.370 -0.000i)  (-0.929 -0.000i) 
        (-0.929 -0.000i)  ( 0.370 -0.000i) 

     29 ( 1.000 -0.000i)  ( 0.000 -0.000i) 
        ( 0.000 -0.000i)  ( 1.000 -0.000i) 

     30 (-0.370 -0.000i)  (-0.929 -0.000i) 
        (-0.929 -0.000i)  ( 0.370 -0.000i) 

     31 ( 1.000 -0.000i)  ( 0.000 -0.000i) 
        ( 0.000 -0.000i)  ( 1.000 -0.000i) 

     32 (-0.370 -0.000i)  (-0.929 -0.000i) 
        (-0.929 -0.000i)  ( 0.370 -0.000i) 

     33 (-0.500 -0.000i)  ( 0.866 -0.000i) 
        (-0.866 -0.000i)  (-0.500 -0.000i) 

     34 (-0.619 -0.000i)  ( 0.785 -0.000i) 
        ( 0.785 -0.000i)  ( 0.619 -0.000i) 

     35 (-0.500 -0.000i)  ( 0.866 -0.000i) 
        (-0.866 -0.000i)  (-0.500 -0.000i) 

     36 (-0.619 -0.000i)  ( 0.785 -0.000i) 
        ( 0.785 -0.000i)  ( 0.619 -0.000i) 

     37 (-0.500 -0.000i)  ( 0.866 -0.000i) 
        (-0.866 -0.000i)  (-0.500 -0.000i) 

     38 (-0.619 -0.000i)  ( 0.785 -0.000i) 
        ( 0.785 -0.000i)  ( 0.619 -0.000i) 

     39 (-0.500 -0.000i)  ( 0.866 -0.000i) 
        (-0.866 -0.000i)  (-0.500 -0.000i) 

     40 (-0.619 -0.000i)  ( 0.785 -0.000i) 
        ( 0.785 -0.000i)  ( 0.619 -0.000i) 

     41 (-0.500 -0.000i)  (-0.866 -0.000i) 
        ( 0.866 -0.000i)  (-0.500 -0.000i) 

     42 ( 0.990 -0.000i)  ( 0.144 -0.000i) 
        ( 0.144 -0.000i)  (-0.990 -0.000i) 

     43 (-0.500 -0.000i)  (-0.866 -0.000i) 
        ( 0.866 -0.000i)  (-0.500 -0.000i) 

     44 ( 0.990 -0.000i)  ( 0.144 -0.000i) 
        ( 0.144 -0.000i)  (-0.990 -0.000i) 

     45 (-0.500 -0.000i)  (-0.866 -0.000i) 
        ( 0.866 -0.000i)  (-0.500 -0.000i) 

     46 ( 0.990 -0.000i)  ( 0.144 -0.000i) 
        ( 0.144 -0.000i)  (-0.990 -0.000i) 

     47 (-0.500 -0.000i)  (-0.866 -0.000i) 
        ( 0.866 -0.000i)  (-0.500 -0.000i) 

     48 ( 0.990 -0.000i)  ( 0.144 -0.000i) 
        ( 0.144 -0.000i)  (-0.990 -0.000i) 

 81 (  11.455):

      1 ( 1.000 -0.000i)  ( 0.000 -0.000i)  (-0.000 -0.000i) 
        ( 0.000 -0.000i)  ( 1.000 -0.000i)  ( 0.000 -0.000i) 
        (-0.000 -0.000i)  ( 0.000 -0.000i)  ( 1.000 -0.000i) 

      2 (-0.132 -0.000i)  ( 0.313 -0.000i)  (-0.941 -0.000i) 
        (-0.844 -0.000i)  (-0.533 -0.000i)  (-0.059 -0.000i) 
        ( 0.520 -0.000i)  (-0.786 -0.000i)  (-0.335 -0.000i) 

      3 (-0.735 -0.000i)  ( 0.531 -0.000i)  ( 0.421 -0.000i) 
        ( 0.531 -0.000i)  ( 0.066 -0.000i)  ( 0.845 -0.000i) 
        ( 0.421 -0.000i)  ( 0.845 -0.000i)  (-0.331 -0.000i) 

      4 (-0.132 -0.000i)  (-0.844 -0.000i)  ( 0.520 -0.000i) 
        ( 0.313 -0.000i)  (-0.533 -0.000i)  (-0.786 -0.000i) 
        (-0.941 -0.000i)  (-0.059 -0.000i)  (-0.335 -0.000i) 

      5 (-0.698 -0.000i)  (-0.531 -0.000i)  ( 0.480 -0.000i) 
        (-0.531 -0.000i)  (-0.066 -0.000i)  (-0.845 -0.000i) 
        ( 0.480 -0.000i)  (-0.845 -0.000i)  (-0.236 -0.000i) 

      6 ( 0.790 -0.000i)  (-0.313 -0.000i)  ( 0.527 -0.000i) 
        (-0.313 -0.000i)  ( 0.533 -0.000i)  ( 0.786 -0.000i) 
        ( 0.527 -0.000i)  ( 0.786 -0.000i)  (-0.323 -0.000i) 

      7 ( 0.433 -0.000i)  (-0.000 -0.000i)  (-0.901 -0.000i) 
        (-0.000 -0.000i)  (-1.000 -0.000i)  ( 0.000 -0.000i) 
        (-0.901 -0.000i)  ( 0.000 -0.000i)  (-0.433 -0.000i) 

      8 (-0.526 -0.000i)  ( 0.844 -0.000i)  (-0.106 -0.000i) 
        ( 0.844 -0.000i)  ( 0.533 -0.000i)  ( 0.059 -0.000i) 
        (-0.106 -0.000i)  ( 0.059 -0.000i)  ( 0.993 -0.000i) 

      9 (-0.120 -0.000i)  (-0.862 -0.000i)  ( 0.492 -0.000i) 
        (-0.370 -0.000i)  ( 0.499 -0.000i)  ( 0.784 -0.000i) 
        (-0.921 -0.000i)  (-0.088 -0.000i)  (-0.379 -0.000i) 

     10 ( 0.999 -0.000i)  ( 0.035 -0.000i)  (-0.001 -0.000i) 
        ( 0.035 -0.000i)  (-0.998 -0.000i)  ( 0.056 -0.000i) 
        (-0.001 -0.000i)  ( 0.056 -0.000i)  ( 0.998 -0.000i) 

     11 (-0.162 -0.000i)  ( 0.295 -0.000i)  (-0.942 -0.000i) 
        ( 0.867 -0.000i)  ( 0.499 -0.000i)  ( 0.007 -0.000i) 
        ( 0.472 -0.000i)  (-0.815 -0.000i)  (-0.337 -0.000i) 

     12 (-0.717 -0.000i)  ( 0.532 -0.000i)  ( 0.451 -0.000i) 
        (-0.532 -0.000i)  (-0.000 -0.000i)  (-0.847 -0.000i) 
        ( 0.451 -0.000i)  ( 0.847 -0.000i)  (-0.283 -0.000i) 

     13 ( 0.778 -0.000i)  (-0.295 -0.000i)  ( 0.554 -0.000i) 
        ( 0.370 -0.000i)  (-0.499 -0.000i)  (-0.784 -0.000i) 
        ( 0.508 -0.000i)  ( 0.815 -0.000i)  (-0.279 -0.000i) 

     14 ( 0.434 -0.000i)  (-0.035 -0.000i)  (-0.900 -0.000i) 
        (-0.035 -0.000i)  ( 0.998 -0.000i)  (-0.056 -0.000i) 
        (-0.900 -0.000i)  (-0.056 -0.000i)  (-0.432 -0.000i) 

     15 (-0.496 -0.000i)  ( 0.862 -0.000i)  (-0.105 -0.000i) 
        (-0.867 -0.000i)  (-0.499 -0.000i)  (-0.007 -0.000i) 
        (-0.058 -0.000i)  ( 0.088 -0.000i)  ( 0.994 -0.000i) 

     16 (-0.717 -0.000i)  (-0.532 -0.000i)  ( 0.451 -0.000i) 
        ( 0.532 -0.000i)  (-0.000 -0.000i)  ( 0.847 -0.000i) 
        ( 0.451 -0.000i)  (-0.847 -0.000i)  (-0.283 -0.000i) 

     17 (-0.120 -0.000i)  (-0.370 -0.000i)  (-0.921 -0.000i) 
        (-0.862 -0.000i)  ( 0.499 -0.000i)  (-0.088 -0.000i) 
        ( 0.492 -0.000i)  ( 0.784 -0.000i)  (-0.379 -0.000i) 

     18 (-0.151 -0.000i)  ( 0.884 -0.000i)  ( 0.443 -0.000i) 
        (-0.353 -0.000i)  (-0.467 -0.000i)  ( 0.811 -0.000i) 
        (-0.924 -0.000i)  ( 0.034 -0.000i)  (-0.382 -0.000i) 

     19 (-0.496 -0.000i)  (-0.867 -0.000i)  (-0.058 -0.000i) 
        ( 0.862 -0.000i)  (-0.499 -0.000i)  ( 0.088 -0.000i) 
        (-0.105 -0.000i)  (-0.007 -0.000i)  ( 0.994 -0.000i) 

     20 ( 0.767 -0.000i)  ( 0.353 -0.000i)  ( 0.536 -0.000i) 
        ( 0.353 -0.000i)  ( 0.467 -0.000i)  (-0.811 -0.000i) 
        ( 0.536 -0.000i)  (-0.811 -0.000i)  (-0.234 -0.000i) 

     21 (-0.162 -0.000i)  ( 0.867 -0.000i)  ( 0.472 -0.000i) 
        ( 0.295 -0.000i)  ( 0.499 -0.000i)  (-0.815 -0.000i) 
        (-0.942 -0.000i)  ( 0.007 -0.000i)  (-0.337 -0.000i) 

     22 (-0.465 -0.000i)  (-0.884 -0.000i)  (-0.056 -0.000i) 
        (-0.884 -0.000i)  ( 0.467 -0.000i)  (-0.034 -0.000i) 
        (-0.056 -0.000i)  (-0.034 -0.000i)  ( 0.998 -0.000i) 

     23 ( 0.778 -0.000i)  ( 0.370 -0.000i)  ( 0.508 -0.000i) 
        (-0.295 -0.000i)  (-0.499 -0.000i)  ( 0.815 -0.000i) 
        ( 0.554 -0.000i)  (-0.784 -0.000i)  (-0.279 -0.000i) 

     24 (-0.151 -0.000i)  (-0.353 -0.000i)  (-0.924 -0.000i) 
        ( 0.884 -0.000i)  (-0.467 -0.000i)  ( 0.034 -0.000i) 
        ( 0.443 -0.000i)  ( 0.811 -0.000i)  (-0.382 -0.000i) 

     25 ( 1.000 -0.000i)  ( 0.000 -0.000i)  (-0.000 -0.000i) 
        ( 0.000 -0.000i)  ( 1.000 -0.000i)  ( 0.000 -0.000i) 
        (-0.000 -0.000i)  ( 0.000 -0.000i)  ( 1.000 -0.000i) 

     26 (-0.132 -0.000i)  ( 0.313 -0.000i)  (-0.941 -0.000i) 
        (-0.844 -0.000i)  (-0.533 -0.000i)  (-0.059 -0.000i) 
        ( 0.520 -0.000i)  (-0.786 -0.000i)  (-0.335 -0.000i) 

     27 (-0.735 -0.000i)  ( 0.531 -0.000i)  ( 0.421 -0.000i) 
        ( 0.531 -0.000i)  ( 0.066 -0.000i)  ( 0.845 -0.000i) 
        ( 0.421 -0.000i)  ( 0.845 -0.000i)  (-0.331 -0.000i) 

     28 (-0.132 -0.000i)  (-0.844 -0.000i)  ( 0.520 -0.000i) 
        ( 0.313 -0.000i)  (-0.533 -0.000i)  (-0.786 -0.000i) 
        (-0.941 -0.000i)  (-0.059 -0.000i)  (-0.335 -0.000i) 

     29 (-0.698 -0.000i)  (-0.531 -0.000i)  ( 0.480 -0.000i) 
        (-0.531 -0.000i)  (-0.066 -0.000i)  (-0.845 -0.000i) 
        ( 0.480 -0.000i)  (-0.845 -0.000i)  (-0.236 -0.000i) 

     30 ( 0.790 -0.000i)  (-0.313 -0.000i)  ( 0.527 -0.000i) 
        (-0.313 -0.000i)  ( 0.533 -0.000i)  ( 0.786 -0.000i) 
        ( 0.527 -0.000i)  ( 0.786 -0.000i)  (-0.323 -0.000i) 

     31 ( 0.433 -0.000i)  (-0.000 -0.000i)  (-0.901 -0.000i) 
        (-0.000 -0.000i)  (-1.000 -0.000i)  ( 0.000 -0.000i) 
        (-0.901 -0.000i)  ( 0.000 -0.000i)  (-0.433 -0.000i) 

     32 (-0.526 -0.000i)  ( 0.844 -0.000i)  (-0.106 -0.000i) 
        ( 0.844 -0.000i)  ( 0.533 -0.000i)  ( 0.059 -0.000i) 
        (-0.106 -0.000i)  ( 0.059 -0.000i)  ( 0.993 -0.000i) 

     33 (-0.120 -0.000i)  (-0.862 -0.000i)  ( 0.492 -0.000i) 
        (-0.370 -0.000i)  ( 0.499 -0.000i)  ( 0.784 -0.000i) 
        (-0.921 -0.000i)  (-0.088 -0.000i)  (-0.379 -0.000i) 

     34 ( 0.999 -0.000i)  ( 0.035 -0.000i)  (-0.001 -0.000i) 
        ( 0.035 -0.000i)  (-0.998 -0.000i)  ( 0.056 -0.000i) 
        (-0.001 -0.000i)  ( 0.056 -0.000i)  ( 0.998 -0.000i) 

     35 (-0.162 -0.000i)  ( 0.295 -0.000i)  (-0.942 -0.000i) 
        ( 0.867 -0.000i)  ( 0.499 -0.000i)  ( 0.007 -0.000i) 
        ( 0.472 -0.000i)  (-0.815 -0.000i)  (-0.337 -0.000i) 

     36 (-0.717 -0.000i)  ( 0.532 -0.000i)  ( 0.451 -0.000i) 
        (-0.532 -0.000i)  (-0.000 -0.000i)  (-0.847 -0.000i) 
        ( 0.451 -0.000i)  ( 0.847 -0.000i)  (-0.283 -0.000i) 

     37 ( 0.778 -0.000i)  (-0.295 -0.000i)  ( 0.554 -0.000i) 
        ( 0.370 -0.000i)  (-0.499 -0.000i)  (-0.784 -0.000i) 
        ( 0.508 -0.000i)  ( 0.815 -0.000i)  (-0.279 -0.000i) 

     38 ( 0.434 -0.000i)  (-0.035 -0.000i)  (-0.900 -0.000i) 
        (-0.035 -0.000i)  ( 0.998 -0.000i)  (-0.056 -0.000i) 
        (-0.900 -0.000i)  (-0.056 -0.000i)  (-0.432 -0.000i) 

     39 (-0.496 -0.000i)  ( 0.862 -0.000i)  (-0.105 -0.000i) 
        (-0.867 -0.000i)  (-0.499 -0.000i)  (-0.007 -0.000i) 
        (-0.058 -0.000i)  ( 0.088 -0.000i)  ( 0.994 -0.000i) 

     40 (-0.717 -0.000i)  (-0.532 -0.000i)  ( 0.451 -0.000i) 
        ( 0.532 -0.000i)  (-0.000 -0.000i)  ( 0.847 -0.000i) 
        ( 0.451 -0.000i)  (-0.847 -0.000i)  (-0.283 -0.000i) 

     41 (-0.120 -0.000i)  (-0.370 -0.000i)  (-0.921 -0.000i) 
        (-0.862 -0.000i)  ( 0.499 -0.000i)  (-0.088 -0.000i) 
        ( 0.492 -0.000i)  ( 0.784 -0.000i)  (-0.379 -0.000i) 

     42 (-0.151 -0.000i)  ( 0.884 -0.000i)  ( 0.443 -0.000i) 
        (-0.353 -0.000i)  (-0.467 -0.000i)  ( 0.811 -0.000i) 
        (-0.924 -0.000i)  ( 0.034 -0.000i)  (-0.382 -0.000i) 

     43 (-0.496 -0.000i)  (-0.867 -0.000i)  (-0.058 -0.000i) 
        ( 0.862 -0.000i)  (-0.499 -0.000i)  ( 0.088 -0.000i) 
        (-0.105 -0.000i)  (-0.007 -0.000i)  ( 0.994 -0.000i) 

     44 ( 0.767 -0.000i)  ( 0.353 -0.000i)  ( 0.536 -0.000i) 
        ( 0.353 -0.000i)  ( 0.467 -0.000i)  (-0.811 -0.000i) 
        ( 0.536 -0.000i)  (-0.811 -0.000i)  (-0.234 -0.000i) 

     45 (-0.162 -0.000i)  ( 0.867 -0.000i)  ( 0.472 -0.000i) 
        ( 0.295 -0.000i)  ( 0.499 -0.000i)  (-0.815 -0.000i) 
        (-0.942 -0.000i)  ( 0.007 -0.000i)  (-0.337 -0.000i) 

     46 (-0.465 -0.000i)  (-0.884 -0.000i)  (-0.056 -0.000i) 
        (-0.884 -0.000i)  ( 0.467 -0.000i)  (-0.034 -0.000i) 
        (-0.056 -0.000i)  (-0.034 -0.000i)  ( 0.998 -0.000i) 

     47 ( 0.778 -0.000i)  ( 0.370 -0.000i)  ( 0.508 -0.000i) 
        (-0.295 -0.000i)  (-0.499 -0.000i)  ( 0.815 -0.000i) 
        ( 0.554 -0.000i)  (-0.784 -0.000i)  (-0.279 -0.000i) 

     48 (-0.151 -0.000i)  (-0.353 -0.000i)  (-0.924 -0.000i) 
        ( 0.884 -0.000i)  (-0.467 -0.000i)  ( 0.034 -0.000i) 
        ( 0.443 -0.000i)  ( 0.811 -0.000i)  (-0.382 -0.000i) 

 84 (  11.583):

      1 ( 1.000 -0.000i)  ( 0.000 -0.000i)  ( 0.000 -0.000i) 
        ( 0.000 -0.000i)  ( 1.000 -0.000i)  (-0.000 -0.000i) 
        ( 0.000 -0.000i)  (-0.000 -0.000i)  ( 1.000 -0.000i) 

      2 ( 0.449 -0.000i)  ( 0.656 -0.000i)  ( 0.607 -0.000i) 
        ( 0.311 -0.000i)  ( 0.522 -0.000i)  (-0.794 -0.000i) 
        (-0.838 -0.000i)  ( 0.545 -0.000i)  ( 0.030 -0.000i) 

      3 (-0.103 -0.000i)  ( 0.968 -0.000i)  (-0.231 -0.000i) 
        ( 0.968 -0.000i)  ( 0.044 -0.000i)  (-0.249 -0.000i) 
        (-0.231 -0.000i)  (-0.249 -0.000i)  (-0.941 -0.000i) 

      4 ( 0.449 -0.000i)  ( 0.311 -0.000i)  (-0.838 -0.000i) 
        ( 0.656 -0.000i)  ( 0.522 -0.000i)  ( 0.545 -0.000i) 
        ( 0.607 -0.000i)  (-0.794 -0.000i)  ( 0.030 -0.000i) 

      5 (-0.021 -0.000i)  (-0.968 -0.000i)  (-0.252 -0.000i) 
        (-0.968 -0.000i)  (-0.044 -0.000i)  ( 0.249 -0.000i) 
        (-0.252 -0.000i)  ( 0.249 -0.000i)  (-0.935 -0.000i) 

      6 (-0.100 -0.000i)  (-0.656 -0.000i)  ( 0.748 -0.000i) 
        (-0.656 -0.000i)  (-0.522 -0.000i)  (-0.545 -0.000i) 
        ( 0.748 -0.000i)  (-0.545 -0.000i)  (-0.378 -0.000i) 

      7 (-0.876 -0.000i)  (-0.000 -0.000i)  ( 0.483 -0.000i) 
        (-0.000 -0.000i)  (-1.000 -0.000i)  (-0.000 -0.000i) 
        ( 0.483 -0.000i)  (-0.000 -0.000i)  ( 0.876 -0.000i) 

      8 (-0.797 -0.000i)  (-0.311 -0.000i)  (-0.517 -0.000i) 
        (-0.311 -0.000i)  (-0.522 -0.000i)  ( 0.794 -0.000i) 
        (-0.517 -0.000i)  ( 0.794 -0.000i)  ( 0.319 -0.000i) 

      9 (-0.476 -0.000i)  (-0.333 -0.000i)  ( 0.814 -0.000i) 
        ( 0.643 -0.000i)  ( 0.500 -0.000i)  ( 0.580 -0.000i) 
        (-0.600 -0.000i)  ( 0.800 -0.000i)  (-0.024 -0.000i) 

     10 (-0.999 -0.000i)  (-0.042 -0.000i)  (-0.000 -0.000i) 
        (-0.042 -0.000i)  ( 0.999 -0.000i)  ( 0.011 -0.000i) 
        (-0.000 -0.000i)  ( 0.011 -0.000i)  (-1.000 -0.000i) 

     11 (-0.461 -0.000i)  (-0.678 -0.000i)  (-0.573 -0.000i) 
        ( 0.283 -0.000i)  ( 0.500 -0.000i)  (-0.819 -0.000i) 
        ( 0.841 -0.000i)  (-0.540 -0.000i)  (-0.038 -0.000i) 

     12 ( 0.062 -0.000i)  (-0.968 -0.000i)  ( 0.241 -0.000i) 
        ( 0.968 -0.000i)  ( 0.000 -0.000i)  (-0.249 -0.000i) 
        ( 0.241 -0.000i)  ( 0.249 -0.000i)  ( 0.938 -0.000i) 

     13 ( 0.127 -0.000i)  ( 0.678 -0.000i)  (-0.724 -0.000i) 
        (-0.643 -0.000i)  (-0.500 -0.000i)  (-0.580 -0.000i) 
        (-0.755 -0.000i)  ( 0.540 -0.000i)  ( 0.372 -0.000i) 

     14 ( 0.875 -0.000i)  ( 0.042 -0.000i)  (-0.482 -0.000i) 
        ( 0.042 -0.000i)  (-0.999 -0.000i)  (-0.011 -0.000i) 
        (-0.482 -0.000i)  (-0.011 -0.000i)  (-0.876 -0.000i) 

     15 ( 0.810 -0.000i)  ( 0.333 -0.000i)  ( 0.483 -0.000i) 
        (-0.283 -0.000i)  (-0.500 -0.000i)  ( 0.819 -0.000i) 
        ( 0.514 -0.000i)  (-0.800 -0.000i)  (-0.310 -0.000i) 

     16 ( 0.062 -0.000i)  ( 0.968 -0.000i)  ( 0.241 -0.000i) 
        (-0.968 -0.000i)  ( 0.000 -0.000i)  ( 0.249 -0.000i) 
        ( 0.241 -0.000i)  (-0.249 -0.000i)  ( 0.938 -0.000i) 

     17 (-0.476 -0.000i)  ( 0.643 -0.000i)  (-0.600 -0.000i) 
        (-0.333 -0.000i)  ( 0.500 -0.000i)  ( 0.800 -0.000i) 
        ( 0.814 -0.000i)  ( 0.580 -0.000i)  (-0.024 -0.000i) 

     18 ( 0.489 -0.000i)  (-0.304 -0.000i)  (-0.817 -0.000i) 
        (-0.664 -0.000i)  ( 0.478 -0.000i)  (-0.575 -0.000i) 
        ( 0.566 -0.000i)  ( 0.824 -0.000i)  ( 0.032 -0.000i) 

     19 ( 0.810 -0.000i)  (-0.283 -0.000i)  ( 0.514 -0.000i) 
        ( 0.333 -0.000i)  (-0.500 -0.000i)  (-0.800 -0.000i) 
        ( 0.483 -0.000i)  ( 0.819 -0.000i)  (-0.310 -0.000i) 

     20 (-0.156 -0.000i)  ( 0.664 -0.000i)  ( 0.732 -0.000i) 
        ( 0.664 -0.000i)  (-0.478 -0.000i)  ( 0.575 -0.000i) 
        ( 0.732 -0.000i)  ( 0.575 -0.000i)  (-0.366 -0.000i) 

     21 (-0.461 -0.000i)  ( 0.283 -0.000i)  ( 0.841 -0.000i) 
        (-0.678 -0.000i)  ( 0.500 -0.000i)  (-0.540 -0.000i) 
        (-0.573 -0.000i)  (-0.819 -0.000i)  (-0.038 -0.000i) 

     22 (-0.823 -0.000i)  ( 0.304 -0.000i)  (-0.480 -0.000i) 
        ( 0.304 -0.000i)  (-0.478 -0.000i)  (-0.824 -0.000i) 
        (-0.480 -0.000i)  (-0.824 -0.000i)  ( 0.301 -0.000i) 

     23 ( 0.127 -0.000i)  (-0.643 -0.000i)  (-0.755 -0.000i) 
        ( 0.678 -0.000i)  (-0.500 -0.000i)  ( 0.540 -0.000i) 
        (-0.724 -0.000i)  (-0.580 -0.000i)  ( 0.372 -0.000i) 

     24 ( 0.489 -0.000i)  (-0.664 -0.000i)  ( 0.566 -0.000i) 
        (-0.304 -0.000i)  ( 0.478 -0.000i)  ( 0.824 -0.000i) 
        (-0.817 -0.000i)  (-0.575 -0.000i)  ( 0.032 -0.000i) 

     25 (-1.000 -0.000i)  (-0.000 -0.000i)  (-0.000 -0.000i) 
        (-0.000 -0.000i)  (-1.000 -0.000i)  ( 0.000 -0.000i) 
        (-0.000 -0.000i)  ( 0.000 -0.000i)  (-1.000 -0.000i) 

     26 (-0.449 -0.000i)  (-0.656 -0.000i)  (-0.607 -0.000i) 
        (-0.311 -0.000i)  (-0.522 -0.000i)  ( 0.794 -0.000i) 
        ( 0.838 -0.000i)  (-0.545 -0.000i)  (-0.030 -0.000i) 

     27 ( 0.103 -0.000i)  (-0.968 -0.000i)  ( 0.231 -0.000i) 
        (-0.968 -0.000i)  (-0.044 -0.000i)  ( 0.249 -0.000i) 
        ( 0.231 -0.000i)  ( 0.249 -0.000i)  ( 0.941 -0.000i) 

     28 (-0.449 -0.000i)  (-0.311 -0.000i)  ( 0.838 -0.000i) 
        (-0.656 -0.000i)  (-0.522 -0.000i)  (-0.545 -0.000i) 
        (-0.607 -0.000i)  ( 0.794 -0.000i)  (-0.030 -0.000i) 

     29 ( 0.021 -0.000i)  ( 0.968 -0.000i)  ( 0.252 -0.000i) 
        ( 0.968 -0.000i)  ( 0.044 -0.000i)  (-0.249 -0.000i) 
        ( 0.252 -0.000i)  (-0.249 -0.000i)  ( 0.935 -0.000i) 

     30 ( 0.100 -0.000i)  ( 0.656 -0.000i)  (-0.748 -0.000i) 
        ( 0.656 -0.000i)  ( 0.522 -0.000i)  ( 0.545 -0.000i) 
        (-0.748 -0.000i)  ( 0.545 -0.000i)  ( 0.378 -0.000i) 

     31 ( 0.876 -0.000i)  ( 0.000 -0.000i)  (-0.483 -0.000i) 
        ( 0.000 -0.000i)  ( 1.000 -0.000i)  ( 0.000 -0.000i) 
        (-0.483 -0.000i)  ( 0.000 -0.000i)  (-0.876 -0.000i) 

     32 ( 0.797 -0.000i)  ( 0.311 -0.000i)  ( 0.517 -0.000i) 
        ( 0.311 -0.000i)  ( 0.522 -0.000i)  (-0.794 -0.000i) 
        ( 0.517 -0.000i)  (-0.794 -0.000i)  (-0.319 -0.000i) 

     33 ( 0.476 -0.000i)  ( 0.333 -0.000i)  (-0.814 -0.000i) 
        (-0.643 -0.000i)  (-0.500 -0.000i)  (-0.580 -0.000i) 
        ( 0.600 -0.000i)  (-0.800 -0.000i)  ( 0.024 -0.000i) 

     34 ( 0.999 -0.000i)  ( 0.042 -0.000i)  ( 0.000 -0.000i) 
        ( 0.042 -0.000i)  (-0.999 -0.000i)  (-0.011 -0.000i) 
        ( 0.000 -0.000i)  (-0.011 -0.000i)  ( 1.000 -0.000i) 

     35 ( 0.461 -0.000i)  ( 0.678 -0.000i)  ( 0.573 -0.000i) 
        (-0.283 -0.000i)  (-0.500 -0.000i)  ( 0.819 -0.000i) 
        (-0.841 -0.000i)  ( 0.540 -0.000i)  ( 0.038 -0.000i) 

     36 (-0.062 -0.000i)  ( 0.968 -0.000i)  (-0.241 -0.000i) 
        (-0.968 -0.000i)  (-0.000 -0.000i)  ( 0.249 -0.000i) 
        (-0.241 -0.000i)  (-0.249 -0.000i)  (-0.938 -0.000i) 

     37 (-0.127 -0.000i)  (-0.678 -0.000i)  ( 0.724 -0.000i) 
        ( 0.643 -0.000i)  ( 0.500 -0.000i)  ( 0.580 -0.000i) 
        ( 0.755 -0.000i)  (-0.540 -0.000i)  (-0.372 -0.000i) 

     38 (-0.875 -0.000i)  (-0.042 -0.000i)  ( 0.482 -0.000i) 
        (-0.042 -0.000i)  ( 0.999 -0.000i)  ( 0.011 -0.000i) 
        ( 0.482 -0.000i)  ( 0.011 -0.000i)  ( 0.876 -0.000i) 

     39 (-0.810 -0.000i)  (-0.333 -0.000i)  (-0.483 -0.000i) 
        ( 0.283 -0.000i)  ( 0.500 -0.000i)  (-0.819 -0.000i) 
        (-0.514 -0.000i)  ( 0.800 -0.000i)  ( 0.310 -0.000i) 

     40 (-0.062 -0.000i)  (-0.968 -0.000i)  (-0.241 -0.000i) 
        ( 0.968 -0.000i)  (-0.000 -0.000i)  (-0.249 -0.000i) 
        (-0.241 -0.000i)  ( 0.249 -0.000i)  (-0.938 -0.000i) 

     41 ( 0.476 -0.000i)  (-0.643 -0.000i)  ( 0.600 -0.000i) 
        ( 0.333 -0.000i)  (-0.500 -0.000i)  (-0.800 -0.000i) 
        (-0.814 -0.000i)  (-0.580 -0.000i)  ( 0.024 -0.000i) 

     42 (-0.489 -0.000i)  ( 0.304 -0.000i)  ( 0.817 -0.000i) 
        ( 0.664 -0.000i)  (-0.478 -0.000i)  ( 0.575 -0.000i) 
        (-0.566 -0.000i)  (-0.824 -0.000i)  (-0.032 -0.000i) 

     43 (-0.810 -0.000i)  ( 0.283 -0.000i)  (-0.514 -0.000i) 
        (-0.333 -0.000i)  ( 0.500 -0.000i)  ( 0.800 -0.000i) 
        (-0.483 -0.000i)  (-0.819 -0.000i)  ( 0.310 -0.000i) 

     44 ( 0.156 -0.000i)  (-0.664 -0.000i)  (-0.732 -0.000i) 
        (-0.664 -0.000i)  ( 0.478 -0.000i)  (-0.575 -0.000i) 
        (-0.732 -0.000i)  (-0.575 -0.000i)  ( 0.366 -0.000i) 

     45 ( 0.461 -0.000i)  (-0.283 -0.000i)  (-0.841 -0.000i) 
        ( 0.678 -0.000i)  (-0.500 -0.000i)  ( 0.540 -0.000i) 
        ( 0.573 -0.000i)  ( 0.819 -0.000i)  ( 0.038 -0.000i) 

     46 ( 0.823 -0.000i)  (-0.304 -0.000i)  ( 0.480 -0.000i) 
        (-0.304 -0.000i)  ( 0.478 -0.000i)  ( 0.824 -0.000i) 
        ( 0.480 -0.000i)  ( 0.824 -0.000i)  (-0.301 -0.000i) 

     47 (-0.127 -0.000i)  ( 0.643 -0.000i)  ( 0.755 -0.000i) 
        (-0.678 -0.000i)  ( 0.500 -0.000i)  (-0.540 -0.000i) 
        ( 0.724 -0.000i)  ( 0.580 -0.000i)  (-0.372 -0.000i) 

     48 (-0.489 -0.000i)  ( 0.664 -0.000i)  (-0.566 -0.000i) 
        ( 0.304 -0.000i)  (-0.478 -0.000i)  (-0.824 -0.000i) 
        ( 0.817 -0.000i)  ( 0.575 -0.000i)  (-0.032 -0.000i) 

 87 (  11.598):

      1 ( 1.000 -0.000i)  ( 0.000 -0.000i) 
        ( 0.000 -0.000i)  ( 1.000 -0.000i) 

      2 (-0.952 -0.000i)  (-0.306 -0.000i) 
        (-0.306 -0.000i)  ( 0.952 -0.000i) 

      3 ( 1.000 -0.000i)  ( 0.000 -0.000i) 
        ( 0.000 -0.000i)  ( 1.000 -0.000i) 

      4 (-0.952 -0.000i)  (-0.306 -0.000i) 
        (-0.306 -0.000i)  ( 0.952 -0.000i) 

      5 ( 1.000 -0.000i)  ( 0.000 -0.000i) 
        ( 0.000 -0.000i)  ( 1.000 -0.000i) 

      6 (-0.952 -0.000i)  (-0.306 -0.000i) 
        (-0.306 -0.000i)  ( 0.952 -0.000i) 

      7 ( 1.000 -0.000i)  ( 0.000 -0.000i) 
        ( 0.000 -0.000i)  ( 1.000 -0.000i) 

      8 (-0.952 -0.000i)  (-0.306 -0.000i) 
        (-0.306 -0.000i)  ( 0.952 -0.000i) 

      9 (-0.500 -0.000i)  ( 0.866 -0.000i) 
        (-0.866 -0.000i)  (-0.500 -0.000i) 

     10 ( 0.211 -0.000i)  ( 0.978 -0.000i) 
        ( 0.978 -0.000i)  (-0.211 -0.000i) 

     11 (-0.500 -0.000i)  ( 0.866 -0.000i) 
        (-0.866 -0.000i)  (-0.500 -0.000i) 

     12 ( 0.211 -0.000i)  ( 0.978 -0.000i) 
        ( 0.978 -0.000i)  (-0.211 -0.000i) 

     13 (-0.500 -0.000i)  ( 0.866 -0.000i) 
        (-0.866 -0.000i)  (-0.500 -0.000i) 

     14 ( 0.211 -0.000i)  ( 0.978 -0.000i) 
        ( 0.978 -0.000i)  (-0.211 -0.000i) 

     15 (-0.500 -0.000i)  ( 0.866 -0.000i) 
        (-0.866 -0.000i)  (-0.500 -0.000i) 

     16 ( 0.211 -0.000i)  ( 0.978 -0.000i) 
        ( 0.978 -0.000i)  (-0.211 -0.000i) 

     17 (-0.500 -0.000i)  (-0.866 -0.000i) 
        ( 0.866 -0.000i)  (-0.500 -0.000i) 

     18 ( 0.741 -0.000i)  (-0.671 -0.000i) 
        (-0.671 -0.000i)  (-0.741 -0.000i) 

     19 (-0.500 -0.000i)  (-0.866 -0.000i) 
        ( 0.866 -0.000i)  (-0.500 -0.000i) 

     20 ( 0.741 -0.000i)  (-0.671 -0.000i) 
        (-0.671 -0.000i)  (-0.741 -0.000i) 

     21 (-0.500 -0.000i)  (-0.866 -0.000i) 
        ( 0.866 -0.000i)  (-0.500 -0.000i) 

     22 ( 0.741 -0.000i)  (-0.671 -0.000i) 
        (-0.671 -0.000i)  (-0.741 -0.000i) 

     23 (-0.500 -0.000i)  (-0.866 -0.000i) 
        ( 0.866 -0.000i)  (-0.500 -0.000i) 

     24 ( 0.741 -0.000i)  (-0.671 -0.000i) 
        (-0.671 -0.000i)  (-0.741 -0.000i) 

     25 (-1.000 -0.000i)  (-0.000 -0.000i) 
        (-0.000 -0.000i)  (-1.000 -0.000i) 

     26 ( 0.952 -0.000i)  ( 0.306 -0.000i) 
        ( 0.306 -0.000i)  (-0.952 -0.000i) 

     27 (-1.000 -0.000i)  (-0.000 -0.000i) 
        (-0.000 -0.000i)  (-1.000 -0.000i) 

     28 ( 0.952 -0.000i)  ( 0.306 -0.000i) 
        ( 0.306 -0.000i)  (-0.952 -0.000i) 

     29 (-1.000 -0.000i)  (-0.000 -0.000i) 
        (-0.000 -0.000i)  (-1.000 -0.000i) 

     30 ( 0.952 -0.000i)  ( 0.306 -0.000i) 
        ( 0.306 -0.000i)  (-0.952 -0.000i) 

     31 (-1.000 -0.000i)  (-0.000 -0.000i) 
        (-0.000 -0.000i)  (-1.000 -0.000i) 

     32 ( 0.952 -0.000i)  ( 0.306 -0.000i) 
        ( 0.306 -0.000i)  (-0.952 -0.000i) 

     33 ( 0.500 -0.000i)  (-0.866 -0.000i) 
        ( 0.866 -0.000i)  ( 0.500 -0.000i) 

     34 (-0.211 -0.000i)  (-0.978 -0.000i) 
        (-0.978 -0.000i)  ( 0.211 -0.000i) 

     35 ( 0.500 -0.000i)  (-0.866 -0.000i) 
        ( 0.866 -0.000i)  ( 0.500 -0.000i) 

     36 (-0.211 -0.000i)  (-0.978 -0.000i) 
        (-0.978 -0.000i)  ( 0.211 -0.000i) 

     37 ( 0.500 -0.000i)  (-0.866 -0.000i) 
        ( 0.866 -0.000i)  ( 0.500 -0.000i) 

     38 (-0.211 -0.000i)  (-0.978 -0.000i) 
        (-0.978 -0.000i)  ( 0.211 -0.000i) 

     39 ( 0.500 -0.000i)  (-0.866 -0.000i) 
        ( 0.866 -0.000i)  ( 0.500 -0.000i) 

     40 (-0.211 -0.000i)  (-0.978 -0.000i) 
        (-0.978 -0.000i)  ( 0.211 -0.000i) 

     41 ( 0.500 -0.000i)  ( 0.866 -0.000i) 
        (-0.866 -0.000i)  ( 0.500 -0.000i) 

     42 (-0.741 -0.000i)  ( 0.671 -0.000i) 
        ( 0.671 -0.000i)  ( 0.741 -0.000i) 

     43 ( 0.500 -0.000i)  ( 0.866 -0.000i) 
        (-0.866 -0.000i)  ( 0.500 -0.000i) 

     44 (-0.741 -0.000i)  ( 0.671 -0.000i) 
        ( 0.671 -0.000i)  ( 0.741 -0.000i) 

     45 ( 0.500 -0.000i)  ( 0.866 -0.000i) 
        (-0.866 -0.000i)  ( 0.500 -0.000i) 

     46 (-0.741 -0.000i)  ( 0.671 -0.000i) 
        ( 0.671 -0.000i)  ( 0.741 -0.000i) 

     47 ( 0.500 -0.000i)  ( 0.866 -0.000i) 
        (-0.866 -0.000i)  ( 0.500 -0.000i) 

     48 (-0.741 -0.000i)  ( 0.671 -0.000i) 
        ( 0.671 -0.000i)  ( 0.741 -0.000i) 

 89 (  12.617):

      1 ( 1.000 -0.000i)  ( 0.000 -0.000i)  (-0.000 -0.000i) 
        ( 0.000 -0.000i)  ( 1.000 -0.000i)  ( 0.000 -0.000i) 
        (-0.000 -0.000i)  ( 0.000 -0.000i)  ( 1.000 -0.000i) 

      2 ( 0.504 -0.000i)  ( 0.623 -0.000i)  ( 0.598 -0.000i) 
        (-0.770 -0.000i)  ( 0.011 -0.000i)  ( 0.638 -0.000i) 
        ( 0.391 -0.000i)  (-0.782 -0.000i)  ( 0.485 -0.000i) 

      3 ( 0.008 -0.000i)  (-0.147 -0.000i)  ( 0.989 -0.000i) 
        (-0.147 -0.000i)  (-0.979 -0.000i)  (-0.144 -0.000i) 
        ( 0.989 -0.000i)  (-0.144 -0.000i)  (-0.029 -0.000i) 

      4 ( 0.504 -0.000i)  (-0.770 -0.000i)  ( 0.391 -0.000i) 
        ( 0.623 -0.000i)  ( 0.011 -0.000i)  (-0.782 -0.000i) 
        ( 0.598 -0.000i)  ( 0.638 -0.000i)  ( 0.485 -0.000i) 

      5 (-0.050 -0.000i)  (-0.139 -0.000i)  (-0.989 -0.000i) 
        (-0.139 -0.000i)  (-0.980 -0.000i)  ( 0.144 -0.000i) 
        (-0.989 -0.000i)  ( 0.144 -0.000i)  ( 0.029 -0.000i) 

      6 (-0.305 -0.000i)  ( 0.741 -0.000i)  (-0.598 -0.000i) 
        ( 0.741 -0.000i)  (-0.210 -0.000i)  (-0.638 -0.000i) 
        (-0.598 -0.000i)  (-0.638 -0.000i)  (-0.485 -0.000i) 

      7 (-0.958 -0.000i)  ( 0.286 -0.000i)  (-0.000 -0.000i) 
        ( 0.286 -0.000i)  ( 0.958 -0.000i)  (-0.000 -0.000i) 
        (-0.000 -0.000i)  (-0.000 -0.000i)  (-1.000 -0.000i) 

      8 (-0.703 -0.000i)  (-0.594 -0.000i)  (-0.391 -0.000i) 
        (-0.594 -0.000i)  ( 0.188 -0.000i)  ( 0.782 -0.000i) 
        (-0.391 -0.000i)  ( 0.782 -0.000i)  (-0.485 -0.000i) 

      9 (-0.486 -0.000i)  ( 0.788 -0.000i)  (-0.377 -0.000i) 
        (-0.626 -0.000i)  (-0.013 -0.000i)  ( 0.780 -0.000i) 
        ( 0.610 -0.000i)  ( 0.615 -0.000i)  ( 0.500 -0.000i) 

     10 (-1.000 -0.000i)  (-0.000 -0.000i)  ( 0.029 -0.000i) 
        (-0.000 -0.000i)  (-1.000 -0.000i)  (-0.004 -0.000i) 
        ( 0.029 -0.000i)  (-0.004 -0.000i)  ( 1.000 -0.000i) 

     11 (-0.492 -0.000i)  (-0.646 -0.000i)  (-0.584 -0.000i) 
        ( 0.769 -0.000i)  (-0.007 -0.000i)  (-0.640 -0.000i) 
        ( 0.409 -0.000i)  (-0.764 -0.000i)  ( 0.500 -0.000i) 

     12 ( 0.021 -0.000i)  ( 0.143 -0.000i)  (-0.990 -0.000i) 
        ( 0.143 -0.000i)  ( 0.979 -0.000i)  ( 0.144 -0.000i) 
        ( 0.990 -0.000i)  (-0.144 -0.000i)  (-0.000 -0.000i) 

     13 ( 0.287 -0.000i)  (-0.759 -0.000i)  ( 0.584 -0.000i) 
        (-0.739 -0.000i)  ( 0.213 -0.000i)  ( 0.640 -0.000i) 
        (-0.610 -0.000i)  (-0.615 -0.000i)  (-0.500 -0.000i) 

     14 ( 0.958 -0.000i)  (-0.286 -0.000i)  (-0.029 -0.000i) 
        (-0.286 -0.000i)  (-0.958 -0.000i)  ( 0.004 -0.000i) 
        (-0.029 -0.000i)  ( 0.004 -0.000i)  (-1.000 -0.000i) 

     15 ( 0.692 -0.000i)  ( 0.616 -0.000i)  ( 0.377 -0.000i) 
        ( 0.596 -0.000i)  (-0.192 -0.000i)  (-0.780 -0.000i) 
        (-0.409 -0.000i)  ( 0.764 -0.000i)  (-0.500 -0.000i) 

     16 ( 0.021 -0.000i)  ( 0.143 -0.000i)  ( 0.990 -0.000i) 
        ( 0.143 -0.000i)  ( 0.979 -0.000i)  (-0.144 -0.000i) 
        (-0.990 -0.000i)  ( 0.144 -0.000i)  (-0.000 -0.000i) 

     17 (-0.486 -0.000i)  (-0.626 -0.000i)  ( 0.610 -0.000i) 
        ( 0.788 -0.000i)  (-0.013 -0.000i)  ( 0.615 -0.000i) 
        (-0.377 -0.000i)  ( 0.780 -0.000i)  ( 0.500 -0.000i) 

     18 ( 0.475 -0.000i)  (-0.787 -0.000i)  (-0.394 -0.000i) 
        ( 0.648 -0.000i)  ( 0.010 -0.000i)  ( 0.762 -0.000i) 
        (-0.595 -0.000i)  (-0.617 -0.000i)  ( 0.515 -0.000i) 

     19 ( 0.692 -0.000i)  ( 0.596 -0.000i)  (-0.409 -0.000i) 
        ( 0.616 -0.000i)  (-0.192 -0.000i)  ( 0.764 -0.000i) 
        ( 0.377 -0.000i)  (-0.780 -0.000i)  (-0.500 -0.000i) 

     20 (-0.270 -0.000i)  ( 0.757 -0.000i)  ( 0.595 -0.000i) 
        ( 0.757 -0.000i)  (-0.215 -0.000i)  ( 0.617 -0.000i) 
        ( 0.595 -0.000i)  ( 0.617 -0.000i)  (-0.515 -0.000i) 

     21 (-0.492 -0.000i)  ( 0.769 -0.000i)  ( 0.409 -0.000i) 
        (-0.646 -0.000i)  (-0.007 -0.000i)  (-0.764 -0.000i) 
        (-0.584 -0.000i)  (-0.640 -0.000i)  ( 0.500 -0.000i) 

     22 (-0.680 -0.000i)  (-0.618 -0.000i)  ( 0.394 -0.000i) 
        (-0.618 -0.000i)  ( 0.195 -0.000i)  (-0.762 -0.000i) 
        ( 0.394 -0.000i)  (-0.762 -0.000i)  (-0.515 -0.000i) 

     23 ( 0.287 -0.000i)  (-0.739 -0.000i)  (-0.610 -0.000i) 
        (-0.759 -0.000i)  ( 0.213 -0.000i)  (-0.615 -0.000i) 
        ( 0.584 -0.000i)  ( 0.640 -0.000i)  (-0.500 -0.000i) 

     24 ( 0.475 -0.000i)  ( 0.648 -0.000i)  (-0.595 -0.000i) 
        (-0.787 -0.000i)  ( 0.010 -0.000i)  (-0.617 -0.000i) 
        (-0.394 -0.000i)  ( 0.762 -0.000i)  ( 0.515 -0.000i) 

     25 (-1.000 -0.000i)  (-0.000 -0.000i)  ( 0.000 -0.000i) 
        ( 0.000 -0.000i)  (-1.000 -0.000i)  (-0.000 -0.000i) 
        ( 0.000 -0.000i)  (-0.000 -0.000i)  (-1.000 -0.000i) 

     26 (-0.504 -0.000i)  (-0.623 -0.000i)  (-0.598 -0.000i) 
        ( 0.770 -0.000i)  (-0.011 -0.000i)  (-0.638 -0.000i) 
        (-0.391 -0.000i)  ( 0.782 -0.000i)  (-0.485 -0.000i) 

     27 (-0.008 -0.000i)  ( 0.147 -0.000i)  (-0.989 -0.000i) 
        ( 0.147 -0.000i)  ( 0.979 -0.000i)  ( 0.144 -0.000i) 
        (-0.989 -0.000i)  ( 0.144 -0.000i)  ( 0.029 -0.000i) 

     28 (-0.504 -0.000i)  ( 0.770 -0.000i)  (-0.391 -0.000i) 
        (-0.623 -0.000i)  (-0.011 -0.000i)  ( 0.782 -0.000i) 
        (-0.598 -0.000i)  (-0.638 -0.000i)  (-0.485 -0.000i) 

     29 ( 0.050 -0.000i)  ( 0.139 -0.000i)  ( 0.989 -0.000i) 
        ( 0.139 -0.000i)  ( 0.980 -0.000i)  (-0.144 -0.000i) 
        ( 0.989 -0.000i)  (-0.144 -0.000i)  (-0.029 -0.000i) 

     30 ( 0.305 -0.000i)  (-0.741 -0.000i)  ( 0.598 -0.000i) 
        (-0.741 -0.000i)  ( 0.210 -0.000i)  ( 0.638 -0.000i) 
        ( 0.598 -0.000i)  ( 0.638 -0.000i)  ( 0.485 -0.000i) 

     31 ( 0.958 -0.000i)  (-0.286 -0.000i)  ( 0.000 -0.000i) 
        (-0.286 -0.000i)  (-0.958 -0.000i)  ( 0.000 -0.000i) 
        ( 0.000 -0.000i)  ( 0.000 -0.000i)  ( 1.000 -0.000i) 

     32 ( 0.703 -0.000i)  ( 0.594 -0.000i)  ( 0.391 -0.000i) 
        ( 0.594 -0.000i)  (-0.188 -0.000i)  (-0.782 -0.000i) 
        ( 0.391 -0.000i)  (-0.782 -0.000i)  ( 0.485 -0.000i) 

     33 ( 0.486 -0.000i)  (-0.788 -0.000i)  ( 0.377 -0.000i) 
        ( 0.626 -0.000i)  ( 0.013 -0.000i)  (-0.780 -0.000i) 
        (-0.610 -0.000i)  (-0.615 -0.000i)  (-0.500 -0.000i) 

     34 ( 1.000 -0.000i)  ( 0.000 -0.000i)  (-0.029 -0.000i) 
        ( 0.000 -0.000i)  ( 1.000 -0.000i)  ( 0.004 -0.000i) 
        (-0.029 -0.000i)  ( 0.004 -0.000i)  (-1.000 -0.000i) 

     35 ( 0.492 -0.000i)  ( 0.646 -0.000i)  ( 0.584 -0.000i) 
        (-0.769 -0.000i)  ( 0.007 -0.000i)  ( 0.640 -0.000i) 
        (-0.409 -0.000i)  ( 0.764 -0.000i)  (-0.500 -0.000i) 

     36 (-0.021 -0.000i)  (-0.143 -0.000i)  ( 0.990 -0.000i) 
        (-0.143 -0.000i)  (-0.979 -0.000i)  (-0.144 -0.000i) 
        (-0.990 -0.000i)  ( 0.144 -0.000i)  (-0.000 -0.000i) 

     37 (-0.287 -0.000i)  ( 0.759 -0.000i)  (-0.584 -0.000i) 
        ( 0.739 -0.000i)  (-0.213 -0.000i)  (-0.640 -0.000i) 
        ( 0.610 -0.000i)  ( 0.615 -0.000i)  ( 0.500 -0.000i) 

     38 (-0.958 -0.000i)  ( 0.286 -0.000i)  ( 0.029 -0.000i) 
        ( 0.286 -0.000i)  ( 0.958 -0.000i)  (-0.004 -0.000i) 
        ( 0.029 -0.000i)  (-0.004 -0.000i)  ( 1.000 -0.000i) 

     39 (-0.692 -0.000i)  (-0.616 -0.000i)  (-0.377 -0.000i) 
        (-0.596 -0.000i)  ( 0.192 -0.000i)  ( 0.780 -0.000i) 
        ( 0.409 -0.000i)  (-0.764 -0.000i)  ( 0.500 -0.000i) 

     40 (-0.021 -0.000i)  (-0.143 -0.000i)  (-0.990 -0.000i) 
        (-0.143 -0.000i)  (-0.979 -0.000i)  ( 0.144 -0.000i) 
        ( 0.990 -0.000i)  (-0.144 -0.000i)  (-0.000 -0.000i) 

     41 ( 0.486 -0.000i)  ( 0.626 -0.000i)  (-0.610 -0.000i) 
        (-0.788 -0.000i)  ( 0.013 -0.000i)  (-0.615 -0.000i) 
        ( 0.377 -0.000i)  (-0.780 -0.000i)  (-0.500 -0.000i) 

     42 (-0.475 -0.000i)  ( 0.787 -0.000i)  ( 0.394 -0.000i) 
        (-0.648 -0.000i)  (-0.010 -0.000i)  (-0.762 -0.000i) 
        ( 0.595 -0.000i)  ( 0.617 -0.000i)  (-0.515 -0.000i) 

     43 (-0.692 -0.000i)  (-0.596 -0.000i)  ( 0.409 -0.000i) 
        (-0.616 -0.000i)  ( 0.192 -0.000i)  (-0.764 -0.000i) 
        (-0.377 -0.000i)  ( 0.780 -0.000i)  ( 0.500 -0.000i) 

     44 ( 0.270 -0.000i)  (-0.757 -0.000i)  (-0.595 -0.000i) 
        (-0.757 -0.000i)  ( 0.215 -0.000i)  (-0.617 -0.000i) 
        (-0.595 -0.000i)  (-0.617 -0.000i)  ( 0.515 -0.000i) 

     45 ( 0.492 -0.000i)  (-0.769 -0.000i)  (-0.409 -0.000i) 
        ( 0.646 -0.000i)  ( 0.007 -0.000i)  ( 0.764 -0.000i) 
        ( 0.584 -0.000i)  ( 0.640 -0.000i)  (-0.500 -0.000i) 

     46 ( 0.680 -0.000i)  ( 0.618 -0.000i)  (-0.394 -0.000i) 
        ( 0.618 -0.000i)  (-0.195 -0.000i)  ( 0.762 -0.000i) 
        (-0.394 -0.000i)  ( 0.762 -0.000i)  ( 0.515 -0.000i) 

     47 (-0.287 -0.000i)  ( 0.739 -0.000i)  ( 0.610 -0.000i) 
        ( 0.759 -0.000i)  (-0.213 -0.000i)  ( 0.615 -0.000i) 
        (-0.584 -0.000i)  (-0.640 -0.000i)  ( 0.500 -0.000i) 

     48 (-0.475 -0.000i)  (-0.648 -0.000i)  ( 0.595 -0.000i) 
        ( 0.787 -0.000i)  (-0.010 -0.000i)  ( 0.617 -0.000i) 
        ( 0.394 -0.000i)  (-0.762 -0.000i)  (-0.515 -0.000i) 

 92 (  12.771):

      1 ( 1.000 -0.000i)  (-0.000 -0.000i)  (-0.000 -0.000i) 
        (-0.000 -0.000i)  ( 1.000 -0.000i)  (-0.000 -0.000i) 
        (-0.000 -0.000i)  (-0.000 -0.000i)  ( 1.000 -0.000i) 

      2 (-0.149 -0.000i)  ( 0.335 -0.000i)  (-0.930 -0.000i) 
        (-0.873 -0.000i)  (-0.486 -0.000i)  (-0.035 -0.000i) 
        ( 0.464 -0.000i)  (-0.807 -0.000i)  (-0.365 -0.000i) 

      3 (-0.702 -0.000i)  ( 0.538 -0.000i)  ( 0.466 -0.000i) 
        ( 0.538 -0.000i)  (-0.027 -0.000i)  ( 0.842 -0.000i) 
        ( 0.466 -0.000i)  ( 0.842 -0.000i)  (-0.270 -0.000i) 

      4 (-0.149 -0.000i)  (-0.873 -0.000i)  ( 0.464 -0.000i) 
        ( 0.335 -0.000i)  (-0.486 -0.000i)  (-0.807 -0.000i) 
        (-0.930 -0.000i)  (-0.035 -0.000i)  (-0.365 -0.000i) 

      5 (-0.829 -0.000i)  ( 0.309 -0.000i)  (-0.466 -0.000i) 
        ( 0.309 -0.000i)  (-0.441 -0.000i)  (-0.842 -0.000i) 
        (-0.466 -0.000i)  (-0.842 -0.000i)  ( 0.270 -0.000i) 

      6 (-0.363 -0.000i)  (-0.052 -0.000i)  ( 0.930 -0.000i) 
        (-0.052 -0.000i)  ( 0.998 -0.000i)  ( 0.035 -0.000i) 
        ( 0.930 -0.000i)  ( 0.035 -0.000i)  ( 0.365 -0.000i) 

      7 ( 0.531 -0.000i)  (-0.847 -0.000i)  (-0.000 -0.000i) 
        (-0.847 -0.000i)  (-0.531 -0.000i)  ( 0.000 -0.000i) 
        (-0.000 -0.000i)  ( 0.000 -0.000i)  (-1.000 -0.000i) 

      8 ( 0.660 -0.000i)  ( 0.590 -0.000i)  (-0.464 -0.000i) 
        ( 0.590 -0.000i)  (-0.025 -0.000i)  ( 0.807 -0.000i) 
        (-0.464 -0.000i)  ( 0.807 -0.000i)  ( 0.365 -0.000i) 

      9 (-0.031 -0.000i)  (-0.853 -0.000i)  ( 0.521 -0.000i) 
        ( 0.548 -0.000i)  (-0.450 -0.000i)  (-0.705 -0.000i) 
        ( 0.836 -0.000i)  ( 0.263 -0.000i)  ( 0.481 -0.000i) 

     10 ( 0.991 -0.000i)  (-0.016 -0.000i)  (-0.131 -0.000i) 
        (-0.016 -0.000i)  ( 0.971 -0.000i)  (-0.237 -0.000i) 
        (-0.131 -0.000i)  (-0.237 -0.000i)  (-0.963 -0.000i) 

     11 (-0.195 -0.000i)  ( 0.445 -0.000i)  (-0.874 -0.000i) 
        (-0.956 -0.000i)  (-0.287 -0.000i)  ( 0.067 -0.000i) 
        (-0.221 -0.000i)  ( 0.848 -0.000i)  ( 0.481 -0.000i) 

     12 (-0.766 -0.000i)  ( 0.424 -0.000i)  ( 0.484 -0.000i) 
        ( 0.424 -0.000i)  (-0.234 -0.000i)  ( 0.875 -0.000i) 
        (-0.484 -0.000i)  (-0.875 -0.000i)  ( 0.000 -0.000i) 

     13 (-0.481 -0.000i)  (-0.072 -0.000i)  ( 0.874 -0.000i) 
        (-0.265 -0.000i)  ( 0.962 -0.000i)  (-0.067 -0.000i) 
        (-0.836 -0.000i)  (-0.263 -0.000i)  (-0.481 -0.000i) 

     14 ( 0.540 -0.000i)  (-0.831 -0.000i)  ( 0.131 -0.000i) 
        (-0.831 -0.000i)  (-0.503 -0.000i)  ( 0.237 -0.000i) 
        ( 0.131 -0.000i)  ( 0.237 -0.000i)  ( 0.963 -0.000i) 

     15 ( 0.706 -0.000i)  ( 0.480 -0.000i)  (-0.521 -0.000i) 
        ( 0.673 -0.000i)  (-0.225 -0.000i)  ( 0.705 -0.000i) 
        ( 0.221 -0.000i)  (-0.848 -0.000i)  (-0.481 -0.000i) 

     16 (-0.766 -0.000i)  ( 0.424 -0.000i)  (-0.484 -0.000i) 
        ( 0.424 -0.000i)  (-0.234 -0.000i)  (-0.875 -0.000i) 
        ( 0.484 -0.000i)  ( 0.875 -0.000i)  ( 0.000 -0.000i) 

     17 (-0.031 -0.000i)  ( 0.548 -0.000i)  ( 0.836 -0.000i) 
        (-0.853 -0.000i)  (-0.450 -0.000i)  ( 0.263 -0.000i) 
        ( 0.521 -0.000i)  (-0.705 -0.000i)  ( 0.481 -0.000i) 

     18 (-0.085 -0.000i)  (-0.952 -0.000i)  (-0.296 -0.000i) 
        ( 0.642 -0.000i)  (-0.279 -0.000i)  ( 0.714 -0.000i) 
        ( 0.762 -0.000i)  ( 0.129 -0.000i)  (-0.635 -0.000i) 

     19 ( 0.706 -0.000i)  ( 0.673 -0.000i)  ( 0.221 -0.000i) 
        ( 0.480 -0.000i)  (-0.225 -0.000i)  (-0.848 -0.000i) 
        (-0.521 -0.000i)  ( 0.705 -0.000i)  (-0.481 -0.000i) 

     20 (-0.590 -0.000i)  (-0.269 -0.000i)  (-0.762 -0.000i) 
        (-0.269 -0.000i)  ( 0.954 -0.000i)  (-0.129 -0.000i) 
        (-0.762 -0.000i)  (-0.129 -0.000i)  ( 0.635 -0.000i) 

     21 (-0.195 -0.000i)  (-0.956 -0.000i)  (-0.221 -0.000i) 
        ( 0.445 -0.000i)  (-0.287 -0.000i)  ( 0.848 -0.000i) 
        (-0.874 -0.000i)  ( 0.067 -0.000i)  ( 0.481 -0.000i) 

     22 ( 0.761 -0.000i)  ( 0.578 -0.000i)  ( 0.296 -0.000i) 
        ( 0.578 -0.000i)  (-0.396 -0.000i)  (-0.714 -0.000i) 
        ( 0.296 -0.000i)  (-0.714 -0.000i)  ( 0.635 -0.000i) 

     23 (-0.481 -0.000i)  (-0.265 -0.000i)  (-0.836 -0.000i) 
        (-0.072 -0.000i)  ( 0.962 -0.000i)  (-0.263 -0.000i) 
        ( 0.874 -0.000i)  (-0.067 -0.000i)  (-0.481 -0.000i) 

     24 (-0.085 -0.000i)  ( 0.642 -0.000i)  ( 0.762 -0.000i) 
        (-0.952 -0.000i)  (-0.279 -0.000i)  ( 0.129 -0.000i) 
        (-0.296 -0.000i)  ( 0.714 -0.000i)  (-0.635 -0.000i) 

     25 ( 1.000 -0.000i)  (-0.000 -0.000i)  (-0.000 -0.000i) 
        (-0.000 -0.000i)  ( 1.000 -0.000i)  ( 0.000 -0.000i) 
        (-0.000 -0.000i)  (-0.000 -0.000i)  ( 1.000 -0.000i) 

     26 (-0.149 -0.000i)  ( 0.335 -0.000i)  (-0.930 -0.000i) 
        (-0.873 -0.000i)  (-0.486 -0.000i)  (-0.035 -0.000i) 
        ( 0.464 -0.000i)  (-0.807 -0.000i)  (-0.365 -0.000i) 

     27 (-0.702 -0.000i)  ( 0.538 -0.000i)  ( 0.466 -0.000i) 
        ( 0.538 -0.000i)  (-0.027 -0.000i)  ( 0.842 -0.000i) 
        ( 0.466 -0.000i)  ( 0.842 -0.000i)  (-0.270 -0.000i) 

     28 (-0.149 -0.000i)  (-0.873 -0.000i)  ( 0.464 -0.000i) 
        ( 0.335 -0.000i)  (-0.486 -0.000i)  (-0.807 -0.000i) 
        (-0.930 -0.000i)  (-0.035 -0.000i)  (-0.365 -0.000i) 

     29 (-0.829 -0.000i)  ( 0.309 -0.000i)  (-0.466 -0.000i) 
        ( 0.309 -0.000i)  (-0.441 -0.000i)  (-0.842 -0.000i) 
        (-0.466 -0.000i)  (-0.842 -0.000i)  ( 0.270 -0.000i) 

     30 (-0.363 -0.000i)  (-0.052 -0.000i)  ( 0.930 -0.000i) 
        (-0.052 -0.000i)  ( 0.998 -0.000i)  ( 0.035 -0.000i) 
        ( 0.930 -0.000i)  ( 0.035 -0.000i)  ( 0.365 -0.000i) 

     31 ( 0.531 -0.000i)  (-0.847 -0.000i)  (-0.000 -0.000i) 
        (-0.847 -0.000i)  (-0.531 -0.000i)  ( 0.000 -0.000i) 
        (-0.000 -0.000i)  ( 0.000 -0.000i)  (-1.000 -0.000i) 

     32 ( 0.660 -0.000i)  ( 0.590 -0.000i)  (-0.464 -0.000i) 
        ( 0.590 -0.000i)  (-0.025 -0.000i)  ( 0.807 -0.000i) 
        (-0.464 -0.000i)  ( 0.807 -0.000i)  ( 0.365 -0.000i) 

     33 (-0.031 -0.000i)  (-0.853 -0.000i)  ( 0.521 -0.000i) 
        ( 0.548 -0.000i)  (-0.450 -0.000i)  (-0.705 -0.000i) 
        ( 0.836 -0.000i)  ( 0.263 -0.000i)  ( 0.481 -0.000i) 

     34 ( 0.991 -0.000i)  (-0.016 -0.000i)  (-0.131 -0.000i) 
        (-0.016 -0.000i)  ( 0.971 -0.000i)  (-0.237 -0.000i) 
        (-0.131 -0.000i)  (-0.237 -0.000i)  (-0.963 -0.000i) 

     35 (-0.195 -0.000i)  ( 0.445 -0.000i)  (-0.874 -0.000i) 
        (-0.956 -0.000i)  (-0.287 -0.000i)  ( 0.067 -0.000i) 
        (-0.221 -0.000i)  ( 0.848 -0.000i)  ( 0.481 -0.000i) 

     36 (-0.766 -0.000i)  ( 0.424 -0.000i)  ( 0.484 -0.000i) 
        ( 0.424 -0.000i)  (-0.234 -0.000i)  ( 0.875 -0.000i) 
        (-0.484 -0.000i)  (-0.875 -0.000i)  (-0.000 -0.000i) 

     37 (-0.481 -0.000i)  (-0.072 -0.000i)  ( 0.874 -0.000i) 
        (-0.265 -0.000i)  ( 0.962 -0.000i)  (-0.067 -0.000i) 
        (-0.836 -0.000i)  (-0.263 -0.000i)  (-0.481 -0.000i) 

     38 ( 0.540 -0.000i)  (-0.831 -0.000i)  ( 0.131 -0.000i) 
        (-0.831 -0.000i)  (-0.503 -0.000i)  ( 0.237 -0.000i) 
        ( 0.131 -0.000i)  ( 0.237 -0.000i)  ( 0.963 -0.000i) 

     39 ( 0.706 -0.000i)  ( 0.480 -0.000i)  (-0.521 -0.000i) 
        ( 0.673 -0.000i)  (-0.225 -0.000i)  ( 0.705 -0.000i) 
        ( 0.221 -0.000i)  (-0.848 -0.000i)  (-0.481 -0.000i) 

     40 (-0.766 -0.000i)  ( 0.424 -0.000i)  (-0.484 -0.000i) 
        ( 0.424 -0.000i)  (-0.234 -0.000i)  (-0.875 -0.000i) 
        ( 0.484 -0.000i)  ( 0.875 -0.000i)  (-0.000 -0.000i) 

     41 (-0.031 -0.000i)  ( 0.548 -0.000i)  ( 0.836 -0.000i) 
        (-0.853 -0.000i)  (-0.450 -0.000i)  ( 0.263 -0.000i) 
        ( 0.521 -0.000i)  (-0.705 -0.000i)  ( 0.481 -0.000i) 

     42 (-0.085 -0.000i)  (-0.952 -0.000i)  (-0.296 -0.000i) 
        ( 0.642 -0.000i)  (-0.279 -0.000i)  ( 0.714 -0.000i) 
        ( 0.762 -0.000i)  ( 0.129 -0.000i)  (-0.635 -0.000i) 

     43 ( 0.706 -0.000i)  ( 0.673 -0.000i)  ( 0.221 -0.000i) 
        ( 0.480 -0.000i)  (-0.225 -0.000i)  (-0.848 -0.000i) 
        (-0.521 -0.000i)  ( 0.705 -0.000i)  (-0.481 -0.000i) 

     44 (-0.590 -0.000i)  (-0.269 -0.000i)  (-0.762 -0.000i) 
        (-0.269 -0.000i)  ( 0.954 -0.000i)  (-0.129 -0.000i) 
        (-0.762 -0.000i)  (-0.129 -0.000i)  ( 0.635 -0.000i) 

     45 (-0.195 -0.000i)  (-0.956 -0.000i)  (-0.221 -0.000i) 
        ( 0.445 -0.000i)  (-0.287 -0.000i)  ( 0.848 -0.000i) 
        (-0.874 -0.000i)  ( 0.067 -0.000i)  ( 0.481 -0.000i) 

     46 ( 0.761 -0.000i)  ( 0.578 -0.000i)  ( 0.296 -0.000i) 
        ( 0.578 -0.000i)  (-0.396 -0.000i)  (-0.714 -0.000i) 
        ( 0.296 -0.000i)  (-0.714 -0.000i)  ( 0.635 -0.000i) 

     47 (-0.481 -0.000i)  (-0.265 -0.000i)  (-0.836 -0.000i) 
        (-0.072 -0.000i)  ( 0.962 -0.000i)  (-0.263 -0.000i) 
        ( 0.874 -0.000i)  (-0.067 -0.000i)  (-0.481 -0.000i) 

     48 (-0.085 -0.000i)  ( 0.642 -0.000i)  ( 0.762 -0.000i) 
        (-0.952 -0.000i)  (-0.279 -0.000i)  ( 0.129 -0.000i) 
        (-0.296 -0.000i)  ( 0.714 -0.000i)  (-0.635 -0.000i) 

 95 (  13.259):

      1 ( 1.000 -0.000i) 
      2 (-1.000 -0.000i) 
      3 ( 1.000 -0.000i) 
      4 (-1.000 -0.000i) 
      5 ( 1.000 -0.000i) 
      6 (-1.000 -0.000i) 
      7 ( 1.000 -0.000i) 
      8 (-1.000 -0.000i) 
      9 ( 1.000 -0.000i) 
     10 (-1.000 -0.000i) 
     11 ( 1.000 -0.000i) 
     12 (-1.000 -0.000i) 
     13 ( 1.000 -0.000i) 
     14 (-1.000 -0.000i) 
     15 ( 1.000 -0.000i) 
     16 (-1.000 -0.000i) 
     17 ( 1.000 -0.000i) 
     18 (-1.000 -0.000i) 
     19 ( 1.000 -0.000i) 
     20 (-1.000 -0.000i) 
     21 ( 1.000 -0.000i) 
     22 (-1.000 -0.000i) 
     23 ( 1.000 -0.000i) 
     24 (-1.000 -0.000i) 
     25 (-1.000 -0.000i) 
     26 ( 1.000 -0.000i) 
     27 (-1.000 -0.000i) 
     28 ( 1.000 -0.000i) 
     29 (-1.000 -0.000i) 
     30 ( 1.000 -0.000i) 
     31 (-1.000 -0.000i) 
     32 ( 1.000 -0.000i) 
     33 (-1.000 -0.000i) 
     34 ( 1.000 -0.000i) 
     35 (-1.000 -0.000i) 
     36 ( 1.000 -0.000i) 
     37 (-1.000 -0.000i) 
     38 ( 1.000 -0.000i) 
     39 (-1.000 -0.000i) 
     40 ( 1.000 -0.000i) 
     41 (-1.000 -0.000i) 
     42 ( 1.000 -0.000i) 
     43 (-1.000 -0.000i) 
     44 ( 1.000 -0.000i) 
     45 (-1.000 -0.000i) 
     46 ( 1.000 -0.000i) 
     47 (-1.000 -0.000i) 
     48 ( 1.000 -0.000i) 

 96 (  13.465):

      1 ( 1.000 -0.000i) 
      2 ( 1.000 -0.000i) 
      3 ( 1.000 -0.000i) 
      4 ( 1.000 -0.000i) 
      5 ( 1.000 -0.000i) 
      6 ( 1.000 -0.000i) 
      7 ( 1.000 -0.000i) 
      8 ( 1.000 -0.000i) 
      9 ( 1.000 -0.000i) 
     10 ( 1.000 -0.000i) 
     11 ( 1.000 -0.000i) 
     12 ( 1.000 -0.000i) 
     13 ( 1.000 -0.000i) 
     14 ( 1.000 -0.000i) 
     15 ( 1.000 -0.000i) 
     16 ( 1.000 -0.000i) 
     17 ( 1.000 -0.000i) 
     18 ( 1.000 -0.000i) 
     19 ( 1.000 -0.000i) 
     20 ( 1.000 -0.000i) 
     21 ( 1.000 -0.000i) 
     22 ( 1.000 -0.000i) 
     23 ( 1.000 -0.000i) 
     24 ( 1.000 -0.000i) 
     25 ( 1.000 -0.000i) 
     26 ( 1.000 -0.000i) 
     27 ( 1.000 -0.000i) 
     28 ( 1.000 -0.000i) 
     29 ( 1.000 -0.000i) 
     30 ( 1.000 -0.000i) 
     31 ( 1.000 -0.000i) 
     32 ( 1.000 -0.000i) 
     33 ( 1.000 -0.000i) 
     34 ( 1.000 -0.000i) 
     35 ( 1.000 -0.000i) 
     36 ( 1.000 -0.000i) 
     37 ( 1.000 -0.000i) 
     38 ( 1.000 -0.000i) 
     39 ( 1.000 -0.000i) 
     40 ( 1.000 -0.000i) 
     41 ( 1.000 -0.000i) 
     42 ( 1.000 -0.000i) 
     43 ( 1.000 -0.000i) 
     44 ( 1.000 -0.000i) 
     45 ( 1.000 -0.000i) 
     46 ( 1.000 -0.000i) 
     47 ( 1.000 -0.000i) 
     48 ( 1.000 -0.000i) 

# L point (Primitive coordinates)
# k_prim = [0.5000, 0.5000, 0.5000]
# k_BCS  = [0.5000, 0.5000, 0.5000]  (BCS label: L)
============================================================
# band  freq(THz)  freq(cm-1)     label(M)   label(BCS)  IR  Raman  OPD(BCS)        OPD(prim)       Daughter SG          Chiral  
     0    -1.0108      -33.72            -          L2+  .     .    (a)             (a)             R-3c(#167)           -       
     1     0.2277        7.59            -          L3+  .     .    (a, 0)          (a, 0)          P-1(#2)              -       
     2     0.2277        7.59            -          L3+  .     .    (a, b)          (0, a)          P-1(#2)              -       
     3     0.8061       26.89            -          L3-  .     .    (a, 0)          (a, 0)          P-1(#2)              -       
     4     0.8061       26.89            -          L3-  .     .    (a, b)          (0, a)          P-1(#2)              -       
     5     0.9324       31.10            -          L3+  .     .    (a, 0)          (a, 0)          P-1(#2)              -       
     6     0.9324       31.10            -          L3+  .     .    (a, b)          (0, a)          P-1(#2)              -       
     7     1.1203       37.37            -          L1+  .     .    (a)             (a)             R-3m(#166)           -       
     8     1.1808       39.39            -          L3-  .     .    (a, 0)          (a, 0)          P-1(#2)              -       
     9     1.1808       39.39            -          L3-  .     .    (a, b)          (0, a)          P-1(#2)              -       
    10     1.4059       46.89            -          L3+  .     .    (a, 0)          (a, 0)          P-1(#2)              -       
    11     1.4059       46.89            -          L3+  .     .    (a, b)          (0, a)          P-1(#2)              -       
    12     1.4365       47.92            -          L2-  .     .    (a)             (a)             R-3m(#166)           -       
    13     1.5309       51.06            -          L1-  .     .    (a)             (a)             R-3c(#167)           -       
    14     1.8005       60.06            -          L3+  .     .    (a, 0)          (a, 0)          P-1(#2)              -       
    15     1.8005       60.06            -          L3+  .     .    (a, b)          (0, a)          P-1(#2)              -       
    16     1.8129       60.47            -          L1+  .     .    (a)             (a)             R-3m(#166)           -       
    17     1.9486       65.00            -          L2+  .     .    (a)             (a)             R-3c(#167)           -       
    18     1.9953       66.56            -          L3-  .     .    (a, 0)          (a, 0)          P-1(#2)              -       
    19     1.9953       66.56            -          L3-  .     .    (a, b)          (0, a)          P-1(#2)              -       
    20     2.1713       72.43            -          L2-  .     .    (a)             (a)             R-3m(#166)           -       
    21     2.1843       72.86            -          L3+  .     .    (a, 0)          (a, 0)          P-1(#2)              -       
    22     2.1843       72.86            -          L3+  .     .    (a, b)          (0, a)          P-1(#2)              -       
    23     2.7003       90.07            -          L1+  .     .    (a)             (a)             R-3m(#166)           -       
    24     2.7188       90.69            -          L2+  .     .    (a)             (a)             R-3c(#167)           -       
    25     2.8174       93.98            -          L3-  .     .    (a, 0)          (a, 0)          P-1(#2)              -       
    26     2.8174       93.98            -          L3-  .     .    (a, b)          (0, a)          P-1(#2)              -       
    27     2.9058       96.93            -          L1-  .     .    (a)             (a)             R-3c(#167)           -       
    28     2.9128       97.16            -          L3+  .     .    (a, 0)          (a, 0)          P-1(#2)              -       
    29     2.9128       97.16            -          L3+  .     .    (a, b)          (0, a)          P-1(#2)              -       
    30     2.9923       99.81            -          L3-  .     .    (a, 0)          (a, 0)          P-1(#2)              -       
    31     2.9923       99.81            -          L3-  .     .    (a, b)          (0, a)          P-1(#2)              -       
    32     3.0542      101.88            -          L3+  .     .    (a, 0)          (a, 0)          P-1(#2)              -       
    33     3.0542      101.88            -          L3+  .     .    (a, b)          (0, a)          P-1(#2)              -       
    34     3.8707      129.11            -          L3-  .     .    (a, 0)          (a, 0)          P-1(#2)              -       
    35     3.8707      129.11            -          L3-  .     .    (a, b)          (0, a)          P-1(#2)              -       
    36     4.0141      133.90            -          L3+  .     .    (a, 0)          (a, 0)          P-1(#2)              -       
    37     4.0141      133.90            -          L3+  .     .    (a, b)          (0, a)          P-1(#2)              -       
    38     4.0737      135.89            -          L2-  .     .    (a)             (a)             R-3m(#166)           -       
    39     4.2396      141.42            -          L1+  .     .    (a)             (a)             R-3m(#166)           -       
    40     4.6760      155.97            -          L3-  .     .    (a, 0)          (a, 0)          P-1(#2)              -       
    41     4.6760      155.97            -          L3-  .     .    (a, b)          (0, a)          P-1(#2)              -       
    42     4.6799      156.10            -          L3+  .     .    (a, 0)          (a, 0)          P-1(#2)              -       
    43     4.6799      156.10            -          L3+  .     .    (a, b)          (0, a)          P-1(#2)              -       
    44     4.7303      157.79            -          L2+  .     .    (a)             (a)             R-3c(#167)           -       
    45     4.8028      160.20            -          L1-  .     .    (a)             (a)             R-3c(#167)           -       
    46     4.9138      163.91            -          L3+  .     .    (a, 0)          (a, 0)          P-1(#2)              -       
    47     4.9138      163.91            -          L3+  .     .    (a, b)          (0, a)          P-1(#2)              -       
    48     5.0606      168.80            -          L3-  .     .    (a, 0)          (a, 0)          P-1(#2)              -       
    49     5.0606      168.80            -          L3-  .     .    (a, b)          (0, a)          P-1(#2)              -       
    50     5.0683      169.06            -          L1+  .     .    (a)             (a)             R-3m(#166)           -       
    51     5.0687      169.07            -          L2-  .     .    (a)             (a)             R-3m(#166)           -       
    52     5.1715      172.50            -          L3-  .     .    (a, 0)          (a, 0)          P-1(#2)              -       
    53     5.1715      172.50            -          L3-  .     .    (a, b)          (0, a)          P-1(#2)              -       
    54     5.2100      173.79            -          L3+  .     .    (a, 0)          (a, 0)          P-1(#2)              -       
    55     5.2100      173.79            -          L3+  .     .    (a, b)          (0, a)          P-1(#2)              -       
    56     5.3150      177.29            -          L2-  .     .    (a)             (a)             R-3m(#166)           -       
    57     5.3798      179.45            -          L3-  .     .    (a, 0)          (a, 0)          P-1(#2)              -       
    58     5.3798      179.45            -          L3-  .     .    (a, b)          (0, a)          P-1(#2)              -       
    59     5.4181      180.73            -          L3+  .     .    (a, 0)          (a, 0)          P-1(#2)              -       
    60     5.4181      180.73            -          L3+  .     .    (a, b)          (0, a)          P-1(#2)              -       
    61     5.6079      187.06            -          L1+  .     .    (a)             (a)             R-3m(#166)           -       
    62     5.7837      192.92            -          L1+  .     .    (a)             (a)             R-3m(#166)           -       
    63     5.8034      193.58            -          L2-  .     .    (a)             (a)             R-3m(#166)           -       
    64    10.1125      337.32            -          L1+  .     .    (a)             (a)             R-3m(#166)           -       
    65    10.1764      339.45            -          L2-  .     .    (a)             (a)             R-3m(#166)           -       
    66    10.1917      339.96            -          L3-  .     .    (a, 0)          (a, 0)          P-1(#2)              -       
    67    10.1917      339.96            -          L3-  .     .    (a, b)          (0, a)          P-1(#2)              -       
    68    10.2221      340.97            -          L3+  .     .    (a, 0)          (a, 0)          P-1(#2)              -       
    69    10.2221      340.97            -          L3+  .     .    (a, b)          (0, a)          P-1(#2)              -       
    70    10.2250      341.07            -          L1+  .     .    (a)             (a)             R-3m(#166)           -       
    71    10.2391      341.54            -          L2-  .     .    (a)             (a)             R-3m(#166)           -       
    72    10.6220      354.31            -          L1-  .     .    (a)             (a)             R-3c(#167)           -       
    73    10.6366      354.80            -          L3+  .     .    (a, 0)          (a, 0)          P-1(#2)              -       
    74    10.6366      354.80            -          L3+  .     .    (a, b)          (0, a)          P-1(#2)              -       
    75    10.6432      355.02            -          L2+  .     .    (a)             (a)             R-3c(#167)           -       
    76    10.7574      358.83            -          L3-  .     .    (a, 0)          (a, 0)          P-1(#2)              -       
    77    10.7574      358.83            -          L3-  .     .    (a, b)          (0, a)          P-1(#2)              -       
    78    11.1998      373.59            -          L3+  .     .    (a, 0)          (a, 0)          P-1(#2)              -       
    79    11.1998      373.59            -          L3+  .     .    (a, b)          (0, a)          P-1(#2)              -       
    80    11.3850      379.76            -          L1+  .     .    (a)             (a)             R-3m(#166)           -       
    81    11.4202      380.94            -          L3-  .     .    (a, 0)          (a, 0)          P-1(#2)              -       
    82    11.4202      380.94            -          L3-  .     .    (a, b)          (0, a)          P-1(#2)              -       
    83    11.6337      388.06            -          L3+  .     .    (a, 0)          (a, 0)          P-1(#2)              -       
    84    11.6337      388.06            -          L3+  .     .    (a, b)          (0, a)          P-1(#2)              -       
    85    11.6685      389.22            -          L3-  .     .    (a, 0)          (a, 0)          P-1(#2)              -       
    86    11.6685      389.22            -          L3-  .     .    (a, b)          (0, a)          P-1(#2)              -       
    87    11.8063      393.81            -          L2-  .     .    (a)             (a)             R-3m(#166)           -       
    88    12.7142      424.10            -          L3+  .     .    (a, 0)          (a, 0)          P-1(#2)              -       
    89    12.7142      424.10            -          L3+  .     .    (a, b)          (0, a)          P-1(#2)              -       
    90    12.7194      424.27            -          L3-  .     .    (a, 0)          (a, 0)          P-1(#2)              -       
    91    12.7194      424.27            -          L3-  .     .    (a, b)          (0, a)          P-1(#2)              -       
    92    12.8892      429.94            -          L1+  .     .    (a)             (a)             R-3m(#166)           -       
    93    12.9636      432.42            -          L2-  .     .    (a)             (a)             R-3m(#166)           -       
    94    13.2795      442.96            -          L1+  .     .    (a)             (a)             R-3m(#166)           -       
    95    13.3406      444.99            -          L2-  .     .    (a)             (a)             R-3m(#166)           -       


# Full-star domain OPDs
label      OPD(full star)                                Daughter SG          Chiral   order
L1-        (a; 0; 0; 0)                                  R-3c(#167)           -           48
L1-        (0; a; 0; 0)                                  R-3c(#167)           -           48
L1-        (0; 0; a; 0)                                  R-3c(#167)           -           48
L1-        (0; 0; 0; a)                                  R-3c(#167)           -           48
L1-        (a; a; a; a)                                  F-43c(#219)          -           24
L2-        (a; 0; 0; 0)                                  R-3m(#166)           -           48
L2-        (0; a; 0; 0)                                  R-3m(#166)           -           48
L2-        (0; 0; a; 0)                                  R-3m(#166)           -           48
L2-        (0; 0; 0; a)                                  R-3m(#166)           -           48
L2-        (a; a; a; a)                                  F-43m(#216)          -           24
L3-        (a, 0; 0, 0; 0, 0; 0, 0)                      P-1(#2)              -            8
L3-        (0, a; 0, 0; 0, 0; 0, 0)                      P-1(#2)              -            8
L3-        (0, 0; a, 0; 0, 0; 0, 0)                      P-1(#2)              -            8
L3-        (0, 0; 0, a; 0, 0; 0, 0)                      P-1(#2)              -            8
L3-        (0, 0; 0, 0; a, 0; 0, 0)                      P-1(#2)              -            8
L3-        (0, 0; 0, 0; 0, a; 0, 0)                      P-1(#2)              -            8
L3-        (0, 0; 0, 0; 0, 0; a, 0)                      P-1(#2)              -            8
L3-        (0, 0; 0, 0; 0, 0; 0, a)                      P-1(#2)              -            8
L3-        (a, 0; a, 0; a, 0; a, 0)                      F222(#22)            III          4
L3-        (0, a; 0, a; 0, a; 0, a)                      F222(#22)            III          4

# Verbose output for L

-------------------------------
  Irreducible representations
-------------------------------
q-point: [0.5 0.5 0.5]
Point group: -3m

Original symmetry operations:

        1               2               3               4       
 --------------  --------------  --------------  -------------- 
  1  0  0  0.00   0 -1  0  0.25   0  0  1  0.00   0  0 -1  0.25 
  0  1  0  0.00  -1  0  0  0.25   1  0  0  0.00   0 -1  0  0.25 
  0  0  1  0.00   0  0 -1  0.25   0  1  0  0.00  -1  0  0  0.25 

        5               6               7               8       
 --------------  --------------  --------------  -------------- 
  0  1  0  0.00  -1  0  0  0.25  -1  0  0  0.25   0  1  0  0.00 
  0  0  1  0.00   0  0 -1  0.25   0 -1  0  0.25   1  0  0  0.00 
  1  0  0  0.00   0 -1  0  0.25   0  0 -1  0.25   0  0  1  0.00 

        9              10              11              12       
 --------------  --------------  --------------  -------------- 
  0  0 -1  0.25   0  0  1  0.00   0 -1  0  0.25   1  0  0  0.00 
 -1  0  0  0.25   0  1  0  0.00   0  0 -1  0.25   0  0  1  0.00 
  0 -1  0  0.25   1  0  0  0.00  -1  0  0  0.25   0  1  0  0.00 

Transformation matrix:

 0.000  0.500  0.500
 0.500  0.000  0.500
 0.500  0.500  0.000

Rotation matrices after transformation matrix:

     1         2         3         4    
 --------  --------  --------  -------- 
  1  0  0   0 -1  0   0  0  1   0  0 -1 
  0  1  0  -1  0  0   1  0  0   0 -1  0 
  0  0  1   0  0 -1   0  1  0  -1  0  0 

     5         6         7         8    
 --------  --------  --------  -------- 
  0  1  0  -1  0  0  -1  0  0   0  1  0 
  0  0  1   0  0 -1   0 -1  0   1  0  0 
  1  0  0   0 -1  0   0  0 -1   0  0  1 

     9        10        11        12    
 --------  --------  --------  -------- 
  0  0 -1   0  0  1   0 -1  0   1  0  0 
 -1  0  0   0  1  0   0  0 -1   0  0  1 
  0 -1  0   1  0  0  -1  0  0   0  1  0 

Character table:

  1 (  -1.011): 
    ( 1,   0.0) ( 1, 135.0) ( 1,   0.0) ( 1, 135.0) ( 1,   0.0) ( 1, 135.0) 
    ( 1, 315.0) ( 1, 180.0) ( 1, 315.0) ( 1, 180.0) ( 1, 315.0) ( 1, 180.0) 

  2 (   0.228): 
    ( 2,   0.0) ( 0,   0.0) ( 1, 180.0) ( 0,   0.0) ( 1, 180.0) ( 0,   0.0) 
    ( 1, 315.0) ( 0,   0.0) ( 1, 135.0) ( 0,   0.0) ( 1, 135.0) ( 0,   0.0) 

  4 (   0.806): 
    ( 2,   0.0) ( 0,   0.0) ( 1, 180.0) ( 0,   0.0) ( 1, 180.0) ( 0,   0.0) 
    ( 1, 315.0) ( 0,   0.0) ( 1, 135.0) ( 0,   0.0) ( 1, 135.0) ( 0,   0.0) 

  6 (   0.932): 
    ( 2,   0.0) ( 0,   0.0) ( 1, 180.0) ( 0,   0.0) ( 1, 180.0) ( 0,   0.0) 
    ( 1, 315.0) ( 0,   0.0) ( 0, 135.0) ( 0,   0.0) ( 0, 135.0) ( 0,   0.0) 

  8 (   1.120): 
    ( 1,   0.0) ( 0, 135.0) ( 1,   0.0) ( 0, 135.0) ( 1,   0.0) ( 0, 135.0) 
    ( 0, 135.0) ( 1,   0.0) ( 0, 135.0) ( 1,   0.0) ( 0, 135.0) ( 1,   0.0) 

  9 (   1.181): 
    ( 2,   0.0) ( 0,   0.0) ( 1, 180.0) ( 0,   0.0) ( 1, 180.0) ( 0,   0.0) 
    ( 1, 315.0) ( 0,   0.0) ( 1, 135.0) ( 0,   0.0) ( 1, 135.0) ( 0,   0.0) 

 11 (   1.406): 
    ( 2,   0.0) ( 0,   0.0) ( 1, 180.0) ( 0,   0.0) ( 1, 180.0) ( 0,   0.0) 
    ( 1, 315.0) ( 0,   0.0) ( 1, 135.0) ( 0,   0.0) ( 1, 135.0) ( 0,   0.0) 

 13 (   1.437): 
    ( 1,   0.0) ( 0, 315.0) ( 1,   0.0) ( 0, 315.0) ( 1,   0.0) ( 0, 315.0) 
    ( 0, 315.0) ( 1,   0.0) ( 0, 315.0) ( 1,   0.0) ( 0, 315.0) ( 1,   0.0) 

 14 (   1.531): 
    ( 1,   0.0) ( 0, 135.0) ( 1,   0.0) ( 0, 135.0) ( 1,   0.0) ( 0, 135.0) 
    ( 0, 315.0) ( 1, 180.0) ( 0, 315.0) ( 1, 180.0) ( 0, 315.0) ( 1, 180.0) 

 15 (   1.801): 
    ( 2,   0.0) ( 0,   0.0) ( 1, 180.0) ( 0,   0.0) ( 1, 180.0) ( 0,   0.0) 
    ( 1, 315.0) ( 0,   0.0) ( 0, 135.0) ( 0,   0.0) ( 0, 135.0) ( 0,   0.0) 

 17 (   1.813): 
    ( 1,   0.0) ( 1, 315.0) ( 1,   0.0) ( 1, 315.0) ( 1,   0.0) ( 1, 315.0) 
    ( 1, 315.0) ( 1,   0.0) ( 1, 315.0) ( 1,   0.0) ( 1, 315.0) ( 1,   0.0) 

 18 (   1.949): 
    ( 1,   0.0) ( 1, 315.0) ( 1,   0.0) ( 1, 315.0) ( 1,   0.0) ( 1, 315.0) 
    ( 1, 135.0) ( 1, 180.0) ( 1, 135.0) ( 1, 180.0) ( 1, 135.0) ( 1, 180.0) 

 19 (   1.995): 
    ( 2,   0.0) ( 0,   0.0) ( 1, 180.0) ( 0,   0.0) ( 1, 180.0) ( 0,   0.0) 
    ( 0, 315.0) ( 0,   0.0) ( 0, 135.0) ( 0,   0.0) ( 0, 135.0) ( 0,   0.0) 

 21 (   2.171): 
    ( 1,   0.0) ( 1, 315.0) ( 1,   0.0) ( 1, 315.0) ( 1,   0.0) ( 1, 315.0) 
    ( 1, 315.0) ( 1,   0.0) ( 1, 315.0) ( 1,   0.0) ( 1, 315.0) ( 1,   0.0) 

 22 (   2.184): 
    ( 2,   0.0) ( 0,   0.0) ( 1, 180.0) ( 0,   0.0) ( 1, 180.0) ( 0,   0.0) 
    ( 0, 315.0) ( 0,   0.0) ( 0, 135.0) ( 0,   0.0) ( 0, 135.0) ( 0,   0.0) 

 24 (   2.700): 
    ( 1,   0.0) ( 1, 315.0) ( 1,   0.0) ( 1, 315.0) ( 1,   0.0) ( 1, 315.0) 
    ( 1, 315.0) ( 1,   0.0) ( 1, 315.0) ( 1,   0.0) ( 1, 315.0) ( 1,   0.0) 

 25 (   2.719): 
    ( 1,   0.0) ( 0, 315.0) ( 1,   0.0) ( 0, 315.0) ( 1,   0.0) ( 0, 315.0) 
    ( 0, 135.0) ( 1, 180.0) ( 0, 135.0) ( 1, 180.0) ( 0, 135.0) ( 1, 180.0) 

 26 (   2.817): 
    ( 2,   0.0) ( 0,   0.0) ( 1, 180.0) ( 0,   0.0) ( 1, 180.0) ( 0,   0.0) 
    ( 1, 315.0) ( 0,   0.0) ( 0, 135.0) ( 0,   0.0) ( 0, 135.0) ( 0,   0.0) 

 28 (   2.906): 
    ( 1,   0.0) ( 1, 135.0) ( 1,   0.0) ( 1, 135.0) ( 1,   0.0) ( 1, 135.0) 
    ( 1, 315.0) ( 1, 180.0) ( 1, 315.0) ( 1, 180.0) ( 1, 315.0) ( 1, 180.0) 

 29 (   2.913): 
    ( 2,   0.0) ( 0,   0.0) ( 1, 180.0) ( 0,   0.0) ( 1, 180.0) ( 0,   0.0) 
    ( 0, 135.0) ( 0,   0.0) ( 0, 315.0) ( 0,   0.0) ( 0, 315.0) ( 0,   0.0) 

 31 (   2.992): 
    ( 2,   0.0) ( 0,   0.0) ( 1, 180.0) ( 0,   0.0) ( 1, 180.0) ( 0,   0.0) 
    ( 1, 315.0) ( 0,   0.0) ( 0, 135.0) ( 0,   0.0) ( 0, 135.0) ( 0,   0.0) 

 33 (   3.054): 
    ( 2,   0.0) ( 0,   0.0) ( 1, 180.0) ( 0,   0.0) ( 1, 180.0) ( 0,   0.0) 
    ( 1, 135.0) ( 0,   0.0) ( 0, 315.0) ( 0,   0.0) ( 0, 315.0) ( 0,   0.0) 

 35 (   3.871): 
    ( 2,   0.0) ( 0,   0.0) ( 1, 180.0) ( 0,   0.0) ( 1, 180.0) ( 0,   0.0) 
    ( 1, 315.0) ( 0,   0.0) ( 0, 135.0) ( 0,   0.0) ( 0, 135.0) ( 0,   0.0) 

 37 (   4.014): 
    ( 2,   0.0) ( 0,   0.0) ( 1, 180.0) ( 0,   0.0) ( 1, 180.0) ( 0,   0.0) 
    ( 0, 135.0) ( 0,   0.0) ( 0, 315.0) ( 0,   0.0) ( 0, 315.0) ( 0,   0.0) 

 39 (   4.074): 
    ( 1,   0.0) ( 0, 315.0) ( 1,   0.0) ( 0, 315.0) ( 1,   0.0) ( 0, 315.0) 
    ( 0, 315.0) ( 1,   0.0) ( 0, 315.0) ( 1,   0.0) ( 0, 315.0) ( 1,   0.0) 

 40 (   4.240): 
    ( 1,   0.0) ( 0, 315.0) ( 1,   0.0) ( 0, 315.0) ( 1,   0.0) ( 0, 315.0) 
    ( 0, 315.0) ( 1,   0.0) ( 0, 315.0) ( 1,   0.0) ( 0, 315.0) ( 1,   0.0) 

 41 (   4.676): 
    ( 2,   0.0) ( 0,   0.0) ( 1, 180.0) ( 0,   0.0) ( 1, 180.0) ( 0,   0.0) 
    ( 0, 135.0) ( 0,   0.0) ( 0, 315.0) ( 0,   0.0) ( 0, 315.0) ( 0,   0.0) 

 43 (   4.680): 
    ( 2,   0.0) ( 0,   0.0) ( 1, 180.0) ( 0,   0.0) ( 1, 180.0) ( 0,   0.0) 
    ( 1, 315.0) ( 0,   0.0) ( 0, 135.0) ( 0,   0.0) ( 0, 135.0) ( 0,   0.0) 

 45 (   4.730): 
    ( 1,   0.0) ( 0, 135.0) ( 1,   0.0) ( 0, 135.0) ( 1,   0.0) ( 0, 135.0) 
    ( 0, 315.0) ( 1, 180.0) ( 0, 315.0) ( 1, 180.0) ( 0, 315.0) ( 1, 180.0) 

 46 (   4.803): 
    ( 1,   0.0) ( 0, 315.0) ( 1,   0.0) ( 0, 315.0) ( 1,   0.0) ( 0, 315.0) 
    ( 0, 135.0) ( 1, 180.0) ( 0, 135.0) ( 1, 180.0) ( 0, 135.0) ( 1, 180.0) 

 47 (   4.914): 
    ( 2,   0.0) ( 0,   0.0) ( 1, 180.0) ( 0,   0.0) ( 1, 180.0) ( 0,   0.0) 
    ( 0, 315.0) ( 0,   0.0) ( 0, 135.0) ( 0,   0.0) ( 0, 135.0) ( 0,   0.0) 

 49 (   5.061): 
    ( 2,   0.0) ( 0,   0.0) ( 1, 180.0) ( 0,   0.0) ( 1, 180.0) ( 0,   0.0) 
    ( 0, 315.0) ( 0,   0.0) ( 0, 135.0) ( 0,   0.0) ( 0, 135.0) ( 0,   0.0) 

 51 (   5.068): 
    ( 1,   0.0) ( 0, 315.0) ( 1,   0.0) ( 0, 315.0) ( 1,   0.0) ( 0, 315.0) 
    ( 0, 315.0) ( 1,   0.0) ( 0, 315.0) ( 1,   0.0) ( 0, 315.0) ( 1,   0.0) 

 52 (   5.069): 
    ( 1,   0.0) ( 0, 315.0) ( 1,   0.0) ( 0, 315.0) ( 1,   0.0) ( 0, 315.0) 
    ( 0, 315.0) ( 1,   0.0) ( 0, 315.0) ( 1,   0.0) ( 0, 315.0) ( 1,   0.0) 

 53 (   5.171): 
    ( 2,   0.0) ( 0,   0.0) ( 1, 180.0) ( 0,   0.0) ( 1, 180.0) ( 0,   0.0) 
    ( 0, 135.0) ( 0,   0.0) ( 0, 315.0) ( 0,   0.0) ( 0, 315.0) ( 0,   0.0) 

 55 (   5.210): 
    ( 2,   0.0) ( 0,   0.0) ( 1, 180.0) ( 0,   0.0) ( 1, 180.0) ( 0,   0.0) 
    ( 1, 315.0) ( 0,   0.0) ( 0, 135.0) ( 0,   0.0) ( 0, 135.0) ( 0,   0.0) 

 57 (   5.315): 
    ( 1,   0.0) ( 0, 135.0) ( 1,   0.0) ( 0, 135.0) ( 1,   0.0) ( 0, 135.0) 
    ( 0, 135.0) ( 1,   0.0) ( 0, 135.0) ( 1,   0.0) ( 0, 135.0) ( 1,   0.0) 

 58 (   5.380): 
    ( 2,   0.0) ( 0,   0.0) ( 1, 180.0) ( 0,   0.0) ( 1, 180.0) ( 0,   0.0) 
    ( 0, 135.0) ( 0,   0.0) ( 0, 315.0) ( 0,   0.0) ( 0, 315.0) ( 0,   0.0) 

 60 (   5.418): 
    ( 2,   0.0) ( 0,   0.0) ( 1, 180.0) ( 0,   0.0) ( 1, 180.0) ( 0,   0.0) 
    ( 0, 135.0) ( 0,   0.0) ( 0, 315.0) ( 0,   0.0) ( 0, 315.0) ( 0,   0.0) 

 62 (   5.608): 
    ( 1,   0.0) ( 0, 315.0) ( 1,   0.0) ( 0, 315.0) ( 1,   0.0) ( 0, 315.0) 
    ( 0, 315.0) ( 1,   0.0) ( 0, 315.0) ( 1,   0.0) ( 0, 315.0) ( 1,   0.0) 

 63 (   5.784): 
    ( 1,   0.0) ( 0, 135.0) ( 1,   0.0) ( 0, 135.0) ( 1,   0.0) ( 0, 135.0) 
    ( 0, 135.0) ( 1,   0.0) ( 0, 135.0) ( 1,   0.0) ( 0, 135.0) ( 1,   0.0) 

 64 (   5.803): 
    ( 1,   0.0) ( 0, 315.0) ( 1,   0.0) ( 0, 315.0) ( 1,   0.0) ( 0, 315.0) 
    ( 0, 315.0) ( 1,   0.0) ( 0, 315.0) ( 1,   0.0) ( 0, 315.0) ( 1,   0.0) 

 65 (  10.113): 
    ( 1,   0.0) ( 0, 135.0) ( 1,   0.0) ( 0, 135.0) ( 1,   0.0) ( 0, 135.0) 
    ( 0, 135.0) ( 1,   0.0) ( 0, 135.0) ( 1,   0.0) ( 0, 135.0) ( 1,   0.0) 

 66 (  10.176): 
    ( 1,   0.0) ( 0, 315.0) ( 1,   0.0) ( 0, 315.0) ( 1,   0.0) ( 0, 315.0) 
    ( 0, 315.0) ( 1,   0.0) ( 0, 315.0) ( 1,   0.0) ( 0, 315.0) ( 1,   0.0) 

 67 (  10.192): 
    ( 2,   0.0) ( 0,   0.0) ( 1, 180.0) ( 0,   0.0) ( 1, 180.0) ( 0,   0.0) 
    ( 1, 315.0) ( 0,   0.0) ( 0, 135.0) ( 0,   0.0) ( 0, 135.0) ( 0,   0.0) 

 69 (  10.222): 
    ( 2,   0.0) ( 0,   0.0) ( 1, 180.0) ( 0,   0.0) ( 1, 180.0) ( 0,   0.0) 
    ( 0, 135.0) ( 0,   0.0) ( 0, 315.0) ( 0,   0.0) ( 0, 315.0) ( 0,   0.0) 

 71 (  10.225): 
    ( 1,   0.0) ( 1, 135.0) ( 1,   0.0) ( 1, 135.0) ( 1,   0.0) ( 1, 135.0) 
    ( 1, 135.0) ( 1,   0.0) ( 1, 135.0) ( 1,   0.0) ( 1, 135.0) ( 1,   0.0) 

 72 (  10.239): 
    ( 1,   0.0) ( 0, 315.0) ( 1,   0.0) ( 0, 315.0) ( 1,   0.0) ( 0, 315.0) 
    ( 0, 315.0) ( 1,   0.0) ( 0, 315.0) ( 1,   0.0) ( 0, 315.0) ( 1,   0.0) 

 73 (  10.622): 
    ( 1,   0.0) ( 0, 315.0) ( 1,   0.0) ( 0, 315.0) ( 1,   0.0) ( 0, 315.0) 
    ( 0, 135.0) ( 1, 180.0) ( 0, 135.0) ( 1, 180.0) ( 0, 135.0) ( 1, 180.0) 

 74 (  10.637): 
    ( 2,   0.0) ( 0,   0.0) ( 1, 180.0) ( 0,   0.0) ( 1, 180.0) ( 0,   0.0) 
    ( 1, 135.0) ( 0,   0.0) ( 1, 315.0) ( 0,   0.0) ( 1, 315.0) ( 0,   0.0) 

 76 (  10.643): 
    ( 1,   0.0) ( 0, 135.0) ( 1,   0.0) ( 0, 135.0) ( 1,   0.0) ( 0, 135.0) 
    ( 0, 315.0) ( 1, 180.0) ( 0, 315.0) ( 1, 180.0) ( 0, 315.0) ( 1, 180.0) 

 77 (  10.757): 
    ( 2,   0.0) ( 0,   0.0) ( 1, 180.0) ( 0,   0.0) ( 1, 180.0) ( 0,   0.0) 
    ( 1, 315.0) ( 0,   0.0) ( 1, 135.0) ( 0,   0.0) ( 1, 135.0) ( 0,   0.0) 

 79 (  11.200): 
    ( 2,   0.0) ( 0,   0.0) ( 1, 180.0) ( 0,   0.0) ( 1, 180.0) ( 0,   0.0) 
    ( 1, 135.0) ( 0,   0.0) ( 0, 315.0) ( 0,   0.0) ( 0, 315.0) ( 0,   0.0) 

 81 (  11.385): 
    ( 1,   0.0) ( 1, 135.0) ( 1,   0.0) ( 1, 135.0) ( 1,   0.0) ( 1, 135.0) 
    ( 1, 135.0) ( 1,   0.0) ( 1, 135.0) ( 1,   0.0) ( 1, 135.0) ( 1,   0.0) 

 82 (  11.420): 
    ( 2,   0.0) ( 0,   0.0) ( 1, 180.0) ( 0,   0.0) ( 1, 180.0) ( 0,   0.0) 
    ( 0, 315.0) ( 0,   0.0) ( 0, 135.0) ( 0,   0.0) ( 0, 135.0) ( 0,   0.0) 

 84 (  11.634): 
    ( 2,   0.0) ( 0,   0.0) ( 1, 180.0) ( 0,   0.0) ( 1, 180.0) ( 0,   0.0) 
    ( 0, 135.0) ( 0,   0.0) ( 0, 315.0) ( 0,   0.0) ( 0, 315.0) ( 0,   0.0) 

 86 (  11.668): 
    ( 2,   0.0) ( 0,   0.0) ( 1, 180.0) ( 0,   0.0) ( 1, 180.0) ( 0,   0.0) 
    ( 1, 315.0) ( 0,   0.0) ( 0, 135.0) ( 0,   0.0) ( 0, 135.0) ( 0,   0.0) 

 88 (  11.806): 
    ( 1,   0.0) ( 1, 315.0) ( 1,   0.0) ( 1, 315.0) ( 1,   0.0) ( 1, 315.0) 
    ( 1, 315.0) ( 1,   0.0) ( 1, 315.0) ( 1,   0.0) ( 1, 315.0) ( 1,   0.0) 

 89 (  12.714): 
    ( 2,   0.0) ( 0,   0.0) ( 1, 180.0) ( 0,   0.0) ( 1, 180.0) ( 0,   0.0) 
    ( 0, 315.0) ( 0,   0.0) ( 0, 135.0) ( 0,   0.0) ( 0, 135.0) ( 0,   0.0) 

 91 (  12.719): 
    ( 2,   0.0) ( 0,   0.0) ( 1, 180.0) ( 0,   0.0) ( 1, 180.0) ( 0,   0.0) 
    ( 0, 135.0) ( 0,   0.0) ( 0, 315.0) ( 0,   0.0) ( 0, 315.0) ( 0,   0.0) 

 93 (  12.889): 
    ( 1,   0.0) ( 0, 315.0) ( 1,   0.0) ( 0, 315.0) ( 1,   0.0) ( 0, 315.0) 
    ( 0, 315.0) ( 1,   0.0) ( 0, 315.0) ( 1,   0.0) ( 0, 315.0) ( 1,   0.0) 

 94 (  12.964): 
    ( 1,   0.0) ( 0, 135.0) ( 1,   0.0) ( 0, 135.0) ( 1,   0.0) ( 0, 135.0) 
    ( 0, 135.0) ( 1,   0.0) ( 0, 135.0) ( 1,   0.0) ( 0, 135.0) ( 1,   0.0) 

 95 (  13.279): 
    ( 1,   0.0) ( 0, 315.0) ( 1,   0.0) ( 0, 315.0) ( 1,   0.0) ( 0, 315.0) 
    ( 0, 315.0) ( 1,   0.0) ( 0, 315.0) ( 1,   0.0) ( 0, 315.0) ( 1,   0.0) 

 96 (  13.341): 
    ( 1,   0.0) ( 0, 135.0) ( 1,   0.0) ( 0, 135.0) ( 1,   0.0) ( 0, 135.0) 
    ( 0, 135.0) ( 1,   0.0) ( 0, 135.0) ( 1,   0.0) ( 0, 135.0) ( 1,   0.0) 

IR representations:

  1 (  -1.011):

      1 ( 1.000 -0.000i) 
      2 (-0.492 +0.492i) 
      3 ( 1.000 +0.000i) 
      4 (-0.492 +0.492i) 
      5 ( 1.000 +0.000i) 
      6 (-0.492 +0.492i) 
      7 ( 0.492 -0.492i) 
      8 (-1.000 -0.000i) 
      9 ( 0.492 -0.492i) 
     10 (-1.000 -0.000i) 
     11 ( 0.492 -0.492i) 
     12 (-1.000 -0.000i) 

  2 (   0.228):

      1 ( 1.000 -0.000i)  ( 0.000 -0.000i) 
        ( 0.000 +0.000i)  ( 1.000 -0.000i) 

      2 ( 0.315 -0.315i)  ( 0.070 -0.372i) 
        ( 0.372 -0.070i)  (-0.315 +0.315i) 

      3 (-0.500 +0.000i)  ( 0.715 -0.489i) 
        (-0.715 -0.489i)  (-0.500 -0.000i) 

      4 ( 0.074 -0.074i)  (-0.106 +0.565i) 
        (-0.565 +0.106i)  (-0.074 +0.074i) 

      5 (-0.500 -0.000i)  (-0.715 +0.489i) 
        ( 0.715 +0.489i)  (-0.500 +0.000i) 

      6 (-0.389 +0.389i)  ( 0.036 -0.194i) 
        ( 0.194 -0.036i)  ( 0.389 -0.389i) 

      7 ( 0.413 -0.413i)  (-0.000 +0.000i) 
        (-0.000 +0.000i)  ( 0.413 -0.413i) 

      8 ( 0.763 -0.000i)  ( 0.534 -0.365i) 
        ( 0.534 +0.365i)  (-0.763 -0.000i) 

      9 (-0.207 +0.207i)  ( 0.094 -0.498i) 
        (-0.498 +0.094i)  (-0.207 +0.207i) 

     10 ( 0.179 -0.000i)  (-0.812 +0.555i) 
        (-0.812 -0.555i)  (-0.179 -0.000i) 

     11 (-0.207 +0.207i)  (-0.094 +0.498i) 
        ( 0.498 -0.094i)  (-0.207 +0.207i) 

     12 (-0.941 -0.000i)  ( 0.278 -0.190i) 
        ( 0.278 +0.190i)  ( 0.941 -0.000i) 

  4 (   0.806):

      1 ( 1.000 -0.000i)  ( 0.000 -0.000i) 
        ( 0.000 +0.000i)  ( 1.000 +0.000i) 

      2 ( 0.022 -0.022i)  (-0.307 +0.408i) 
        (-0.408 +0.307i)  (-0.022 +0.022i) 

      3 (-0.500 -0.000i)  (-0.858 +0.121i) 
        ( 0.858 +0.121i)  (-0.500 +0.000i) 

      4 ( 0.302 -0.302i)  ( 0.170 -0.226i) 
        ( 0.226 -0.170i)  (-0.302 +0.302i) 

      5 (-0.500 +0.000i)  ( 0.858 -0.121i) 
        (-0.858 -0.121i)  (-0.500 -0.000i) 

      6 (-0.324 +0.324i)  ( 0.137 -0.183i) 
        ( 0.183 -0.137i)  ( 0.324 -0.324i) 

      7 ( 0.362 -0.362i)  (-0.000 -0.000i) 
        ( 0.000 +0.000i)  ( 0.362 -0.362i) 

      8 ( 0.061 -0.000i)  (-0.988 +0.140i) 
        (-0.988 -0.140i)  (-0.061 +0.000i) 

      9 (-0.181 +0.181i)  (-0.267 +0.354i) 
        ( 0.354 -0.267i)  (-0.181 +0.181i) 

     10 ( 0.834 +0.000i)  ( 0.546 -0.077i) 
        ( 0.546 +0.077i)  (-0.834 -0.000i) 

     11 (-0.181 +0.181i)  ( 0.267 -0.354i) 
        (-0.354 +0.267i)  (-0.181 +0.181i) 

     12 (-0.895 -0.000i)  ( 0.442 -0.062i) 
        ( 0.442 +0.062i)  ( 0.895 -0.000i) 

  6 (   0.932):

      1 ( 1.000 -0.000i)  (-0.000 +0.000i) 
        (-0.000 -0.000i)  ( 1.000 -0.000i) 

      2 (-0.335 +0.335i)  ( 0.006 -0.021i) 
        ( 0.021 -0.006i)  ( 0.335 -0.335i) 

      3 (-0.500 -0.000i)  ( 0.765 -0.406i) 
        (-0.765 -0.406i)  (-0.500 +0.000i) 

      4 ( 0.181 -0.181i)  ( 0.117 -0.382i) 
        ( 0.382 -0.117i)  (-0.181 +0.181i) 

      5 (-0.500 +0.000i)  (-0.765 +0.406i) 
        ( 0.765 +0.406i)  (-0.500 -0.000i) 

      6 ( 0.154 -0.154i)  (-0.124 +0.403i) 
        (-0.403 +0.124i)  (-0.154 +0.154i) 

      7 ( 0.336 -0.336i)  (-0.000 -0.000i) 
        ( 0.000 +0.000i)  ( 0.336 -0.336i) 

      8 (-0.999 -0.000i)  ( 0.040 -0.021i) 
        ( 0.040 +0.021i)  ( 0.999 +0.000i) 

      9 (-0.168 +0.168i)  ( 0.120 -0.393i) 
        (-0.393 +0.120i)  (-0.168 +0.168i) 

     10 ( 0.539 +0.000i)  ( 0.744 -0.395i) 
        ( 0.744 +0.395i)  (-0.539 +0.000i) 

     11 (-0.168 +0.168i)  (-0.120 +0.393i) 
        ( 0.393 -0.120i)  (-0.168 +0.168i) 

     12 ( 0.460 -0.000i)  (-0.784 +0.416i) 
        (-0.784 -0.416i)  (-0.460 -0.000i) 

  8 (   1.120):

      1 ( 1.000 -0.000i) 
      2 (-0.042 +0.042i) 
      3 ( 1.000 -0.000i) 
      4 (-0.042 +0.042i) 
      5 ( 1.000 -0.000i) 
      6 (-0.042 +0.042i) 
      7 (-0.042 +0.042i) 
      8 ( 1.000 +0.000i) 
      9 (-0.042 +0.042i) 
     10 ( 1.000 -0.000i) 
     11 (-0.042 +0.042i) 
     12 ( 1.000 +0.000i) 

  9 (   1.181):

      1 ( 1.000 -0.000i)  (-0.000 -0.000i) 
        (-0.000 +0.000i)  ( 1.000 -0.000i) 

      2 (-0.258 +0.258i)  (-0.562 +0.165i) 
        (-0.165 +0.562i)  ( 0.258 -0.258i) 

      3 (-0.500 +0.000i)  ( 0.760 +0.415i) 
        (-0.760 +0.415i)  (-0.500 -0.000i) 

      4 (-0.229 +0.229i)  ( 0.584 -0.171i) 
        ( 0.171 -0.584i)  ( 0.229 -0.229i) 

      5 (-0.500 -0.000i)  (-0.760 -0.415i) 
        ( 0.760 -0.415i)  (-0.500 +0.000i) 

      6 ( 0.487 -0.487i)  (-0.022 +0.007i) 
        (-0.007 +0.022i)  (-0.487 +0.487i) 

      7 ( 0.488 -0.488i)  ( 0.000 +0.000i) 
        (-0.000 -0.000i)  ( 0.488 -0.488i) 

      8 (-0.529 -0.000i)  (-0.745 -0.407i) 
        (-0.745 +0.407i)  ( 0.529 -0.000i) 

      9 (-0.244 +0.244i)  ( 0.573 -0.168i) 
        (-0.168 +0.573i)  (-0.244 +0.244i) 

     10 (-0.470 -0.000i)  ( 0.774 +0.423i) 
        ( 0.774 -0.423i)  ( 0.470 -0.000i) 

     11 (-0.244 +0.244i)  (-0.573 +0.168i) 
        ( 0.168 -0.573i)  (-0.244 +0.244i) 

     12 ( 0.999 -0.000i)  (-0.030 -0.016i) 
        (-0.030 +0.016i)  (-0.999 +0.000i) 

 11 (   1.406):

      1 ( 1.000 -0.000i)  ( 0.000 -0.000i) 
        ( 0.000 +0.000i)  ( 1.000 -0.000i) 

      2 (-0.299 +0.299i)  ( 0.333 -0.167i) 
        ( 0.167 -0.333i)  ( 0.299 -0.299i) 

      3 (-0.500 +0.000i)  (-0.822 -0.272i) 
        ( 0.822 -0.272i)  (-0.500 -0.000i) 

      4 (-0.079 +0.079i)  (-0.494 +0.248i) 
        (-0.248 +0.494i)  ( 0.079 -0.079i) 

      5 (-0.500 -0.000i)  ( 0.822 +0.272i) 
        (-0.822 +0.272i)  (-0.500 +0.000i) 

      6 ( 0.378 -0.378i)  ( 0.161 -0.081i) 
        ( 0.081 -0.161i)  (-0.378 +0.378i) 

      7 ( 0.399 -0.399i)  ( 0.000 -0.000i) 
        ( 0.000 -0.000i)  ( 0.399 -0.399i) 

      8 (-0.750 -0.000i)  ( 0.628 +0.208i) 
        ( 0.628 -0.208i)  ( 0.750 +0.000i) 

      9 (-0.199 +0.199i)  (-0.436 +0.219i) 
        ( 0.219 -0.436i)  (-0.199 +0.199i) 

     10 (-0.198 -0.000i)  (-0.930 -0.308i) 
        (-0.930 +0.308i)  ( 0.198 -0.000i) 

     11 (-0.199 +0.199i)  ( 0.436 -0.219i) 
        (-0.219 +0.436i)  (-0.199 +0.199i) 

     12 ( 0.948 +0.000i)  ( 0.303 +0.100i) 
        ( 0.303 -0.100i)  (-0.948 -0.000i) 

 13 (   1.437):

      1 ( 1.000 -0.000i) 
      2 ( 0.178 -0.178i) 
      3 ( 1.000 -0.000i) 
      4 ( 0.178 -0.178i) 
      5 ( 1.000 +0.000i) 
      6 ( 0.178 -0.178i) 
      7 ( 0.178 -0.178i) 
      8 ( 1.000 -0.000i) 
      9 ( 0.178 -0.178i) 
     10 ( 1.000 +0.000i) 
     11 ( 0.178 -0.178i) 
     12 ( 1.000 -0.000i) 

 14 (   1.531):

      1 ( 1.000 -0.000i) 
      2 (-0.305 +0.305i) 
      3 ( 1.000 -0.000i) 
      4 (-0.305 +0.305i) 
      5 ( 1.000 -0.000i) 
      6 (-0.305 +0.305i) 
      7 ( 0.305 -0.305i) 
      8 (-1.000 -0.000i) 
      9 ( 0.305 -0.305i) 
     10 (-1.000 +0.000i) 
     11 ( 0.305 -0.305i) 
     12 (-1.000 -0.000i) 

 15 (   1.801):

      1 ( 1.000 -0.000i)  ( 0.000 +0.000i) 
        ( 0.000 -0.000i)  ( 1.000 -0.000i) 

      2 ( 0.008 -0.008i)  (-0.437 -0.118i) 
        ( 0.118 +0.437i)  (-0.008 +0.008i) 

      3 (-0.500 -0.000i)  ( 0.432 +0.751i) 
        (-0.432 +0.751i)  (-0.500 +0.000i) 

      4 (-0.281 +0.281i)  ( 0.210 +0.056i) 
        (-0.056 -0.210i)  ( 0.281 -0.281i) 

      5 (-0.500 +0.000i)  (-0.432 -0.751i) 
        ( 0.432 -0.751i)  (-0.500 -0.000i) 

      6 ( 0.274 -0.274i)  ( 0.228 +0.061i) 
        (-0.061 -0.228i)  (-0.274 +0.274i) 

      7 ( 0.320 -0.320i)  (-0.000 +0.000i) 
        (-0.000 +0.000i)  ( 0.320 -0.320i) 

      8 ( 0.024 -0.000i)  (-0.499 -0.866i) 
        (-0.499 +0.866i)  (-0.024 +0.000i) 

      9 (-0.160 +0.160i)  ( 0.379 +0.102i) 
        ( 0.102 +0.379i)  (-0.160 +0.160i) 

     10 (-0.878 +0.000i)  ( 0.239 +0.415i) 
        ( 0.239 -0.415i)  ( 0.878 -0.000i) 

     11 (-0.160 +0.160i)  (-0.379 -0.102i) 
        (-0.102 -0.379i)  (-0.160 +0.160i) 

     12 ( 0.854 -0.000i)  ( 0.260 +0.451i) 
        ( 0.260 -0.451i)  (-0.854 -0.000i) 

 17 (   1.813):

      1 ( 1.000 -0.000i) 
      2 ( 0.671 -0.671i) 
      3 ( 1.000 -0.000i) 
      4 ( 0.671 -0.671i) 
      5 ( 1.000 -0.000i) 
      6 ( 0.671 -0.671i) 
      7 ( 0.671 -0.671i) 
      8 ( 1.000 -0.000i) 
      9 ( 0.671 -0.671i) 
     10 ( 1.000 -0.000i) 
     11 ( 0.671 -0.671i) 
     12 ( 1.000 -0.000i) 

 18 (   1.949):

      1 ( 1.000 -0.000i) 
      2 ( 0.460 -0.460i) 
      3 ( 1.000 +0.000i) 
      4 ( 0.460 -0.460i) 
      5 ( 1.000 -0.000i) 
      6 ( 0.460 -0.460i) 
      7 (-0.460 +0.460i) 
      8 (-1.000 +0.000i) 
      9 (-0.460 +0.460i) 
     10 (-1.000 +0.000i) 
     11 (-0.460 +0.460i) 
     12 (-1.000 +0.000i) 

 19 (   1.995):

      1 ( 1.000 -0.000i)  ( 0.000 +0.000i) 
        ( 0.000 -0.000i)  ( 1.000 -0.000i) 

      2 (-0.071 +0.071i)  ( 0.021 +0.071i) 
        (-0.071 -0.021i)  ( 0.071 -0.071i) 

      3 (-0.500 -0.000i)  ( 0.410 -0.763i) 
        (-0.410 -0.763i)  (-0.500 +0.000i) 

      4 (-0.010 +0.010i)  (-0.036 -0.119i) 
        ( 0.119 +0.036i)  ( 0.010 -0.010i) 

      5 (-0.500 +0.000i)  (-0.410 +0.763i) 
        ( 0.410 +0.763i)  (-0.500 -0.000i) 

      6 ( 0.081 -0.081i)  ( 0.014 +0.048i) 
        (-0.048 -0.014i)  (-0.081 +0.081i) 

      7 ( 0.088 -0.088i)  (-0.000 +0.000i) 
        (-0.000 +0.000i)  ( 0.088 -0.088i) 

      8 (-0.803 +0.000i)  (-0.282 +0.524i) 
        (-0.282 -0.524i)  ( 0.803 +0.000i) 

      9 (-0.044 +0.044i)  (-0.031 -0.104i) 
        (-0.104 -0.031i)  (-0.044 +0.044i) 

     10 (-0.114 +0.000i)  ( 0.471 -0.875i) 
        ( 0.471 +0.875i)  ( 0.114 +0.000i) 

     11 (-0.044 +0.044i)  ( 0.031 +0.104i) 
        ( 0.104 +0.031i)  (-0.044 +0.044i) 

     12 ( 0.917 +0.000i)  (-0.189 +0.350i) 
        (-0.189 -0.350i)  (-0.917 -0.000i) 

 21 (   2.171):

      1 ( 1.000 -0.000i) 
      2 ( 0.574 -0.574i) 
      3 ( 1.000 -0.000i) 
      4 ( 0.574 -0.574i) 
      5 ( 1.000 -0.000i) 
      6 ( 0.574 -0.574i) 
      7 ( 0.574 -0.574i) 
      8 ( 1.000 -0.000i) 
      9 ( 0.574 -0.574i) 
     10 ( 1.000 -0.000i) 
     11 ( 0.574 -0.574i) 
     12 ( 1.000 -0.000i) 

 22 (   2.184):

      1 ( 1.000 -0.000i)  (-0.000 +0.000i) 
        (-0.000 -0.000i)  ( 1.000 -0.000i) 

      2 (-0.003 +0.003i)  ( 0.075 -0.025i) 
        ( 0.025 -0.075i)  ( 0.003 -0.003i) 

      3 (-0.500 -0.000i)  (-0.774 -0.388i) 
        ( 0.774 -0.388i)  (-0.500 +0.000i) 

      4 (-0.047 +0.047i)  (-0.042 +0.014i) 
        (-0.014 +0.042i)  ( 0.047 -0.047i) 

      5 (-0.500 +0.000i)  ( 0.774 +0.388i) 
        (-0.774 +0.388i)  (-0.500 -0.000i) 

      6 ( 0.050 -0.050i)  (-0.034 +0.011i) 
        (-0.011 +0.034i)  (-0.050 +0.050i) 

      7 ( 0.056 -0.056i)  (-0.000 -0.000i) 
        ( 0.000 +0.000i)  ( 0.056 -0.056i) 

      8 (-0.058 -0.000i)  ( 0.893 +0.447i) 
        ( 0.893 -0.447i)  ( 0.058 +0.000i) 

      9 (-0.028 +0.028i)  (-0.065 +0.022i) 
        ( 0.022 -0.065i)  (-0.028 +0.028i) 

     10 (-0.835 -0.000i)  (-0.491 -0.246i) 
        (-0.491 +0.246i)  ( 0.835 -0.000i) 

     11 (-0.028 +0.028i)  ( 0.065 -0.022i) 
        (-0.022 +0.065i)  (-0.028 +0.028i) 

     12 ( 0.894 +0.000i)  (-0.401 -0.201i) 
        (-0.401 +0.201i)  (-0.894 +0.000i) 

 24 (   2.700):

      1 ( 1.000 -0.000i) 
      2 ( 0.480 -0.480i) 
      3 ( 1.000 -0.000i) 
      4 ( 0.480 -0.480i) 
      5 ( 1.000 +0.000i) 
      6 ( 0.480 -0.480i) 
      7 ( 0.480 -0.480i) 
      8 ( 1.000 -0.000i) 
      9 ( 0.480 -0.480i) 
     10 ( 1.000 +0.000i) 
     11 ( 0.480 -0.480i) 
     12 ( 1.000 -0.000i) 

 25 (   2.719):

      1 ( 1.000 -0.000i) 
      2 ( 0.035 -0.035i) 
      3 ( 1.000 +0.000i) 
      4 ( 0.035 -0.035i) 
      5 ( 1.000 -0.000i) 
      6 ( 0.035 -0.035i) 
      7 (-0.035 +0.035i) 
      8 (-1.000 +0.000i) 
      9 (-0.035 +0.035i) 
     10 (-1.000 -0.000i) 
     11 (-0.035 +0.035i) 
     12 (-1.000 +0.000i) 

 26 (   2.817):

      1 ( 1.000 -0.000i)  ( 0.000 +0.000i) 
        ( 0.000 -0.000i)  ( 1.000 -0.000i) 

      2 ( 0.160 -0.160i)  ( 0.101 -0.121i) 
        ( 0.121 -0.101i)  (-0.160 +0.160i) 

      3 (-0.500 -0.000i)  ( 0.862 -0.081i) 
        (-0.862 -0.081i)  (-0.500 +0.000i) 

      4 ( 0.017 -0.017i)  (-0.175 +0.211i) 
        (-0.211 +0.175i)  (-0.017 +0.017i) 

      5 (-0.500 +0.000i)  (-0.862 +0.081i) 
        ( 0.862 +0.081i)  (-0.500 -0.000i) 

      6 (-0.176 +0.176i)  ( 0.074 -0.090i) 
        ( 0.090 -0.074i)  ( 0.176 -0.176i) 

      7 ( 0.195 -0.195i)  (-0.000 -0.000i) 
        ( 0.000 +0.000i)  ( 0.195 -0.195i) 

      8 ( 0.820 -0.000i)  ( 0.570 -0.054i) 
        ( 0.570 +0.054i)  (-0.820 -0.000i) 

      9 (-0.097 +0.097i)  ( 0.152 -0.184i) 
        (-0.184 +0.152i)  (-0.097 +0.097i) 

     10 ( 0.086 +0.000i)  (-0.992 +0.094i) 
        (-0.992 -0.094i)  (-0.086 -0.000i) 

     11 (-0.097 +0.097i)  (-0.152 +0.184i) 
        ( 0.184 -0.152i)  (-0.097 +0.097i) 

     12 (-0.906 +0.000i)  ( 0.422 -0.040i) 
        ( 0.422 +0.040i)  ( 0.906 -0.000i) 

 28 (   2.906):

      1 ( 1.000 -0.000i) 
      2 (-0.392 +0.392i) 
      3 ( 1.000 -0.000i) 
      4 (-0.392 +0.392i) 
      5 ( 1.000 -0.000i) 
      6 (-0.392 +0.392i) 
      7 ( 0.392 -0.392i) 
      8 (-1.000 -0.000i) 
      9 ( 0.392 -0.392i) 
     10 (-1.000 -0.000i) 
     11 ( 0.392 -0.392i) 
     12 (-1.000 -0.000i) 

 29 (   2.913):

      1 ( 1.000 -0.000i)  ( 0.000 +0.000i) 
        ( 0.000 -0.000i)  ( 1.000 -0.000i) 

      2 ( 0.035 -0.035i)  (-0.053 +0.022i) 
        (-0.022 +0.053i)  (-0.035 +0.035i) 

      3 (-0.500 -0.000i)  (-0.798 -0.336i) 
        ( 0.798 -0.336i)  (-0.500 +0.000i) 

      4 ( 0.018 -0.018i)  ( 0.066 -0.027i) 
        ( 0.027 -0.066i)  (-0.018 +0.018i) 

      5 (-0.500 +0.000i)  ( 0.798 +0.336i) 
        (-0.798 +0.336i)  (-0.500 -0.000i) 

      6 (-0.053 +0.053i)  (-0.013 +0.005i) 
        (-0.005 +0.013i)  ( 0.053 -0.053i) 

      7 (-0.054 +0.054i)  ( 0.000 -0.000i) 
        ( 0.000 -0.000i)  (-0.054 +0.054i) 

      8 (-0.655 -0.000i)  ( 0.697 +0.293i) 
        ( 0.697 -0.293i)  ( 0.655 +0.000i) 

      9 ( 0.027 -0.027i)  ( 0.061 -0.025i) 
        (-0.025 +0.061i)  ( 0.027 -0.027i) 

     10 (-0.327 -0.000i)  (-0.871 -0.366i) 
        (-0.871 +0.366i)  ( 0.327 -0.000i) 

     11 ( 0.027 -0.027i)  (-0.061 +0.025i) 
        ( 0.025 -0.061i)  ( 0.027 -0.027i) 

     12 ( 0.982 +0.000i)  ( 0.174 +0.073i) 
        ( 0.174 -0.073i)  (-0.982 +0.000i) 

 31 (   2.992):

      1 ( 1.000 -0.000i)  (-0.000 +0.000i) 
        (-0.000 -0.000i)  ( 1.000 -0.000i) 

      2 ( 0.225 -0.225i)  ( 0.063 -0.166i) 
        ( 0.166 -0.063i)  (-0.225 +0.225i) 

      3 (-0.500 -0.000i)  (-0.790 +0.354i) 
        ( 0.790 +0.354i)  (-0.500 +0.000i) 

      4 (-0.221 +0.221i)  ( 0.066 -0.174i) 
        ( 0.174 -0.066i)  ( 0.221 -0.221i) 

      5 (-0.500 +0.000i)  ( 0.790 -0.354i) 
        (-0.790 -0.354i)  (-0.500 -0.000i) 

      6 (-0.004 +0.004i)  (-0.130 +0.340i) 
        (-0.340 +0.130i)  ( 0.004 -0.004i) 

      7 ( 0.257 -0.257i)  (-0.000 +0.000i) 
        (-0.000 +0.000i)  ( 0.257 -0.257i) 

      8 ( 0.873 -0.000i)  ( 0.445 -0.199i) 
        ( 0.445 +0.199i)  (-0.873 -0.000i) 

      9 (-0.129 +0.129i)  (-0.112 +0.294i) 
        ( 0.294 -0.112i)  (-0.129 +0.129i) 

     10 (-0.859 +0.000i)  ( 0.468 -0.210i) 
        ( 0.468 +0.210i)  ( 0.859 -0.000i) 

     11 (-0.129 +0.129i)  ( 0.112 -0.294i) 
        (-0.294 +0.112i)  (-0.129 +0.129i) 

     12 (-0.015 +0.000i)  (-0.912 +0.409i) 
        (-0.912 -0.409i)  ( 0.015 -0.000i) 

 33 (   3.054):

      1 ( 1.000 -0.000i)  (-0.000 -0.000i) 
        (-0.000 +0.000i)  ( 1.000 -0.000i) 

      2 ( 0.195 -0.195i)  (-0.070 -0.168i) 
        ( 0.168 +0.070i)  (-0.195 +0.195i) 

      3 (-0.500 +0.000i)  ( 0.328 -0.802i) 
        (-0.328 -0.802i)  (-0.500 -0.000i) 

      4 ( 0.014 -0.014i)  ( 0.128 +0.304i) 
        (-0.304 -0.128i)  (-0.014 +0.014i) 

      5 (-0.500 -0.000i)  (-0.328 +0.802i) 
        ( 0.328 +0.802i)  (-0.500 +0.000i) 

      6 (-0.209 +0.209i)  (-0.057 -0.136i) 
        ( 0.136 +0.057i)  ( 0.209 -0.209i) 

      7 (-0.234 +0.234i)  ( 0.000 +0.000i) 
        (-0.000 -0.000i)  (-0.234 +0.234i) 

      8 (-0.835 -0.000i)  (-0.209 +0.510i) 
        (-0.209 -0.510i)  ( 0.835 -0.000i) 

      9 ( 0.117 -0.117i)  ( 0.111 +0.264i) 
        ( 0.264 +0.111i)  ( 0.117 -0.117i) 

     10 (-0.060 -0.000i)  ( 0.378 -0.924i) 
        ( 0.378 +0.924i)  ( 0.060 -0.000i) 

     11 ( 0.117 -0.117i)  (-0.111 -0.264i) 
        (-0.264 -0.111i)  ( 0.117 -0.117i) 

     12 ( 0.894 +0.000i)  (-0.169 +0.414i) 
        (-0.169 -0.414i)  (-0.894 +0.000i) 

 35 (   3.871):

      1 ( 1.000 -0.000i)  (-0.000 +0.000i) 
        (-0.000 -0.000i)  ( 1.000 -0.000i) 

      2 (-0.154 +0.154i)  ( 0.107 -0.208i) 
        ( 0.208 -0.107i)  ( 0.154 -0.154i) 

      3 (-0.500 +0.000i)  ( 0.824 -0.266i) 
        (-0.824 -0.266i)  (-0.500 -0.000i) 

      4 ( 0.220 -0.220i)  ( 0.033 -0.064i) 
        ( 0.064 -0.033i)  (-0.220 +0.220i) 

      5 (-0.500 -0.000i)  (-0.824 +0.266i) 
        ( 0.824 +0.266i)  (-0.500 +0.000i) 

      6 (-0.066 +0.066i)  (-0.139 +0.272i) 
        (-0.272 +0.139i)  ( 0.066 -0.066i) 

      7 ( 0.226 -0.226i)  ( 0.000 -0.000i) 
        ( 0.000 -0.000i)  ( 0.226 -0.226i) 

      8 (-0.681 +0.000i)  ( 0.697 -0.225i) 
        ( 0.697 +0.225i)  ( 0.681 -0.000i) 

      9 (-0.113 +0.113i)  ( 0.126 -0.246i) 
        (-0.246 +0.126i)  (-0.113 +0.113i) 

     10 ( 0.975 +0.000i)  ( 0.213 -0.069i) 
        ( 0.213 +0.069i)  (-0.975 -0.000i) 

     11 (-0.113 +0.113i)  (-0.126 +0.246i) 
        ( 0.246 -0.126i)  (-0.113 +0.113i) 

     12 (-0.294 +0.000i)  (-0.910 +0.293i) 
        (-0.910 -0.293i)  ( 0.294 -0.000i) 

 37 (   4.014):

      1 ( 1.000 -0.000i)  ( 0.000 +0.000i) 
        ( 0.000 -0.000i)  ( 1.000 -0.000i) 

      2 ( 0.097 -0.097i)  (-0.078 +0.072i) 
        (-0.072 +0.078i)  (-0.097 +0.097i) 

      3 (-0.500 -0.000i)  ( 0.865 +0.033i) 
        (-0.865 +0.033i)  (-0.500 +0.000i) 

      4 (-0.113 +0.113i)  (-0.049 +0.045i) 
        (-0.045 +0.049i)  ( 0.113 -0.113i) 

      5 (-0.500 +0.000i)  (-0.865 -0.033i) 
        ( 0.865 -0.033i)  (-0.500 -0.000i) 

      6 ( 0.016 -0.016i)  ( 0.126 -0.117i) 
        ( 0.117 -0.126i)  (-0.016 +0.016i) 

      7 (-0.123 +0.123i)  (-0.000 +0.000i) 
        (-0.000 +0.000i)  (-0.123 +0.123i) 

      8 (-0.793 -0.000i)  ( 0.609 +0.023i) 
        ( 0.609 -0.023i)  ( 0.793 -0.000i) 

      9 ( 0.061 -0.061i)  (-0.110 +0.102i) 
        ( 0.102 -0.110i)  ( 0.061 -0.061i) 

     10 ( 0.924 +0.000i)  ( 0.381 +0.014i) 
        ( 0.381 -0.014i)  (-0.924 -0.000i) 

     11 ( 0.061 -0.061i)  ( 0.110 -0.102i) 
        (-0.102 +0.110i)  ( 0.061 -0.061i) 

     12 (-0.132 +0.000i)  (-0.991 -0.037i) 
        (-0.991 +0.037i)  ( 0.132 +0.000i) 

 39 (   4.074):

      1 ( 1.000 -0.000i) 
      2 ( 0.033 -0.033i) 
      3 ( 1.000 +0.000i) 
      4 ( 0.033 -0.033i) 
      5 ( 1.000 +0.000i) 
      6 ( 0.033 -0.033i) 
      7 ( 0.033 -0.033i) 
      8 ( 1.000 +0.000i) 
      9 ( 0.033 -0.033i) 
     10 ( 1.000 -0.000i) 
     11 ( 0.033 -0.033i) 
     12 ( 1.000 -0.000i) 

 40 (   4.240):

      1 ( 1.000 -0.000i) 
      2 ( 0.093 -0.093i) 
      3 ( 1.000 -0.000i) 
      4 ( 0.093 -0.093i) 
      5 ( 1.000 +0.000i) 
      6 ( 0.093 -0.093i) 
      7 ( 0.093 -0.093i) 
      8 ( 1.000 +0.000i) 
      9 ( 0.093 -0.093i) 
     10 ( 1.000 -0.000i) 
     11 ( 0.093 -0.093i) 
     12 ( 1.000 -0.000i) 

 41 (   4.676):

      1 ( 1.000 -0.000i)  (-0.000 +0.000i) 
        (-0.000 -0.000i)  ( 1.000 -0.000i) 

      2 (-0.138 +0.138i)  (-0.012 +0.028i) 
        (-0.028 +0.012i)  ( 0.138 -0.138i) 

      3 (-0.500 +0.000i)  (-0.802 +0.327i) 
        ( 0.802 +0.327i)  (-0.500 -0.000i) 

      4 ( 0.088 -0.088i)  (-0.059 +0.141i) 
        (-0.141 +0.059i)  (-0.088 +0.088i) 

      5 (-0.500 -0.000i)  ( 0.802 -0.327i) 
        (-0.802 -0.327i)  (-0.500 +0.000i) 

      6 ( 0.050 -0.050i)  ( 0.071 -0.170i) 
        ( 0.170 -0.071i)  (-0.050 +0.050i) 

      7 (-0.139 +0.139i)  (-0.000 +0.000i) 
        (-0.000 +0.000i)  (-0.139 +0.139i) 

      8 ( 0.988 +0.000i)  ( 0.145 -0.059i) 
        ( 0.145 +0.059i)  (-0.988 +0.000i) 

      9 ( 0.070 -0.070i)  ( 0.066 -0.157i) 
        (-0.157 +0.066i)  ( 0.070 -0.070i) 

     10 (-0.629 -0.000i)  ( 0.719 -0.294i) 
        ( 0.719 +0.294i)  ( 0.629 +0.000i) 

     11 ( 0.070 -0.070i)  (-0.066 +0.157i) 
        ( 0.157 -0.066i)  ( 0.070 -0.070i) 

     12 (-0.358 -0.000i)  (-0.864 +0.353i) 
        (-0.864 -0.353i)  ( 0.358 -0.000i) 

 43 (   4.680):

      1 ( 1.000 -0.000i)  (-0.000 -0.000i) 
        (-0.000 +0.000i)  ( 1.000 -0.000i) 

      2 (-0.038 +0.038i)  (-0.338 -0.293i) 
        ( 0.293 +0.338i)  ( 0.038 -0.038i) 

      3 (-0.500 -0.000i)  (-0.062 -0.864i) 
        ( 0.062 -0.864i)  (-0.500 +0.000i) 

      4 ( 0.293 -0.293i)  ( 0.134 +0.116i) 
        (-0.116 -0.134i)  (-0.293 +0.293i) 

      5 (-0.500 +0.000i)  ( 0.062 +0.864i) 
        (-0.062 +0.864i)  (-0.500 -0.000i) 

      6 (-0.255 +0.255i)  ( 0.204 +0.177i) 
        (-0.177 -0.204i)  ( 0.255 -0.255i) 

      7 ( 0.319 -0.319i)  (-0.000 +0.000i) 
        (-0.000 +0.000i)  ( 0.319 -0.319i) 

      8 (-0.118 -0.000i)  (-0.071 -0.991i) 
        (-0.071 +0.991i)  ( 0.118 +0.000i) 

      9 (-0.159 +0.159i)  (-0.295 -0.256i) 
        (-0.256 -0.295i)  (-0.159 +0.159i) 

     10 ( 0.919 -0.000i)  ( 0.028 +0.394i) 
        ( 0.028 -0.394i)  (-0.919 -0.000i) 

     11 (-0.159 +0.159i)  ( 0.295 +0.256i) 
        ( 0.256 +0.295i)  (-0.159 +0.159i) 

     12 (-0.801 +0.000i)  ( 0.043 +0.597i) 
        ( 0.043 -0.597i)  ( 0.801 -0.000i) 

 45 (   4.730):

      1 ( 1.000 -0.000i) 
      2 (-0.135 +0.135i) 
      3 ( 1.000 -0.000i) 
      4 (-0.135 +0.135i) 
      5 ( 1.000 -0.000i) 
      6 (-0.135 +0.135i) 
      7 ( 0.135 -0.135i) 
      8 (-1.000 -0.000i) 
      9 ( 0.135 -0.135i) 
     10 (-1.000 -0.000i) 
     11 ( 0.135 -0.135i) 
     12 (-1.000 -0.000i) 

 46 (   4.803):

      1 ( 1.000 -0.000i) 
      2 ( 0.126 -0.126i) 
      3 ( 1.000 -0.000i) 
      4 ( 0.126 -0.126i) 
      5 ( 1.000 +0.000i) 
      6 ( 0.126 -0.126i) 
      7 (-0.126 +0.126i) 
      8 (-1.000 -0.000i) 
      9 (-0.126 +0.126i) 
     10 (-1.000 -0.000i) 
     11 (-0.126 +0.126i) 
     12 (-1.000 +0.000i) 

 47 (   4.914):

      1 ( 1.000 -0.000i)  (-0.000 +0.000i) 
        (-0.000 -0.000i)  ( 1.000 -0.000i) 

      2 ( 0.008 -0.008i)  (-0.118 +0.137i) 
        (-0.137 +0.118i)  (-0.008 +0.008i) 

      3 (-0.500 +0.000i)  ( 0.864 -0.064i) 
        (-0.864 -0.064i)  (-0.500 -0.000i) 

      4 (-0.115 +0.115i)  ( 0.053 -0.061i) 
        ( 0.061 -0.053i)  ( 0.115 -0.115i) 

      5 (-0.500 -0.000i)  (-0.864 +0.064i) 
        ( 0.864 +0.064i)  (-0.500 +0.000i) 

      6 ( 0.107 -0.107i)  ( 0.065 -0.076i) 
        ( 0.076 -0.065i)  (-0.107 +0.107i) 

      7 ( 0.128 -0.128i)  (-0.000 -0.000i) 
        ( 0.000 +0.000i)  ( 0.128 -0.128i) 

      8 ( 0.061 +0.000i)  (-0.995 +0.074i) 
        (-0.995 -0.074i)  (-0.061 -0.000i) 

      9 (-0.064 +0.064i)  ( 0.102 -0.119i) 
        (-0.119 +0.102i)  (-0.064 +0.064i) 

     10 (-0.895 -0.000i)  ( 0.445 -0.033i) 
        ( 0.445 +0.033i)  ( 0.895 -0.000i) 

     11 (-0.064 +0.064i)  (-0.102 +0.119i) 
        ( 0.119 -0.102i)  (-0.064 +0.064i) 

     12 ( 0.834 +0.000i)  ( 0.550 -0.041i) 
        ( 0.550 +0.041i)  (-0.834 +0.000i) 

 49 (   5.061):

      1 ( 1.000 -0.000i)  (-0.000 +0.000i) 
        (-0.000 -0.000i)  ( 1.000 -0.000i) 

      2 (-0.003 +0.003i)  (-0.003 +0.010i) 
        (-0.010 +0.003i)  ( 0.003 -0.003i) 

      3 (-0.500 +0.000i)  (-0.776 +0.385i) 
        ( 0.776 +0.385i)  (-0.500 -0.000i) 

      4 ( 0.008 -0.008i)  ( 0.001 -0.002i) 
        ( 0.002 -0.001i)  (-0.008 +0.008i) 

      5 (-0.500 -0.000i)  ( 0.776 -0.385i) 
        (-0.776 -0.385i)  (-0.500 +0.000i) 

      6 (-0.005 +0.005i)  ( 0.003 -0.008i) 
        ( 0.008 -0.003i)  ( 0.005 -0.005i) 

      7 ( 0.008 -0.008i)  ( 0.000 -0.000i) 
        ( 0.000 -0.000i)  ( 0.008 -0.008i) 

      8 (-0.355 +0.000i)  (-0.838 +0.415i) 
        (-0.838 -0.415i)  ( 0.355 +0.000i) 

      9 (-0.004 +0.004i)  (-0.003 +0.009i) 
        ( 0.009 -0.003i)  (-0.004 +0.004i) 

     10 ( 0.987 -0.000i)  ( 0.144 -0.071i) 
        ( 0.144 +0.071i)  (-0.987 -0.000i) 

     11 (-0.004 +0.004i)  ( 0.003 -0.009i) 
        (-0.009 +0.003i)  (-0.004 +0.004i) 

     12 (-0.632 +0.000i)  ( 0.694 -0.344i) 
        ( 0.694 +0.344i)  ( 0.632 +0.000i) 

 51 (   5.068):

      1 ( 1.000 -0.000i) 
      2 ( 0.049 -0.049i) 
      3 ( 1.000 +0.000i) 
      4 ( 0.049 -0.049i) 
      5 ( 1.000 +0.000i) 
      6 ( 0.049 -0.049i) 
      7 ( 0.049 -0.049i) 
      8 ( 1.000 +0.000i) 
      9 ( 0.049 -0.049i) 
     10 ( 1.000 -0.000i) 
     11 ( 0.049 -0.049i) 
     12 ( 1.000 -0.000i) 

 52 (   5.069):

      1 ( 1.000 -0.000i) 
      2 ( 0.026 -0.026i) 
      3 ( 1.000 +0.000i) 
      4 ( 0.026 -0.026i) 
      5 ( 1.000 -0.000i) 
      6 ( 0.026 -0.026i) 
      7 ( 0.026 -0.026i) 
      8 ( 1.000 -0.000i) 
      9 ( 0.026 -0.026i) 
     10 ( 1.000 +0.000i) 
     11 ( 0.026 -0.026i) 
     12 ( 1.000 -0.000i) 

 53 (   5.171):

      1 ( 1.000 -0.000i)  ( 0.000 -0.000i) 
        ( 0.000 +0.000i)  ( 1.000 -0.000i) 

      2 ( 0.106 -0.106i)  ( 0.073 -0.086i) 
        ( 0.086 -0.073i)  (-0.106 +0.106i) 

      3 (-0.500 +0.000i)  (-0.863 +0.072i) 
        ( 0.863 +0.072i)  (-0.500 -0.000i) 

      4 (-0.122 +0.122i)  ( 0.048 -0.056i) 
        ( 0.056 -0.048i)  ( 0.122 -0.122i) 

      5 (-0.500 -0.000i)  ( 0.863 -0.072i) 
        (-0.863 -0.072i)  (-0.500 +0.000i) 

      6 ( 0.016 -0.016i)  (-0.121 +0.142i) 
        (-0.142 +0.121i)  (-0.016 +0.016i) 

      7 (-0.133 +0.133i)  ( 0.000 +0.000i) 
        (-0.000 -0.000i)  (-0.133 +0.133i) 

      8 (-0.799 -0.000i)  (-0.599 +0.050i) 
        (-0.599 -0.050i)  ( 0.799 -0.000i) 

      9 ( 0.066 -0.066i)  ( 0.105 -0.124i) 
        (-0.124 +0.105i)  ( 0.066 -0.066i) 

     10 ( 0.920 -0.000i)  (-0.390 +0.032i) 
        (-0.390 -0.032i)  (-0.920 +0.000i) 

     11 ( 0.066 -0.066i)  (-0.105 +0.124i) 
        ( 0.124 -0.105i)  ( 0.066 -0.066i) 

     12 (-0.121 -0.000i)  ( 0.989 -0.082i) 
        ( 0.989 +0.082i)  ( 0.121 +0.000i) 

 55 (   5.210):

      1 ( 1.000 -0.000i)  (-0.000 -0.000i) 
        (-0.000 +0.000i)  ( 1.000 -0.000i) 

      2 (-0.061 +0.061i)  ( 0.254 +0.003i) 
        (-0.003 -0.254i)  ( 0.061 -0.061i) 

      3 (-0.500 +0.000i)  ( 0.605 +0.620i) 
        (-0.605 +0.620i)  (-0.500 -0.000i) 

      4 ( 0.186 -0.186i)  (-0.052 -0.001i) 
        ( 0.001 +0.052i)  (-0.186 +0.186i) 

      5 (-0.500 -0.000i)  (-0.605 -0.620i) 
        ( 0.605 -0.620i)  (-0.500 +0.000i) 

      6 (-0.125 +0.125i)  (-0.202 -0.003i) 
        ( 0.003 +0.202i)  ( 0.125 -0.125i) 

      7 ( 0.190 -0.190i)  (-0.000 +0.000i) 
        (-0.000 +0.000i)  ( 0.190 -0.190i) 

      8 (-0.323 -0.000i)  ( 0.661 +0.678i) 
        ( 0.661 -0.678i)  ( 0.323 -0.000i) 

      9 (-0.095 +0.095i)  ( 0.232 +0.003i) 
        ( 0.003 +0.232i)  (-0.095 +0.095i) 

     10 ( 0.981 -0.000i)  (-0.135 -0.138i) 
        (-0.135 +0.138i)  (-0.981 +0.000i) 

     11 (-0.095 +0.095i)  (-0.232 -0.003i) 
        (-0.003 -0.232i)  (-0.095 +0.095i) 

     12 (-0.658 -0.000i)  (-0.526 -0.539i) 
        (-0.526 +0.539i)  ( 0.658 +0.000i) 

 57 (   5.315):

      1 ( 1.000 -0.000i) 
      2 (-0.059 +0.059i) 
      3 ( 1.000 -0.000i) 
      4 (-0.059 +0.059i) 
      5 ( 1.000 +0.000i) 
      6 (-0.059 +0.059i) 
      7 (-0.059 +0.059i) 
      8 ( 1.000 -0.000i) 
      9 (-0.059 +0.059i) 
     10 ( 1.000 +0.000i) 
     11 (-0.059 +0.059i) 
     12 ( 1.000 +0.000i) 

 58 (   5.380):

      1 ( 1.000 -0.000i)  (-0.000 +0.000i) 
        (-0.000 -0.000i)  ( 1.000 -0.000i) 

      2 (-0.078 +0.078i)  (-0.135 +0.093i) 
        (-0.093 +0.135i)  ( 0.078 -0.078i) 

      3 (-0.500 -0.000i)  (-0.852 -0.155i) 
        ( 0.852 -0.155i)  (-0.500 +0.000i) 

      4 ( 0.139 -0.139i)  (-0.012 +0.008i) 
        (-0.008 +0.012i)  (-0.139 +0.139i) 

      5 (-0.500 +0.000i)  ( 0.852 +0.155i) 
        (-0.852 +0.155i)  (-0.500 -0.000i) 

      6 (-0.061 +0.061i)  ( 0.146 -0.101i) 
        ( 0.101 -0.146i)  ( 0.061 -0.061i) 

      7 (-0.140 +0.140i)  (-0.000 -0.000i) 
        ( 0.000 +0.000i)  (-0.140 +0.140i) 

      8 ( 0.561 -0.000i)  ( 0.814 +0.149i) 
        ( 0.814 -0.149i)  (-0.561 -0.000i) 

      9 ( 0.070 -0.070i)  ( 0.141 -0.097i) 
        (-0.097 +0.141i)  ( 0.070 -0.070i) 

     10 (-0.997 +0.000i)  ( 0.071 +0.013i) 
        ( 0.071 -0.013i)  ( 0.997 -0.000i) 

     11 ( 0.070 -0.070i)  (-0.141 +0.097i) 
        ( 0.097 -0.141i)  ( 0.070 -0.070i) 

     12 ( 0.436 +0.000i)  (-0.885 -0.162i) 
        (-0.885 +0.162i)  (-0.436 -0.000i) 

 60 (   5.418):

      1 ( 1.000 -0.000i)  ( 0.000 +0.000i) 
        ( 0.000 -0.000i)  ( 1.000 -0.000i) 

      2 ( 0.098 -0.098i)  (-0.072 -0.081i) 
        ( 0.081 +0.072i)  (-0.098 +0.098i) 

      3 (-0.500 -0.000i)  (-0.050 +0.865i) 
        ( 0.050 +0.865i)  (-0.500 +0.000i) 

      4 (-0.115 +0.115i)  (-0.044 -0.049i) 
        ( 0.049 +0.044i)  ( 0.115 -0.115i) 

      5 (-0.500 +0.000i)  ( 0.050 -0.865i) 
        (-0.050 -0.865i)  (-0.500 -0.000i) 

      6 ( 0.017 -0.017i)  ( 0.115 +0.130i) 
        (-0.130 -0.115i)  (-0.017 +0.017i) 

      7 (-0.124 +0.124i)  ( 0.000 +0.000i) 
        (-0.000 -0.000i)  (-0.124 +0.124i) 

      8 (-0.788 +0.000i)  (-0.036 +0.615i) 
        (-0.036 -0.615i)  ( 0.788 -0.000i) 

      9 ( 0.062 -0.062i)  (-0.101 -0.113i) 
        (-0.113 -0.101i)  ( 0.062 -0.062i) 

     10 ( 0.927 -0.000i)  (-0.022 +0.374i) 
        (-0.022 -0.374i)  (-0.927 -0.000i) 

     11 ( 0.062 -0.062i)  ( 0.101 +0.113i) 
        ( 0.113 +0.101i)  ( 0.062 -0.062i) 

     12 (-0.139 -0.000i)  ( 0.057 -0.989i) 
        ( 0.057 +0.989i)  ( 0.139 +0.000i) 

 62 (   5.608):

      1 ( 1.000 -0.000i) 
      2 ( 0.083 -0.083i) 
      3 ( 1.000 +0.000i) 
      4 ( 0.083 -0.083i) 
      5 ( 1.000 -0.000i) 
      6 ( 0.083 -0.083i) 
      7 ( 0.083 -0.083i) 
      8 ( 1.000 +0.000i) 
      9 ( 0.083 -0.083i) 
     10 ( 1.000 -0.000i) 
     11 ( 0.083 -0.083i) 
     12 ( 1.000 -0.000i) 

 63 (   5.784):

      1 ( 1.000 -0.000i) 
      2 (-0.061 +0.061i) 
      3 ( 1.000 +0.000i) 
      4 (-0.061 +0.061i) 
      5 ( 1.000 -0.000i) 
      6 (-0.061 +0.061i) 
      7 (-0.061 +0.061i) 
      8 ( 1.000 +0.000i) 
      9 (-0.061 +0.061i) 
     10 ( 1.000 +0.000i) 
     11 (-0.061 +0.061i) 
     12 ( 1.000 -0.000i) 

 64 (   5.803):

      1 ( 1.000 -0.000i) 
      2 ( 0.091 -0.091i) 
      3 ( 1.000 -0.000i) 
      4 ( 0.091 -0.091i) 
      5 ( 1.000 +0.000i) 
      6 ( 0.091 -0.091i) 
      7 ( 0.091 -0.091i) 
      8 ( 1.000 +0.000i) 
      9 ( 0.091 -0.091i) 
     10 ( 1.000 +0.000i) 
     11 ( 0.091 -0.091i) 
     12 ( 1.000 +0.000i) 

 65 (  10.113):

      1 ( 1.000 -0.000i) 
      2 (-0.116 +0.116i) 
      3 ( 1.000 +0.000i) 
      4 (-0.116 +0.116i) 
      5 ( 1.000 -0.000i) 
      6 (-0.116 +0.116i) 
      7 (-0.116 +0.116i) 
      8 ( 1.000 -0.000i) 
      9 (-0.116 +0.116i) 
     10 ( 1.000 -0.000i) 
     11 (-0.116 +0.116i) 
     12 ( 1.000 +0.000i) 

 66 (  10.176):

      1 ( 1.000 -0.000i) 
      2 ( 0.350 -0.350i) 
      3 ( 1.000 -0.000i) 
      4 ( 0.350 -0.350i) 
      5 ( 1.000 +0.000i) 
      6 ( 0.350 -0.350i) 
      7 ( 0.350 -0.350i) 
      8 ( 1.000 -0.000i) 
      9 ( 0.350 -0.350i) 
     10 ( 1.000 -0.000i) 
     11 ( 0.350 -0.350i) 
     12 ( 1.000 +0.000i) 

 67 (  10.192):

      1 ( 1.000 -0.000i)  ( 0.000 +0.000i) 
        ( 0.000 -0.000i)  ( 1.000 -0.000i) 

      2 ( 0.117 -0.117i)  ( 0.189 -0.135i) 
        ( 0.135 -0.189i)  (-0.117 +0.117i) 

      3 (-0.500 +0.000i)  (-0.854 -0.142i) 
        ( 0.854 -0.142i)  (-0.500 -0.000i) 

      4 (-0.201 +0.201i)  ( 0.022 -0.016i) 
        ( 0.016 -0.022i)  ( 0.201 -0.201i) 

      5 (-0.500 -0.000i)  ( 0.854 +0.142i) 
        (-0.854 +0.142i)  (-0.500 +0.000i) 

      6 ( 0.083 -0.083i)  (-0.211 +0.151i) 
        (-0.151 +0.211i)  (-0.083 +0.083i) 

      7 ( 0.202 -0.202i)  ( 0.000 +0.000i) 
        (-0.000 -0.000i)  ( 0.202 -0.202i) 

      8 ( 0.581 -0.000i)  ( 0.803 +0.134i) 
        ( 0.803 -0.134i)  (-0.581 -0.000i) 

      9 (-0.101 +0.101i)  (-0.201 +0.143i) 
        ( 0.143 -0.201i)  (-0.101 +0.101i) 

     10 (-0.995 -0.000i)  ( 0.095 +0.016i) 
        ( 0.095 -0.016i)  ( 0.995 -0.000i) 

     11 (-0.101 +0.101i)  ( 0.201 -0.143i) 
        (-0.143 +0.201i)  (-0.101 +0.101i) 

     12 ( 0.414 -0.000i)  (-0.898 -0.150i) 
        (-0.898 +0.150i)  (-0.414 -0.000i) 

 69 (  10.222):

      1 ( 1.000 -0.000i)  (-0.000 +0.000i) 
        (-0.000 -0.000i)  ( 1.000 -0.000i) 

      2 ( 0.066 -0.066i)  ( 0.029 -0.119i) 
        ( 0.119 -0.029i)  (-0.066 +0.066i) 

      3 (-0.500 +0.000i)  (-0.738 +0.453i) 
        ( 0.738 +0.453i)  (-0.500 -0.000i) 

      4 (-0.108 +0.108i)  ( 0.005 -0.019i) 
        ( 0.019 -0.005i)  ( 0.108 -0.108i) 

      5 (-0.500 -0.000i)  ( 0.738 -0.453i) 
        (-0.738 -0.453i)  (-0.500 +0.000i) 

      6 ( 0.042 -0.042i)  (-0.033 +0.138i) 
        (-0.138 +0.033i)  (-0.042 +0.042i) 

      7 (-0.109 +0.109i)  (-0.000 +0.000i) 
        (-0.000 +0.000i)  (-0.109 +0.109i) 

      8 (-0.605 -0.000i)  (-0.679 +0.416i) 
        (-0.679 -0.416i)  ( 0.605 -0.000i) 

      9 ( 0.054 -0.054i)  ( 0.031 -0.129i) 
        (-0.129 +0.031i)  ( 0.054 -0.054i) 

     10 ( 0.992 +0.000i)  (-0.107 +0.066i) 
        (-0.107 -0.066i)  (-0.992 -0.000i) 

     11 ( 0.054 -0.054i)  (-0.031 +0.129i) 
        ( 0.129 -0.031i)  ( 0.054 -0.054i) 

     12 (-0.387 +0.000i)  ( 0.786 -0.482i) 
        ( 0.786 +0.482i)  ( 0.387 -0.000i) 

 71 (  10.225):

      1 ( 1.000 -0.000i) 
      2 (-0.420 +0.420i) 
      3 ( 1.000 -0.000i) 
      4 (-0.420 +0.420i) 
      5 ( 1.000 +0.000i) 
      6 (-0.420 +0.420i) 
      7 (-0.420 +0.420i) 
      8 ( 1.000 -0.000i) 
      9 (-0.420 +0.420i) 
     10 ( 1.000 -0.000i) 
     11 (-0.420 +0.420i) 
     12 ( 1.000 +0.000i) 

 72 (  10.239):

      1 ( 1.000 -0.000i) 
      2 ( 0.274 -0.274i) 
      3 ( 1.000 +0.000i) 
      4 ( 0.274 -0.274i) 
      5 ( 1.000 -0.000i) 
      6 ( 0.274 -0.274i) 
      7 ( 0.274 -0.274i) 
      8 ( 1.000 -0.000i) 
      9 ( 0.274 -0.274i) 
     10 ( 1.000 +0.000i) 
     11 ( 0.274 -0.274i) 
     12 ( 1.000 +0.000i) 

 73 (  10.622):

      1 ( 1.000 -0.000i) 
      2 ( 0.122 -0.122i) 
      3 ( 1.000 -0.000i) 
      4 ( 0.122 -0.122i) 
      5 ( 1.000 +0.000i) 
      6 ( 0.122 -0.122i) 
      7 (-0.122 +0.122i) 
      8 (-1.000 +0.000i) 
      9 (-0.122 +0.122i) 
     10 (-1.000 +0.000i) 
     11 (-0.122 +0.122i) 
     12 (-1.000 +0.000i) 

 74 (  10.637):

      1 ( 1.000 -0.000i)  (-0.000 -0.000i) 
        (-0.000 +0.000i)  ( 1.000 -0.000i) 

      2 (-0.208 +0.208i)  (-0.498 +0.257i) 
        (-0.257 +0.498i)  ( 0.208 -0.208i) 

      3 (-0.500 -0.000i)  (-0.825 -0.263i) 
        ( 0.825 -0.263i)  (-0.500 +0.000i) 

      4 ( 0.447 -0.447i)  ( 0.022 -0.011i) 
        ( 0.011 -0.022i)  (-0.447 +0.447i) 

      5 (-0.500 +0.000i)  ( 0.825 +0.263i) 
        (-0.825 +0.263i)  (-0.500 -0.000i) 

      6 (-0.239 +0.239i)  ( 0.476 -0.246i) 
        ( 0.246 -0.476i)  ( 0.239 -0.239i) 

      7 (-0.448 +0.448i)  (-0.000 -0.000i) 
        ( 0.000 +0.000i)  (-0.448 +0.448i) 

      8 ( 0.466 +0.000i)  ( 0.843 +0.269i) 
        ( 0.843 -0.269i)  (-0.466 +0.000i) 

      9 ( 0.224 -0.224i)  ( 0.487 -0.252i) 
        (-0.252 +0.487i)  ( 0.224 -0.224i) 

     10 (-0.999 -0.000i)  (-0.037 -0.012i) 
        (-0.037 +0.012i)  ( 0.999 -0.000i) 

     11 ( 0.224 -0.224i)  (-0.487 +0.252i) 
        ( 0.252 -0.487i)  ( 0.224 -0.224i) 

     12 ( 0.534 -0.000i)  (-0.806 -0.257i) 
        (-0.806 +0.257i)  (-0.534 -0.000i) 

 76 (  10.643):

      1 ( 1.000 -0.000i) 
      2 (-0.126 +0.126i) 
      3 ( 1.000 -0.000i) 
      4 (-0.126 +0.126i) 
      5 ( 1.000 -0.000i) 
      6 (-0.126 +0.126i) 
      7 ( 0.126 -0.126i) 
      8 (-1.000 -0.000i) 
      9 ( 0.126 -0.126i) 
     10 (-1.000 -0.000i) 
     11 ( 0.126 -0.126i) 
     12 (-1.000 -0.000i) 

 77 (  10.757):

      1 ( 1.000 -0.000i)  ( 0.000 -0.000i) 
        ( 0.000 +0.000i)  ( 1.000 -0.000i) 

      2 ( 0.173 -0.173i)  (-0.394 +0.240i) 
        (-0.240 +0.394i)  (-0.173 +0.173i) 

      3 (-0.500 -0.005i)  ( 0.842 +0.201i) 
        (-0.842 +0.201i)  (-0.500 +0.005i) 

      4 (-0.369 +0.369i)  ( 0.018 -0.008i) 
        ( 0.008 -0.018i)  ( 0.369 -0.369i) 

      5 (-0.500 +0.005i)  (-0.842 -0.201i) 
        ( 0.842 -0.201i)  (-0.500 -0.005i) 

      6 ( 0.196 -0.196i)  ( 0.376 -0.233i) 
        ( 0.233 -0.376i)  (-0.196 +0.196i) 

      7 ( 0.369 -0.369i)  ( 0.000 -0.000i) 
        ( 0.000 -0.000i)  ( 0.369 -0.369i) 

      8 ( 0.468 -0.000i)  (-0.859 -0.208i) 
        (-0.859 +0.208i)  (-0.468 -0.000i) 

      9 (-0.186 +0.183i)  ( 0.385 -0.237i) 
        (-0.237 +0.385i)  (-0.183 +0.186i) 

     10 (-0.999 -0.000i)  ( 0.035 +0.014i) 
        ( 0.035 -0.014i)  ( 0.999 -0.000i) 

     11 (-0.183 +0.186i)  (-0.385 +0.237i) 
        ( 0.237 -0.385i)  (-0.186 +0.183i) 

     12 ( 0.532 +0.000i)  ( 0.824 +0.194i) 
        ( 0.824 -0.194i)  (-0.532 -0.000i) 

 79 (  11.200):

      1 ( 1.000 -0.000i)  (-0.000 -0.000i) 
        (-0.000 +0.000i)  ( 1.000 -0.000i) 

      2 ( 0.117 -0.117i)  ( 0.178 -0.397i) 
        ( 0.397 -0.178i)  (-0.117 +0.117i) 

      3 (-0.500 +0.000i)  (-0.809 +0.308i) 
        ( 0.809 +0.308i)  (-0.500 -0.000i) 

      4 (-0.325 +0.325i)  (-0.031 +0.068i) 
        (-0.068 +0.031i)  ( 0.325 -0.325i) 

      5 (-0.500 -0.000i)  ( 0.809 -0.308i) 
        (-0.809 -0.308i)  (-0.500 +0.000i) 

      6 ( 0.208 -0.208i)  (-0.148 +0.329i) 
        (-0.329 +0.148i)  (-0.208 +0.208i) 

      7 (-0.329 +0.329i)  ( 0.000 +0.000i) 
        (-0.000 -0.000i)  (-0.329 +0.329i) 

      8 (-0.355 +0.000i)  (-0.874 +0.333i) 
        (-0.874 -0.333i)  ( 0.355 -0.000i) 

      9 ( 0.165 -0.165i)  ( 0.165 -0.368i) 
        (-0.368 +0.165i)  ( 0.165 -0.165i) 

     10 ( 0.987 -0.000i)  ( 0.150 -0.057i) 
        ( 0.150 +0.057i)  (-0.987 +0.000i) 

     11 ( 0.165 -0.165i)  (-0.165 +0.368i) 
        ( 0.368 -0.165i)  ( 0.165 -0.165i) 

     12 (-0.633 -0.000i)  ( 0.724 -0.276i) 
        ( 0.724 +0.276i)  ( 0.633 -0.000i) 

 81 (  11.385):

      1 ( 1.000 -0.000i) 
      2 (-0.460 +0.460i) 
      3 ( 1.000 +0.000i) 
      4 (-0.460 +0.460i) 
      5 ( 1.000 -0.000i) 
      6 (-0.460 +0.460i) 
      7 (-0.460 +0.460i) 
      8 ( 1.000 -0.000i) 
      9 (-0.460 +0.460i) 
     10 ( 1.000 -0.000i) 
     11 (-0.460 +0.460i) 
     12 ( 1.000 +0.000i) 

 82 (  11.420):

      1 ( 1.000 -0.000i)  (-0.000 +0.000i) 
        (-0.000 -0.000i)  ( 1.000 -0.000i) 

      2 ( 0.014 -0.014i)  ( 0.043 -0.017i) 
        ( 0.017 -0.043i)  (-0.014 +0.014i) 

      3 (-0.500 -0.000i)  (-0.795 -0.342i) 
        ( 0.795 -0.342i)  (-0.500 +0.000i) 

      4 (-0.036 +0.036i)  (-0.005 +0.002i) 
        (-0.002 +0.005i)  ( 0.036 -0.036i) 

      5 (-0.500 +0.000i)  ( 0.795 +0.342i) 
        (-0.795 +0.342i)  (-0.500 -0.000i) 

      6 ( 0.021 -0.021i)  (-0.038 +0.015i) 
        (-0.015 +0.038i)  (-0.021 +0.021i) 

      7 ( 0.036 -0.036i)  (-0.000 -0.000i) 
        ( 0.000 +0.000i)  ( 0.036 -0.036i) 

      8 ( 0.396 -0.000i)  ( 0.843 +0.363i) 
        ( 0.843 -0.363i)  (-0.396 -0.000i) 

      9 (-0.018 +0.018i)  (-0.041 +0.016i) 
        ( 0.016 -0.041i)  (-0.018 +0.018i) 

     10 (-0.993 -0.000i)  (-0.106 -0.046i) 
        (-0.106 +0.046i)  ( 0.993 -0.000i) 

     11 (-0.018 +0.018i)  ( 0.041 -0.016i) 
        (-0.016 +0.041i)  (-0.018 +0.018i) 

     12 ( 0.597 +0.000i)  (-0.737 -0.317i) 
        (-0.737 +0.317i)  (-0.597 -0.000i) 

 84 (  11.634):

      1 ( 1.000 -0.000i)  (-0.000 -0.000i) 
        (-0.000 +0.000i)  ( 1.000 -0.000i) 

      2 (-0.011 +0.011i)  ( 0.002 -0.032i) 
        ( 0.032 -0.002i)  ( 0.011 -0.011i) 

      3 (-0.500 -0.000i)  ( 0.649 -0.573i) 
        (-0.649 -0.573i)  (-0.500 +0.000i) 

      4 ( 0.026 -0.026i)  (-0.000 +0.002i) 
        (-0.002 +0.000i)  (-0.026 +0.026i) 

      5 (-0.500 +0.000i)  (-0.649 +0.573i) 
        ( 0.649 +0.573i)  (-0.500 -0.000i) 

      6 (-0.014 +0.014i)  (-0.002 +0.030i) 
        (-0.030 +0.002i)  ( 0.014 -0.014i) 

      7 (-0.026 +0.026i)  (-0.000 -0.000i) 
        ( 0.000 +0.000i)  (-0.026 +0.026i) 

      8 ( 0.446 -0.000i)  (-0.671 +0.592i) 
        (-0.671 -0.592i)  (-0.446 +0.000i) 

      9 ( 0.013 -0.013i)  (-0.002 +0.031i) 
        ( 0.031 -0.002i)  ( 0.013 -0.013i) 

     10 (-0.998 -0.000i)  ( 0.046 -0.040i) 
        ( 0.046 +0.040i)  ( 0.998 -0.000i) 

     11 ( 0.013 -0.013i)  ( 0.002 -0.031i) 
        (-0.031 +0.002i)  ( 0.013 -0.013i) 

     12 ( 0.552 -0.000i)  ( 0.625 -0.552i) 
        ( 0.625 +0.552i)  (-0.552 -0.000i) 

 86 (  11.668):

      1 ( 1.000 -0.000i)  ( 0.000 -0.000i) 
        ( 0.000 +0.000i)  ( 1.000 -0.000i) 

      2 (-0.123 +0.123i)  (-0.187 +0.334i) 
        (-0.334 +0.187i)  ( 0.123 -0.123i) 

      3 (-0.500 +0.000i)  (-0.834 +0.234i) 
        ( 0.834 +0.234i)  (-0.500 -0.000i) 

      4 ( 0.296 -0.296i)  ( 0.020 -0.036i) 
        ( 0.036 -0.020i)  (-0.296 +0.296i) 

      5 (-0.500 -0.000i)  ( 0.834 -0.234i) 
        (-0.834 -0.234i)  (-0.500 +0.000i) 

      6 (-0.173 +0.173i)  ( 0.167 -0.298i) 
        ( 0.298 -0.167i)  ( 0.173 -0.173i) 

      7 ( 0.297 -0.297i)  (-0.000 -0.000i) 
        ( 0.000 +0.000i)  ( 0.297 -0.297i) 

      8 (-0.414 -0.000i)  (-0.877 +0.246i) 
        (-0.877 -0.246i)  ( 0.414 +0.000i) 

      9 (-0.149 +0.149i)  (-0.178 +0.317i) 
        ( 0.317 -0.178i)  (-0.149 +0.149i) 

     10 ( 0.995 -0.000i)  ( 0.093 -0.026i) 
        ( 0.093 +0.026i)  (-0.995 +0.000i) 

     11 (-0.149 +0.149i)  ( 0.178 -0.317i) 
        (-0.317 +0.178i)  (-0.149 +0.149i) 

     12 (-0.582 +0.000i)  ( 0.783 -0.220i) 
        ( 0.783 +0.220i)  ( 0.582 +0.000i) 

 88 (  11.806):

      1 ( 1.000 -0.000i) 
      2 ( 0.404 -0.404i) 
      3 ( 1.000 -0.000i) 
      4 ( 0.404 -0.404i) 
      5 ( 1.000 -0.000i) 
      6 ( 0.404 -0.404i) 
      7 ( 0.404 -0.404i) 
      8 ( 1.000 -0.000i) 
      9 ( 0.404 -0.404i) 
     10 ( 1.000 +0.000i) 
     11 ( 0.404 -0.404i) 
     12 ( 1.000 +0.000i) 

 89 (  12.714):

      1 ( 1.000 -0.000i)  ( 0.000 +0.000i) 
        ( 0.000 -0.000i)  ( 1.000 -0.000i) 

      2 ( 0.048 -0.048i)  (-0.048 +0.035i) 
        (-0.035 +0.048i)  (-0.048 +0.048i) 

      3 (-0.500 -0.000i)  ( 0.856 +0.133i) 
        (-0.856 +0.133i)  (-0.500 +0.000i) 

      4 (-0.061 +0.061i)  (-0.023 +0.017i) 
        (-0.017 +0.023i)  ( 0.061 -0.061i) 

      5 (-0.500 +0.000i)  (-0.856 -0.133i) 
        ( 0.856 -0.133i)  (-0.500 -0.000i) 

      6 ( 0.013 -0.013i)  ( 0.071 -0.052i) 
        ( 0.052 -0.071i)  (-0.013 +0.013i) 

      7 ( 0.064 -0.064i)  ( 0.000 +0.000i) 
        (-0.000 -0.000i)  ( 0.064 -0.064i) 

      8 ( 0.748 -0.000i)  (-0.656 -0.102i) 
        (-0.656 +0.102i)  (-0.748 -0.000i) 

      9 (-0.032 +0.032i)  ( 0.063 -0.046i) 
        (-0.046 +0.063i)  (-0.032 +0.032i) 

     10 (-0.949 -0.000i)  (-0.312 -0.048i) 
        (-0.312 +0.048i)  ( 0.949 +0.000i) 

     11 (-0.032 +0.032i)  (-0.063 +0.046i) 
        ( 0.046 -0.063i)  (-0.032 +0.032i) 

     12 ( 0.201 +0.000i)  ( 0.968 +0.150i) 
        ( 0.968 -0.150i)  (-0.201 +0.000i) 

 91 (  12.719):

      1 ( 1.000 -0.000i)  ( 0.000 +0.000i) 
        ( 0.000 -0.000i)  ( 1.000 -0.000i) 

      2 ( 0.042 -0.042i)  ( 0.068 -0.024i) 
        ( 0.024 -0.068i)  (-0.042 +0.042i) 

      3 (-0.500 -0.000i)  (-0.783 -0.370i) 
        ( 0.783 -0.370i)  (-0.500 +0.000i) 

      4 (-0.065 +0.065i)  ( 0.014 -0.005i) 
        ( 0.005 -0.014i)  ( 0.065 -0.065i) 

      5 (-0.500 +0.000i)  ( 0.783 +0.370i) 
        (-0.783 +0.370i)  (-0.500 -0.000i) 

      6 ( 0.023 -0.023i)  (-0.083 +0.030i) 
        (-0.030 +0.083i)  (-0.023 +0.023i) 

      7 (-0.066 +0.066i)  ( 0.000 +0.000i) 
        (-0.000 -0.000i)  (-0.066 +0.066i) 

      8 (-0.635 +0.000i)  (-0.699 -0.330i) 
        (-0.699 +0.330i)  ( 0.635 -0.000i) 

      9 ( 0.033 -0.033i)  ( 0.076 -0.027i) 
        (-0.027 +0.076i)  ( 0.033 -0.033i) 

     10 ( 0.987 +0.000i)  (-0.148 -0.070i) 
        (-0.148 +0.070i)  (-0.987 +0.000i) 

     11 ( 0.033 -0.033i)  (-0.076 +0.027i) 
        ( 0.027 -0.076i)  ( 0.033 -0.033i) 

     12 (-0.352 +0.000i)  ( 0.847 +0.399i) 
        ( 0.847 -0.399i)  ( 0.352 -0.000i) 

 93 (  12.889):

      1 ( 1.000 -0.000i) 
      2 ( 0.171 -0.171i) 
      3 ( 1.000 +0.000i) 
      4 ( 0.171 -0.171i) 
      5 ( 1.000 -0.000i) 
      6 ( 0.171 -0.171i) 
      7 ( 0.171 -0.171i) 
      8 ( 1.000 -0.000i) 
      9 ( 0.171 -0.171i) 
     10 ( 1.000 -0.000i) 
     11 ( 0.171 -0.171i) 
     12 ( 1.000 -0.000i) 

 94 (  12.964):

      1 ( 1.000 -0.000i) 
      2 (-0.193 +0.193i) 
      3 ( 1.000 -0.000i) 
      4 (-0.193 +0.193i) 
      5 ( 1.000 -0.000i) 
      6 (-0.193 +0.193i) 
      7 (-0.193 +0.193i) 
      8 ( 1.000 -0.000i) 
      9 (-0.193 +0.193i) 
     10 ( 1.000 -0.000i) 
     11 (-0.193 +0.193i) 
     12 ( 1.000 -0.000i) 

 95 (  13.279):

      1 ( 1.000 -0.000i) 
      2 ( 0.073 -0.073i) 
      3 ( 1.000 -0.000i) 
      4 ( 0.073 -0.073i) 
      5 ( 1.000 +0.000i) 
      6 ( 0.073 -0.073i) 
      7 ( 0.073 -0.073i) 
      8 ( 1.000 -0.000i) 
      9 ( 0.073 -0.073i) 
     10 ( 1.000 -0.000i) 
     11 ( 0.073 -0.073i) 
     12 ( 1.000 -0.000i) 

 96 (  13.341):

      1 ( 1.000 -0.000i) 
      2 (-0.078 +0.078i) 
      3 ( 1.000 +0.000i) 
      4 (-0.078 +0.078i) 
      5 ( 1.000 -0.000i) 
      6 (-0.078 +0.078i) 
      7 (-0.078 +0.078i) 
      8 ( 1.000 +0.000i) 
      9 (-0.078 +0.078i) 
     10 ( 1.000 +0.000i) 
     11 (-0.078 +0.078i) 
     12 ( 1.000 -0.000i) 

# W point (Primitive coordinates)
# k_prim = [0.5000, 0.2500, 0.7500]
# k_BCS  = [0.5000, 1.0000, 0.0000]  (BCS label: W)
============================================================
# band  freq(THz)  freq(cm-1)     label(M)   label(BCS)  IR  Raman  OPD(BCS)        OPD(prim)       Daughter SG          Chiral  
     0    -0.4532      -15.12            -           W2  .     .    (a, 0)          (a, 0)          P1(#1)               III     
     1    -0.4532      -15.12            -           W2  .     .    (0, a)          (0, a)          P1(#1)               III     
     2     1.0607       35.38            -           W1  .     .    (a, 0)          (a, 0)          P1(#1)               III     
     3     1.0607       35.38            -           W1  .     .    (0, a)          (0, a)          P1(#1)               III     
     4     1.0801       36.03            -           W2  .     .    (a, 0)          (a, 0)          P1(#1)               III     
     5     1.0801       36.03            -           W2  .     .    (0, a)          (0, a)          P1(#1)               III     
     6     1.1197       37.35            -        W1/W2  .     .    -               (a, 0)          I-42d(#122)          -       
     7     1.1197       37.35            -        W1/W2  .     .    -               (0, a)          I-4(#82)             -       
     8     1.2226       40.78            -        W1/W2  .     .    -               (a, 0)          I-4(#82)             -       
     9     1.2226       40.78            -        W1/W2  .     .    -               (0, a)          I-42m(#121)          -       
    10     1.3093       43.67            -           W1  .     .    (a, 0)          (a, 0)          P1(#1)               III     
    11     1.3093       43.67            -           W1  .     .    (0, a)          (0, a)          P1(#1)               III     
    12     1.6057       53.56            -           W2  .     .    (a, 0)          (a, 0)          P1(#1)               III     
    13     1.6057       53.56            -           W2  .     .    (0, a)          (0, a)          P1(#1)               III     
    14     1.7733       59.15            -           W1  .     .    (a, 0)          (a, 0)          P1(#1)               III     
    15     1.7733       59.15            -           W1  .     .    (0, a)          (0, a)          P1(#1)               III     
    16     1.9202       64.05            -           W1  .     .    (a, 0)          (a, 0)          P1(#1)               III     
    17     1.9202       64.05            -           W1  .     .    (0, a)          (0, a)          P1(#1)               III     
    18     1.9440       64.85            -        W1/W2  .     .    -               (a, 0)          I-42m(#121)          -       
    19     1.9440       64.85            -        W1/W2  .     .    -               (0, a)          I-4(#82)             -       
    20     2.0653       68.89            -           W1  .     .    (a, 0)          (a, 0)          P1(#1)               III     
    21     2.0653       68.89            -           W1  .     .    (0, a)          (0, a)          P1(#1)               III     
    22     2.4675       82.31            -           W2  .     .    (a, 0)          (a, 0)          P1(#1)               III     
    23     2.4675       82.31            -           W2  .     .    (0, a)          (0, a)          P1(#1)               III     
    24     2.8132       93.84            -        W1/W2  .     .    -               (a, 0)          I-4(#82)             -       
    25     2.8132       93.84            -        W1/W2  .     .    -               (0, a)          I-42d(#122)          -       
    26     2.8863       96.28            -        W1/W2  .     .    -               (a, 0)          I-4(#82)             -       
    27     2.8863       96.28            -        W1/W2  .     .    -               (0, a)          I-42m(#121)          -       
    28     2.9285       97.68            -        W1/W2  .     .    -               (a, 0)          I-4(#82)             -       
    29     2.9285       97.68            -        W1/W2  .     .    -               (0, a)          I-42d(#122)          -       
    30     3.0068      100.30            -        W1/W2  .     .    -               (a, 0)          I-42d(#122)          -       
    31     3.0068      100.30            -        W1/W2  .     .    -               (0, a)          I-4(#82)             -       
    32     3.0233      100.85            -        W1/W2  .     .    -               (a, 0)          I-42m(#121)          -       
    33     3.0233      100.85            -        W1/W2  .     .    -               (0, a)          I-4(#82)             -       
    34     3.9081      130.36            -           W1  .     .    (a, 0)          (a, 0)          P1(#1)               III     
    35     3.9081      130.36            -           W1  .     .    (0, a)          (0, a)          P1(#1)               III     
    36     3.9545      131.91            -        W1/W2  .     .    -               (a, 0)          I-4(#82)             -       
    37     3.9545      131.91            -        W1/W2  .     .    -               (0, a)          I-42d(#122)          -       
    38     4.0858      136.29            -        W1/W2  .     .    -               (a, 0)          I-42m(#121)          -       
    39     4.0858      136.29            -        W1/W2  .     .    -               (0, a)          I-4(#82)             -       
    40     4.6826      156.19            -           W1  .     .    (a, 0)          (a, 0)          P1(#1)               III     
    41     4.6826      156.19            -           W1  .     .    (0, a)          (0, a)          P1(#1)               III     
    42     4.6999      156.77            -           W2  .     .    (a, 0)          (a, 0)          P1(#1)               III     
    43     4.6999      156.77            -           W2  .     .    (0, a)          (0, a)          P1(#1)               III     
    44     4.7660      158.98            -           W1  .     .    (a, 0)          (a, 0)          P1(#1)               III     
    45     4.7660      158.98            -           W1  .     .    (0, a)          (0, a)          P1(#1)               III     
    46     4.9529      165.21            -           W2  .     .    (a, 0)          (a, 0)          P1(#1)               III     
    47     4.9529      165.21            -           W2  .     .    (0, a)          (0, a)          P1(#1)               III     
    48     5.0496      168.44            -           W1  .     .    (a, 0)          (a, 0)          P1(#1)               III     
    49     5.0496      168.44            -           W1  .     .    (0, a)          (0, a)          P1(#1)               III     
    50     5.1093      170.43            -           W2  .     .    (a, 0)          (a, 0)          P1(#1)               III     
    51     5.1093      170.43            -           W2  .     .    (0, a)          (0, a)          P1(#1)               III     
    52     5.1603      172.13            -           W1  .     .    (a, 0)          (a, 0)          P1(#1)               III     
    53     5.1603      172.13            -           W1  .     .    (0, a)          (0, a)          P1(#1)               III     
    54     5.2092      173.76            -           W2  .     .    (a, 0)          (a, 0)          P1(#1)               III     
    55     5.2092      173.76            -           W2  .     .    (0, a)          (0, a)          P1(#1)               III     
    56     5.3193      177.43            -        W1/W2  .     .    -               (a, 0)          I-4(#82)             -       
    57     5.3193      177.43            -        W1/W2  .     .    -               (0, a)          I-42m(#121)          -       
    58     5.4323      181.20            -           W1  .     .    (a, 0)          (a, 0)          P1(#1)               III     
    59     5.4323      181.20            -           W1  .     .    (0, a)          (0, a)          P1(#1)               III     
    60     5.4571      182.03            -           W2  .     .    (a, 0)          (a, 0)          P1(#1)               III     
    61     5.4571      182.03            -           W2  .     .    (0, a)          (0, a)          P1(#1)               III     
    62     5.7597      192.12            -           W2  .     .    (a, 0)          (a, 0)          P1(#1)               III     
    63     5.7597      192.12            -           W2  .     .    (0, a)          (0, a)          P1(#1)               III     
    64    10.1447      338.39            -        W1/W2  .     .    -               (a, 0)          I-42d(#122)          -       
    65    10.1447      338.39            -        W1/W2  .     .    -               (0, a)          I-4(#82)             -       
    66    10.1900      339.90            -        W1/W2  .     .    -               (a, 0)          I-42m(#121)          -       
    67    10.1900      339.90            -        W1/W2  .     .    -               (0, a)          I-4(#82)             -       
    68    10.2212      340.94            -        W1/W2  .     .    -               (a, 0)          I-42m(#121)          -       
    69    10.2212      340.94            -        W1/W2  .     .    -               (0, a)          I-4(#82)             -       
    70    10.2301      341.24            -        W1/W2  .     .    -               (a, 0)          I-4(#82)             -       
    71    10.2301      341.24            -        W1/W2  .     .    -               (0, a)          I-42d(#122)          -       
    72    10.6247      354.40            -        W1/W2  .     .    -               (a, 0)          I-4(#82)             -       
    73    10.6247      354.40            -        W1/W2  .     .    -               (0, a)          I-42d(#122)          -       
    74    10.6506      355.27            -        W1/W2  .     .    -               (a, 0)          I-4(#82)             -       
    75    10.6506      355.27            -        W1/W2  .     .    -               (0, a)          I-42m(#121)          -       
    76    10.7575      358.83            -        W1/W2  .     .    -               (a, 0)          I-4(#82)             -       
    77    10.7575      358.83            -        W1/W2  .     .    -               (0, a)          I-42d(#122)          -       
    78    11.2574      375.51            -        W1/W2  .     .    -               (a, 0)          I-4(#82)             -       
    79    11.2574      375.51            -        W1/W2  .     .    -               (0, a)          I-42m(#121)          -       
    80    11.3077      377.18            -        W1/W2  .     .    -               (a, 0)          I-42d(#122)          -       
    81    11.3077      377.18            -        W1/W2  .     .    -               (0, a)          I-4(#82)             -       
    82    11.4657      382.46            -        W1/W2  .     .    -               (a, 0)          I-42m(#121)          -       
    83    11.4657      382.46            -        W1/W2  .     .    -               (0, a)          I-4(#82)             -       
    84    11.6432      388.37            -        W1/W2  .     .    -               (a, 0)          I-42d(#122)          -       
    85    11.6432      388.37            -        W1/W2  .     .    -               (0, a)          I-4(#82)             -       
    86    11.8690      395.91            -        W1/W2  .     .    -               (a, 0)          I-4(#82)             -       
    87    11.8690      395.91            -        W1/W2  .     .    -               (0, a)          I-42m(#121)          -       
    88    12.7233      424.40            -           W2  .     .    (a, 0)          (a, 0)          P1(#1)               III     
    89    12.7233      424.40            -           W2  .     .    (0, a)          (0, a)          P1(#1)               III     
    90    12.7315      424.68            -           W1  .     .    (a, 0)          (a, 0)          P1(#1)               III     
    91    12.7315      424.68            -           W1  .     .    (0, a)          (0, a)          P1(#1)               III     
    92    13.0883      436.58            -           W2  .     .    (a, 0)          (a, 0)          P1(#1)               III     
    93    13.0883      436.58            -           W2  .     .    (0, a)          (0, a)          P1(#1)               III     
    94    13.2180      440.91            -           W1  .     .    (a, 0)          (a, 0)          P1(#1)               III     
    95    13.2180      440.91            -           W1  .     .    (0, a)          (0, a)          P1(#1)               III     


# Full-star domain OPDs
label      OPD(full star)                                Daughter SG          Chiral   order
W1         (a, 0; 0, 0; 0, 0; 0, 0; 0, 0; 0, 0)          I-4(#82)             -           64
W1         (0, a; 0, 0; 0, 0; 0, 0; 0, 0; 0, 0)          I-4(#82)             -           64
W1         (0, 0; a, 0; 0, 0; 0, 0; 0, 0; 0, 0)          I-4(#82)             -           64
W1         (0, 0; 0, a; 0, 0; 0, 0; 0, 0; 0, 0)          I-4(#82)             -           64
W1         (0, 0; 0, 0; a, 0; 0, 0; 0, 0; 0, 0)          I-4(#82)             -           64
W1         (0, 0; 0, 0; 0, a; 0, 0; 0, 0; 0, 0)          I-4(#82)             -           64
W1         (0, 0; 0, 0; 0, 0; a, 0; 0, 0; 0, 0)          I-4(#82)             -           64
W1         (0, 0; 0, 0; 0, 0; 0, a; 0, 0; 0, 0)          I-4(#82)             -           64
W1         (0, 0; 0, 0; 0, 0; 0, 0; a, 0; 0, 0)          I-4(#82)             -           64
W1         (0, 0; 0, 0; 0, 0; 0, 0; 0, a; 0, 0)          I-4(#82)             -           64
W1         (0, 0; 0, 0; 0, 0; 0, 0; 0, 0; a, 0)          I-4(#82)             -           64
W1         (0, 0; 0, 0; 0, 0; 0, 0; 0, 0; 0, a)          I-4(#82)             -           64
W1         (a, 0; a, 0; a, 0; a, 0; a, 0; a, 0)          P2_13(#198)          III         24
W1         (0, a; 0, a; 0, a; 0, a; 0, a; 0, a)          P-43n(#218)          -           48
W1         (a, 0; 0, 0; 0, a; 0, 0; 0, 0; 0, 0)          P1(#1)               III          4
W1         (a, 0; a, 0; 0, a; 0, a; 0, 0; 0, 0)          P222_1(#17)          III         16
W1         (a, a; a, a; 0, a; sqrt(2)a, a; 0, 0; 0, 0)   P1(#1)               III          4
W2         (a, 0; 0, 0; 0, 0; 0, 0; 0, 0; 0, 0)          I-4(#82)             -           64
W2         (0, a; 0, 0; 0, 0; 0, 0; 0, 0; 0, 0)          I-4(#82)             -           64
W2         (0, 0; a, 0; 0, 0; 0, 0; 0, 0; 0, 0)          I-4(#82)             -           64
W2         (0, 0; 0, a; 0, 0; 0, 0; 0, 0; 0, 0)          I-4(#82)             -           64
W2         (0, 0; 0, 0; a, 0; 0, 0; 0, 0; 0, 0)          I-4(#82)             -           64
W2         (0, 0; 0, 0; 0, a; 0, 0; 0, 0; 0, 0)          I-4(#82)             -           64
W2         (0, 0; 0, 0; 0, 0; a, 0; 0, 0; 0, 0)          I-4(#82)             -           64
W2         (0, 0; 0, 0; 0, 0; 0, a; 0, 0; 0, 0)          I-4(#82)             -           64
W2         (0, 0; 0, 0; 0, 0; 0, 0; a, 0; 0, 0)          I-4(#82)             -           64
W2         (0, 0; 0, 0; 0, 0; 0, 0; 0, a; 0, 0)          I-4(#82)             -           64
W2         (0, 0; 0, 0; 0, 0; 0, 0; 0, 0; a, 0)          I-4(#82)             -           64
W2         (0, 0; 0, 0; 0, 0; 0, 0; 0, 0; 0, a)          I-4(#82)             -           64
W2         (a, 0; a, 0; a, 0; a, 0; a, 0; a, 0)          P-43m(#215)          -           48
W2         (0, a; 0, a; 0, a; 0, a; 0, a; 0, a)          P2_13(#198)          III         24
W2         (a, 0; 0, 0; 0, a; 0, 0; 0, 0; 0, 0)          P1(#1)               III          4
W2         (a, 0; a, 0; 0, a; 0, a; 0, 0; 0, 0)          P222_1(#17)          III         16
W2         (a, a; a, a; 0, a; sqrt(2)a, a; 0, 0; 0, 0)   P1(#1)               III          4

# Verbose output for W

-------------------------------
  Irreducible representations
-------------------------------
q-point: [0.5  0.25 0.75]
Point group: -42m

Original symmetry operations:

        1               2               3               4       
 --------------  --------------  --------------  -------------- 
  1  0  0  0.00  -1 -1 -1  0.00   1  1  1  0.25  -1  0  0  0.25 
  0  1  0  0.00   0  0  1  0.00   0 -1  0  0.25   0  0 -1  0.25 
  0  0  1  0.00   0  1  0  0.00   0  0 -1  0.25   0 -1  0  0.25 

        5               6               7               8       
 --------------  --------------  --------------  -------------- 
  0 -1  0  0.25   0  0 -1  0.25   0  0  1  0.00   0  1  0  0.00 
 -1  0  0  0.25   1  1  1  0.25   1  0  0  0.00  -1 -1 -1  0.00 
  1  1  1  0.25  -1  0  0  0.25  -1 -1 -1  0.00   1  0  0  0.00 

Transformation matrix:

 0.000  0.500  0.500
 0.500  0.000  0.500
 0.500  0.500  0.000

Rotation matrices after transformation matrix:

     1         2         3         4    
 --------  --------  --------  -------- 
  1  0  0   1  0  0  -1  0  0  -1  0  0 
  0  1  0   0 -1  0   0  0  1   0  0 -1 
  0  0  1   0  0 -1   0  1  0   0 -1  0 

     5         6         7         8    
 --------  --------  --------  -------- 
  1  0  0   1  0  0  -1  0  0  -1  0  0 
  0  1  0   0 -1  0   0  0 -1   0  0  1 
  0  0 -1   0  0  1   0  1  0   0 -1  0 

Character table:

  1 (  -0.453): 
    ( 2,   0.0) ( 0, 180.0) ( 0, 315.0) ( 0, 315.0) ( 0,   0.0) ( 0, 315.0) 
    ( 1,   0.0) ( 1,   0.0) 

  3 (   1.061): 
    ( 2,   0.0) ( 0, 180.0) ( 0, 315.0) ( 0, 315.0) ( 0,   0.0) ( 0, 135.0) 
    ( 1, 180.0) ( 1, 180.0) 

  5 (   1.080): 
    ( 2,   0.0) ( 0, 180.0) ( 0, 135.0) ( 0, 135.0) ( 0,   0.0) ( 0, 135.0) 
    ( 0,   0.0) ( 0,   0.0) 

  7 (   1.120): 
    ( 2,   0.0) ( 0, 180.0) ( 0, 315.0) ( 0, 315.0) ( 0,   0.0) ( 1, 135.0) 
    ( 0, 180.0) ( 0, 180.0) 

  9 (   1.223): 
    ( 2,   0.0) ( 0,   0.0) ( 0, 315.0) ( 0, 315.0) ( 0,   0.0) ( 0, 135.0) 
    ( 0, 180.0) ( 0, 180.0) 

 11 (   1.309): 
    ( 2,   0.0) ( 1, 180.0) ( 0, 315.0) ( 0, 315.0) ( 0,   0.0) ( 0, 135.0) 
    ( 0, 180.0) ( 0, 180.0) 

 13 (   1.606): 
    ( 2,   0.0) ( 1, 180.0) ( 0, 135.0) ( 0, 135.0) ( 0,   0.0) ( 0, 135.0) 
    ( 0,   0.0) ( 0,   0.0) 

 15 (   1.773): 
    ( 2,   0.0) ( 0, 180.0) ( 0, 315.0) ( 0, 315.0) ( 0,   0.0) ( 1, 315.0) 
    ( 0, 180.0) ( 0, 180.0) 

 17 (   1.920): 
    ( 2,   0.0) ( 0,   0.0) ( 0, 315.0) ( 0, 315.0) ( 0,   0.0) ( 0, 135.0) 
    ( 0,   0.0) ( 0,   0.0) 

 19 (   1.944): 
    ( 2,   0.0) ( 1, 180.0) ( 0, 135.0) ( 0, 135.0) ( 0,   0.0) ( 1, 315.0) 
    ( 0,   0.0) ( 0,   0.0) 

 21 (   2.065): 
    ( 2,   0.0) ( 0, 180.0) ( 0, 315.0) ( 0, 315.0) ( 0,   0.0) ( 1, 135.0) 
    ( 0, 180.0) ( 0, 180.0) 

 23 (   2.467): 
    ( 2,   0.0) ( 0, 180.0) ( 1, 315.0) ( 1, 315.0) ( 0,   0.0) ( 1, 315.0) 
    ( 0,   0.0) ( 0,   0.0) 

 25 (   2.813): 
    ( 2,   0.0) ( 0, 180.0) ( 0, 315.0) ( 0, 315.0) ( 0,   0.0) ( 0, 135.0) 
    ( 0,   0.0) ( 0,   0.0) 

 27 (   2.886): 
    ( 2,   0.0) ( 1, 180.0) ( 0, 135.0) ( 0, 135.0) ( 0,   0.0) ( 0, 315.0) 
    ( 0,   0.0) ( 0,   0.0) 

 29 (   2.929): 
    ( 2,   0.0) ( 0, 180.0) ( 0, 135.0) ( 0, 135.0) ( 0,   0.0) ( 0, 315.0) 
    ( 0,   0.0) ( 0,   0.0) 

 31 (   3.007): 
    ( 2,   0.0) ( 1,   0.0) ( 0, 135.0) ( 0, 135.0) ( 0,   0.0) ( 0, 135.0) 
    ( 1,   0.0) ( 1,   0.0) 

 33 (   3.023): 
    ( 2,   0.0) ( 1,   0.0) ( 0, 315.0) ( 0, 315.0) ( 0,   0.0) ( 0, 135.0) 
    ( 1, 180.0) ( 1, 180.0) 

 35 (   3.908): 
    ( 2,   0.0) ( 0,   0.0) ( 0, 315.0) ( 0, 315.0) ( 0,   0.0) ( 0, 315.0) 
    ( 0, 180.0) ( 0, 180.0) 

 37 (   3.954): 
    ( 2,   0.0) ( 1, 180.0) ( 0, 135.0) ( 0, 135.0) ( 0,   0.0) ( 0, 135.0) 
    ( 0, 180.0) ( 0, 180.0) 

 39 (   4.086): 
    ( 2,   0.0) ( 0, 180.0) ( 0, 135.0) ( 0, 135.0) ( 0,   0.0) ( 0, 135.0) 
    ( 0,   0.0) ( 0,   0.0) 

 41 (   4.683): 
    ( 2,   0.0) ( 1, 180.0) ( 0, 315.0) ( 0, 315.0) ( 0,   0.0) ( 1, 315.0) 
    ( 0, 180.0) ( 0, 180.0) 

 43 (   4.700): 
    ( 2,   0.0) ( 1, 180.0) ( 0, 315.0) ( 0, 315.0) ( 0,   0.0) ( 0, 135.0) 
    ( 0,   0.0) ( 0,   0.0) 

 45 (   4.766): 
    ( 2,   0.0) ( 1,   0.0) ( 0, 135.0) ( 0, 135.0) ( 0,   0.0) ( 0, 135.0) 
    ( 1,   0.0) ( 1,   0.0) 

 47 (   4.953): 
    ( 2,   0.0) ( 0,   0.0) ( 0, 135.0) ( 0, 135.0) ( 0,   0.0) ( 0, 135.0) 
    ( 1, 180.0) ( 1, 180.0) 

 49 (   5.050): 
    ( 2,   0.0) ( 0,   0.0) ( 0, 135.0) ( 0, 135.0) ( 0,   0.0) ( 1, 135.0) 
    ( 1,   0.0) ( 1,   0.0) 

 51 (   5.109): 
    ( 2,   0.0) ( 0, 180.0) ( 0, 315.0) ( 0, 315.0) ( 0,   0.0) ( 1, 135.0) 
    ( 0, 180.0) ( 0, 180.0) 

 53 (   5.160): 
    ( 2,   0.0) ( 0,   0.0) ( 0, 315.0) ( 0, 315.0) ( 0,   0.0) ( 0, 315.0) 
    ( 1, 180.0) ( 1, 180.0) 

 55 (   5.209): 
    ( 2,   0.0) ( 0,   0.0) ( 0, 315.0) ( 0, 315.0) ( 0,   0.0) ( 0, 135.0) 
    ( 1, 180.0) ( 1, 180.0) 

 57 (   5.319): 
    ( 2,   0.0) ( 1, 180.0) ( 0, 135.0) ( 0, 135.0) ( 0,   0.0) ( 0, 135.0) 
    ( 0,   0.0) ( 0,   0.0) 

 59 (   5.432): 
    ( 2,   0.0) ( 0, 180.0) ( 0, 135.0) ( 0, 135.0) ( 0,   0.0) ( 1, 315.0) 
    ( 0, 180.0) ( 0, 180.0) 

 61 (   5.457): 
    ( 2,   0.0) ( 0, 180.0) ( 0, 135.0) ( 0, 135.0) ( 0,   0.0) ( 1, 315.0) 
    ( 0, 180.0) ( 0, 180.0) 

 63 (   5.760): 
    ( 2,   0.0) ( 0,   0.0) ( 0, 135.0) ( 0, 135.0) ( 0,   0.0) ( 0, 315.0) 
    ( 1,   0.0) ( 1,   0.0) 

 65 (  10.145): 
    ( 2,   0.0) ( 1,   0.0) ( 0, 135.0) ( 0, 135.0) ( 0,   0.0) ( 0, 135.0) 
    ( 1,   0.0) ( 1,   0.0) 

 67 (  10.190): 
    ( 2,   0.0) ( 1,   0.0) ( 0, 135.0) ( 0, 135.0) ( 0,   0.0) ( 0, 315.0) 
    ( 1, 180.0) ( 1, 180.0) 

 69 (  10.221): 
    ( 2,   0.0) ( 0, 180.0) ( 0, 315.0) ( 0, 315.0) ( 0,   0.0) ( 0, 135.0) 
    ( 0, 180.0) ( 0, 180.0) 

 71 (  10.230): 
    ( 2,   0.0) ( 1, 180.0) ( 0, 315.0) ( 0, 315.0) ( 0,   0.0) ( 0, 315.0) 
    ( 0, 180.0) ( 0, 180.0) 

 73 (  10.625): 
    ( 2,   0.0) ( 0, 180.0) ( 0, 315.0) ( 0, 315.0) ( 0,   0.0) ( 1, 315.0) 
    ( 1,   0.0) ( 1,   0.0) 

 75 (  10.651): 
    ( 2,   0.0) ( 1, 180.0) ( 0, 135.0) ( 0, 135.0) ( 0,   0.0) ( 0, 315.0) 
    ( 0,   0.0) ( 0,   0.0) 

 77 (  10.757): 
    ( 2,   0.0) ( 1, 180.0) ( 0, 135.0) ( 0, 135.0) ( 0,   0.0) ( 0, 135.0) 
    ( 0,   0.0) ( 0,   0.0) 

 79 (  11.257): 
    ( 2,   0.0) ( 0,   0.0) ( 0, 315.0) ( 0, 315.0) ( 0,   0.0) ( 0, 135.0) 
    ( 1, 180.0) ( 1, 180.0) 

 81 (  11.308): 
    ( 2,   0.0) ( 1,   0.0) ( 0, 135.0) ( 0, 135.0) ( 0,   0.0) ( 0, 135.0) 
    ( 1,   0.0) ( 1,   0.0) 

 83 (  11.466): 
    ( 2,   0.0) ( 1,   0.0) ( 0, 135.0) ( 0, 135.0) ( 0,   0.0) ( 0, 315.0) 
    ( 1, 180.0) ( 1, 180.0) 

 85 (  11.643): 
    ( 2,   0.0) ( 0, 180.0) ( 0, 315.0) ( 0, 315.0) ( 0,   0.0) ( 0, 315.0) 
    ( 0,   0.0) ( 0,   0.0) 

 87 (  11.869): 
    ( 2,   0.0) ( 1, 180.0) ( 0, 135.0) ( 0, 135.0) ( 0,   0.0) ( 0, 315.0) 
    ( 0, 180.0) ( 0, 180.0) 

 89 (  12.723): 
    ( 2,   0.0) ( 0,   0.0) ( 0, 135.0) ( 0, 135.0) ( 0,   0.0) ( 0, 315.0) 
    ( 1, 180.0) ( 1, 180.0) 

 91 (  12.731): 
    ( 2,   0.0) ( 0, 180.0) ( 0, 135.0) ( 0, 135.0) ( 0,   0.0) ( 0, 315.0) 
    ( 1, 180.0) ( 1, 180.0) 

 93 (  13.088): 
    ( 2,   0.0) ( 0, 180.0) ( 0, 315.0) ( 0, 315.0) ( 0,   0.0) ( 0, 135.0) 
    ( 1,   0.0) ( 1,   0.0) 

 95 (  13.218): 
    ( 2,   0.0) ( 0,   0.0) ( 0, 315.0) ( 0, 315.0) ( 0,   0.0) ( 0, 135.0) 
    ( 1,   0.0) ( 1,   0.0) 

IR representations:

  1 (  -0.453):

      1 ( 1.000 -0.000i)  ( 0.000 +0.000i) 
        ( 0.000 -0.000i)  ( 1.000 -0.000i) 

      2 (-0.007 -0.000i)  (-0.168 +0.035i) 
        (-0.168 -0.035i)  (-0.007 +0.000i) 

      3 ( 0.183 -0.183i)  (-0.176 +0.189i) 
        (-0.189 +0.176i)  (-0.143 +0.143i) 

      4 (-0.143 +0.143i)  (-0.103 +0.237i) 
        (-0.237 +0.103i)  ( 0.183 -0.183i) 

      5 ( 0.000 -0.000i)  (-0.548 +0.836i) 
        (-0.836 +0.548i)  (-0.000 +0.000i) 

      6 ( 0.121 -0.121i)  ( 0.004 -0.006i) 
        ( 0.006 -0.004i)  ( 0.121 -0.121i) 

      7 ( 0.255 +0.043i)  (-0.253 +0.053i) 
        ( 0.197 +0.041i)  ( 0.255 -0.043i) 

      8 ( 0.255 -0.043i)  ( 0.197 -0.041i) 
        (-0.253 -0.053i)  ( 0.255 +0.043i) 

  3 (   1.061):

      1 ( 1.000 +0.000i)  ( 0.000 -0.000i) 
        ( 0.000 +0.000i)  ( 1.000 -0.000i) 

      2 (-0.056 +0.000i)  (-0.141 -0.060i) 
        (-0.141 +0.060i)  (-0.056 -0.000i) 

      3 (-0.061 +0.061i)  (-0.232 +0.239i) 
        (-0.239 +0.232i)  ( 0.212 -0.212i) 

      4 ( 0.212 -0.212i)  (-0.333 -0.012i) 
        ( 0.012 +0.333i)  (-0.061 +0.061i) 

      5 ( 0.000 -0.000i)  ( 0.928 -0.372i) 
        ( 0.372 -0.928i)  (-0.000 +0.000i) 

      6 (-0.109 +0.109i)  (-0.052 +0.021i) 
        (-0.021 +0.052i)  (-0.109 +0.109i) 

      7 (-0.304 +0.135i)  (-0.080 -0.034i) 
        ( 0.275 -0.118i)  (-0.304 -0.135i) 

      8 (-0.304 -0.135i)  ( 0.275 +0.118i) 
        (-0.080 +0.034i)  (-0.304 +0.135i) 

  5 (   1.080):

      1 ( 1.000 -0.000i)  ( 0.000 -0.000i) 
        ( 0.000 +0.000i)  ( 1.000 -0.000i) 

      2 (-0.108 -0.000i)  ( 0.039 +0.080i) 
        ( 0.039 -0.080i)  (-0.108 -0.000i) 

      3 (-0.001 +0.001i)  (-0.174 -0.066i) 
        ( 0.066 +0.174i)  (-0.003 +0.003i) 

      4 (-0.003 +0.003i)  (-0.177 -0.055i) 
        ( 0.055 +0.177i)  (-0.001 +0.001i) 

      5 ( 0.000 -0.000i)  (-0.946 -0.325i) 
        ( 0.325 +0.946i)  (-0.000 +0.000i) 

      6 (-0.063 +0.063i)  ( 0.103 +0.035i) 
        (-0.035 -0.103i)  (-0.063 +0.063i) 

      7 ( 0.186 +0.006i)  ( 0.000 +0.001i) 
        ( 0.002 -0.004i)  ( 0.186 -0.006i) 

      8 ( 0.186 -0.006i)  ( 0.002 +0.004i) 
        ( 0.000 -0.001i)  ( 0.186 +0.006i) 

  7 (   1.120):

      1 ( 1.000 -0.000i)  ( 0.000 -0.000i) 
        ( 0.000 -0.000i)  ( 1.000 -0.000i) 

      2 (-0.032 +0.000i)  ( 0.186 +0.294i) 
        ( 0.186 -0.294i)  (-0.032 +0.000i) 

      3 ( 0.056 -0.056i)  ( 0.046 -0.083i) 
        ( 0.083 -0.046i)  ( 0.122 -0.122i) 

      4 ( 0.122 -0.122i)  ( 0.006 +0.095i) 
        (-0.095 -0.006i)  ( 0.056 -0.056i) 

      5 ( 0.000 -0.000i)  (-0.976 -0.220i) 
        ( 0.220 +0.976i)  (-0.000 +0.000i) 

      6 (-0.246 +0.246i)  ( 0.031 +0.007i) 
        (-0.007 -0.031i)  (-0.246 +0.246i) 

      7 (-0.027 +0.091i)  (-0.043 -0.067i) 
        (-0.092 +0.146i)  (-0.027 -0.091i) 

      8 (-0.027 -0.091i)  (-0.092 -0.146i) 
        (-0.043 +0.067i)  (-0.027 +0.091i) 

  9 (   1.223):

      1 ( 1.000 -0.000i)  ( 0.000 -0.000i) 
        ( 0.000 +0.000i)  ( 1.000 -0.000i) 

      2 ( 0.120 -0.000i)  (-0.134 +0.124i) 
        (-0.134 -0.124i)  ( 0.120 +0.000i) 

      3 ( 0.123 -0.123i)  ( 0.030 +0.250i) 
        (-0.250 -0.030i)  ( 0.043 -0.043i) 

      4 ( 0.043 -0.043i)  (-0.050 +0.247i) 
        (-0.247 +0.050i)  ( 0.123 -0.123i) 

      5 (-0.000 +0.000i)  ( 0.039 -0.999i) 
        ( 0.999 -0.039i)  ( 0.000 -0.000i) 

      6 (-0.129 +0.129i)  ( 0.005 -0.120i) 
        ( 0.120 -0.005i)  (-0.129 +0.129i) 

      7 (-0.248 +0.040i)  ( 0.128 -0.118i) 
        ( 0.045 +0.042i)  (-0.248 -0.040i) 

      8 (-0.248 -0.040i)  ( 0.045 -0.042i) 
        ( 0.128 +0.118i)  (-0.248 +0.040i) 

 11 (   1.309):

      1 ( 1.000 -0.000i)  ( 0.000 +0.000i) 
        ( 0.000 -0.000i)  ( 1.000 -0.000i) 

      2 (-0.290 +0.000i)  (-0.041 +0.014i) 
        (-0.041 -0.014i)  (-0.290 -0.000i) 

      3 ( 0.039 -0.039i)  (-0.281 +0.086i) 
        (-0.086 +0.281i)  ( 0.051 -0.051i) 

      4 ( 0.051 -0.051i)  ( 0.104 +0.275i) 
        (-0.275 -0.104i)  ( 0.039 -0.039i) 

      5 ( 0.000 -0.000i)  ( 0.440 -0.898i) 
        ( 0.898 -0.440i)  (-0.000 +0.000i) 

      6 (-0.031 +0.031i)  (-0.128 +0.260i) 
        (-0.260 +0.128i)  (-0.031 +0.031i) 

      7 (-0.201 -0.215i)  ( 0.053 -0.018i) 
        ( 0.068 +0.023i)  (-0.201 +0.215i) 

      8 (-0.201 +0.215i)  ( 0.068 -0.023i) 
        ( 0.053 +0.018i)  (-0.201 -0.215i) 

 13 (   1.606):

      1 ( 1.000 -0.000i)  ( 0.000 -0.000i) 
        ( 0.000 +0.000i)  ( 1.000 -0.000i) 

      2 (-0.261 -0.000i)  ( 0.016 +0.184i) 
        ( 0.016 -0.184i)  (-0.261 -0.000i) 

      3 (-0.121 +0.121i)  (-0.102 -0.116i) 
        ( 0.116 +0.102i)  ( 0.032 -0.032i) 

      4 ( 0.032 -0.032i)  (-0.132 -0.081i) 
        ( 0.081 +0.132i)  (-0.121 +0.121i) 

      5 (-0.000 +0.000i)  (-0.765 -0.645i) 
        ( 0.645 +0.765i)  ( 0.000 -0.000i) 

      6 (-0.130 +0.130i)  ( 0.200 +0.168i) 
        (-0.168 -0.200i)  (-0.130 +0.130i) 

      7 ( 0.153 +0.023i)  ( 0.014 +0.170i) 
        (-0.004 +0.046i)  ( 0.153 -0.023i) 

      8 ( 0.153 -0.023i)  (-0.004 -0.046i) 
        ( 0.014 -0.170i)  ( 0.153 +0.023i) 

 15 (   1.773):

      1 ( 1.000 -0.000i)  ( 0.000 +0.000i) 
        ( 0.000 -0.000i)  ( 1.000 -0.000i) 

      2 (-0.131 -0.000i)  (-0.023 -0.398i) 
        (-0.023 +0.398i)  (-0.131 +0.000i) 

      3 ( 0.125 -0.125i)  ( 0.066 -0.041i) 
        ( 0.041 -0.066i)  (-0.075 +0.075i) 

      4 (-0.075 +0.075i)  (-0.033 +0.070i) 
        (-0.070 +0.033i)  ( 0.125 -0.125i) 

      5 ( 0.000 -0.000i)  (-0.747 -0.665i) 
        ( 0.665 +0.747i)  (-0.000 +0.000i) 

      6 ( 0.282 -0.282i)  ( 0.098 +0.087i) 
        (-0.087 -0.098i)  ( 0.282 -0.282i) 

      7 (-0.022 +0.075i)  (-0.010 -0.177i) 
        ( 0.006 -0.106i)  (-0.022 -0.075i) 

      8 (-0.022 -0.075i)  ( 0.006 +0.106i) 
        (-0.010 +0.177i)  (-0.022 +0.075i) 

 17 (   1.920):

      1 ( 1.000 -0.000i)  (-0.000 +0.000i) 
        (-0.000 -0.000i)  ( 1.000 +0.000i) 

      2 ( 0.015 -0.000i)  (-0.001 -0.031i) 
        (-0.001 +0.031i)  ( 0.015 -0.000i) 

      3 (-0.030 +0.030i)  ( 0.014 +0.089i) 
        (-0.089 -0.014i)  ( 0.050 -0.050i) 

      4 ( 0.050 -0.050i)  ( 0.090 +0.005i) 
        (-0.005 -0.090i)  (-0.030 +0.030i) 

      5 ( 0.000 -0.000i)  ( 0.738 +0.674i) 
        (-0.674 -0.738i)  (-0.000 +0.000i) 

      6 (-0.022 +0.022i)  ( 0.011 +0.010i) 
        (-0.010 -0.011i)  (-0.022 +0.022i) 

      7 ( 0.070 +0.057i)  (-0.002 -0.042i) 
        ( 0.003 -0.071i)  ( 0.070 -0.057i) 

      8 ( 0.070 -0.057i)  ( 0.003 +0.071i) 
        (-0.002 +0.042i)  ( 0.070 +0.057i) 

 19 (   1.944):

      1 ( 1.000 -0.000i)  (-0.000 -0.000i) 
        (-0.000 +0.000i)  ( 1.000 -0.000i) 

      2 (-0.270 +0.000i)  (-0.256 -0.180i) 
        (-0.256 +0.180i)  (-0.270 -0.000i) 

      3 ( 0.110 -0.110i)  (-0.037 -0.139i) 
        ( 0.139 +0.037i)  (-0.162 +0.162i) 

      4 (-0.162 +0.162i)  ( 0.012 +0.144i) 
        (-0.144 -0.012i)  ( 0.110 -0.110i) 

      5 ( 0.000 -0.000i)  (-0.985 +0.172i) 
        (-0.172 +0.985i)  (-0.000 +0.000i) 

      6 ( 0.222 -0.222i)  ( 0.266 -0.046i) 
        ( 0.046 -0.266i)  ( 0.222 -0.222i) 

      7 ( 0.013 +0.144i)  (-0.128 -0.090i) 
        ( 0.188 -0.132i)  ( 0.013 -0.144i) 

      8 ( 0.013 -0.144i)  ( 0.188 +0.132i) 
        (-0.128 +0.090i)  ( 0.013 +0.144i) 

 21 (   2.065):

      1 ( 1.000 -0.000i)  ( 0.000 -0.000i) 
        ( 0.000 -0.000i)  ( 1.000 -0.000i) 

      2 (-0.223 +0.000i)  ( 0.216 +0.183i) 
        ( 0.216 -0.183i)  (-0.223 -0.000i) 

      3 ( 0.062 -0.062i)  ( 0.146 +0.012i) 
        (-0.012 -0.146i)  ( 0.042 -0.042i) 

      4 ( 0.042 -0.042i)  ( 0.142 -0.036i) 
        ( 0.036 -0.142i)  ( 0.062 -0.062i) 

      5 ( 0.000 -0.000i)  (-0.997 +0.083i) 
        (-0.083 +0.997i)  (-0.000 +0.000i) 

      6 (-0.200 +0.200i)  ( 0.222 -0.018i) 
        ( 0.018 -0.222i)  (-0.200 +0.200i) 

      7 (-0.145 -0.024i)  (-0.067 -0.057i) 
        (-0.046 +0.039i)  (-0.145 +0.024i) 

      8 (-0.145 +0.024i)  (-0.046 -0.039i) 
        (-0.067 +0.057i)  (-0.145 -0.024i) 

 23 (   2.467):

      1 ( 1.000 -0.000i)  (-0.000 -0.000i) 
        (-0.000 +0.000i)  ( 1.000 -0.000i) 

      2 (-0.092 +0.000i)  (-0.227 -0.473i) 
        (-0.227 +0.473i)  (-0.092 +0.000i) 

      3 ( 0.272 -0.272i)  (-0.300 +0.162i) 
        (-0.162 +0.300i)  ( 0.256 -0.256i) 

      4 ( 0.256 -0.256i)  (-0.133 -0.314i) 
        ( 0.314 +0.133i)  ( 0.272 -0.272i) 

      5 (-0.000 +0.000i)  (-0.943 -0.332i) 
        ( 0.332 +0.943i)  ( 0.000 -0.000i) 

      6 ( 0.371 -0.371i)  ( 0.087 +0.031i) 
        (-0.031 -0.087i)  ( 0.371 -0.371i) 

      7 ( 0.229 -0.253i)  (-0.166 -0.347i) 
        (-0.156 +0.326i)  ( 0.229 +0.253i) 

      8 ( 0.229 +0.253i)  (-0.156 -0.326i) 
        (-0.166 +0.347i)  ( 0.229 -0.253i) 

 25 (   2.813):

      1 ( 1.000 -0.000i)  ( 0.000 +0.000i) 
        ( 0.000 -0.000i)  ( 1.000 +0.000i) 

      2 (-0.141 -0.000i)  (-0.041 +0.159i) 
        (-0.041 -0.159i)  (-0.141 +0.000i) 

      3 ( 0.072 -0.072i)  (-0.256 -0.012i) 
        ( 0.012 +0.256i)  (-0.009 +0.009i) 

      4 (-0.009 +0.009i)  ( 0.113 -0.230i) 
        ( 0.230 -0.113i)  ( 0.072 -0.072i) 

      5 ( 0.000 -0.000i)  (-0.509 -0.861i) 
        ( 0.861 +0.509i)  (-0.000 +0.000i) 

      6 (-0.116 +0.116i)  ( 0.072 +0.121i) 
        (-0.121 -0.072i)  (-0.116 +0.116i) 

      7 ( 0.140 -0.214i)  ( 0.025 -0.099i) 
        (-0.003 -0.013i)  ( 0.140 +0.214i) 

      8 ( 0.140 +0.214i)  (-0.003 +0.013i) 
        ( 0.025 +0.099i)  ( 0.140 -0.214i) 

 27 (   2.886):

      1 ( 1.000 -0.000i)  (-0.000 -0.000i) 
        (-0.000 +0.000i)  ( 1.000 -0.000i) 

      2 (-0.420 +0.000i)  ( 0.049 -0.013i) 
        ( 0.049 +0.013i)  (-0.420 +0.000i) 

      3 (-0.231 +0.231i)  ( 0.322 +0.052i) 
        (-0.052 -0.322i)  ( 0.229 -0.229i) 

      4 ( 0.229 -0.229i)  (-0.207 -0.252i) 
        ( 0.252 +0.207i)  (-0.231 +0.231i) 

      5 (-0.000 +0.000i)  ( 0.498 -0.867i) 
        ( 0.867 -0.498i)  ( 0.000 -0.000i) 

      6 ( 0.036 -0.036i)  (-0.209 +0.364i) 
        (-0.364 +0.209i)  ( 0.036 -0.036i) 

      7 ( 0.115 +0.305i)  (-0.316 +0.085i) 
        ( 0.313 +0.085i)  ( 0.115 -0.305i) 

      8 ( 0.115 -0.305i)  ( 0.313 -0.085i) 
        (-0.316 -0.085i)  ( 0.115 +0.305i) 

 29 (   2.929):

      1 ( 1.000 -0.000i)  ( 0.000 +0.000i) 
        ( 0.000 -0.000i)  ( 1.000 -0.000i) 

      2 (-0.089 +0.000i)  ( 0.023 +0.025i) 
        ( 0.023 -0.025i)  (-0.089 +0.000i) 

      3 ( 0.025 -0.025i)  ( 0.198 +0.135i) 
        (-0.135 -0.198i)  (-0.037 +0.037i) 

      4 (-0.037 +0.037i)  ( 0.206 -0.123i) 
        ( 0.123 -0.206i)  ( 0.025 -0.025i) 

      5 (-0.000 +0.000i)  ( 1.000 +0.030i) 
        (-0.030 -1.000i)  ( 0.000 -0.000i) 

      6 ( 0.024 -0.024i)  (-0.089 -0.003i) 
        ( 0.003 +0.089i)  ( 0.024 -0.024i) 

      7 ( 0.202 +0.129i)  ( 0.024 +0.026i) 
        (-0.036 +0.038i)  ( 0.202 -0.129i) 

      8 ( 0.202 -0.129i)  (-0.036 -0.038i) 
        ( 0.024 -0.026i)  ( 0.202 +0.129i) 

 31 (   3.007):

      1 ( 1.000 -0.000i)  (-0.000 +0.000i) 
        (-0.000 -0.000i)  ( 1.000 -0.000i) 

      2 ( 0.576 -0.000i)  ( 0.023 -0.027i) 
        ( 0.023 +0.027i)  ( 0.576 -0.000i) 

      3 (-0.010 +0.010i)  (-0.035 +0.555i) 
        (-0.555 +0.035i)  ( 0.002 -0.002i) 

      4 ( 0.002 -0.002i)  ( 0.116 +0.544i) 
        (-0.544 -0.116i)  (-0.010 +0.010i) 

      5 (-0.000 +0.000i)  ( 0.073 +0.997i) 
        (-0.997 -0.073i)  ( 0.000 -0.000i) 

      6 (-0.025 +0.025i)  ( 0.042 +0.574i) 
        (-0.574 -0.042i)  (-0.025 +0.025i) 

      7 ( 0.551 +0.076i)  ( 0.009 -0.010i) 
        (-0.002 -0.002i)  ( 0.551 -0.076i) 

      8 ( 0.551 -0.076i)  (-0.002 +0.002i) 
        ( 0.009 +0.010i)  ( 0.551 +0.076i) 

 33 (   3.023):

      1 ( 1.000 -0.000i)  (-0.000 -0.000i) 
        (-0.000 +0.000i)  ( 1.000 -0.000i) 

      2 ( 0.358 +0.000i)  ( 0.001 +0.003i) 
        ( 0.001 -0.003i)  ( 0.358 +0.000i) 

      3 (-0.039 +0.039i)  ( 0.489 +0.251i) 
        (-0.251 -0.489i)  ( 0.040 -0.040i) 

      4 ( 0.040 -0.040i)  ( 0.446 +0.323i) 
        (-0.323 -0.446i)  (-0.039 +0.039i) 

      5 ( 0.000 -0.000i)  (-0.852 -0.523i) 
        ( 0.523 +0.852i)  (-0.000 +0.000i) 

      6 (-0.002 +0.002i)  (-0.305 -0.187i) 
        ( 0.187 +0.305i)  (-0.002 +0.002i) 

      7 (-0.549 +0.042i)  ( 0.013 +0.054i) 
        (-0.013 +0.055i)  (-0.549 -0.042i) 

      8 (-0.549 -0.042i)  (-0.013 -0.055i) 
        ( 0.013 -0.054i)  (-0.549 +0.042i) 

 35 (   3.908):

      1 ( 1.000 -0.000i)  ( 0.000 +0.000i) 
        ( 0.000 -0.000i)  ( 1.000 -0.000i) 

      2 ( 0.059 +0.000i)  ( 0.066 +0.042i) 
        ( 0.066 -0.042i)  ( 0.059 -0.000i) 

      3 ( 0.155 -0.155i)  (-0.226 +0.073i) 
        (-0.073 +0.226i)  ( 0.047 -0.047i) 

      4 ( 0.047 -0.047i)  (-0.236 +0.029i) 
        (-0.029 +0.236i)  ( 0.155 -0.155i) 

      5 ( 0.000 -0.000i)  ( 0.977 -0.215i) 
        ( 0.215 -0.977i)  (-0.000 +0.000i) 

      6 ( 0.055 -0.055i)  ( 0.058 -0.013i) 
        ( 0.013 -0.058i)  ( 0.055 -0.055i) 

      7 (-0.236 +0.023i)  ( 0.184 +0.118i) 
        ( 0.056 -0.036i)  (-0.236 -0.023i) 

      8 (-0.236 -0.023i)  ( 0.056 +0.036i) 
        ( 0.184 -0.118i)  (-0.236 +0.023i) 

 37 (   3.954):

      1 ( 1.000 -0.000i)  ( 0.000 -0.000i) 
        ( 0.000 +0.000i)  ( 1.000 -0.000i) 

      2 (-0.298 +0.000i)  (-0.015 -0.013i) 
        (-0.015 +0.013i)  (-0.298 -0.000i) 

      3 ( 0.082 -0.082i)  (-0.214 -0.395i) 
        ( 0.395 +0.214i)  (-0.108 +0.108i) 

      4 (-0.108 +0.108i)  (-0.161 +0.419i) 
        (-0.419 +0.161i)  ( 0.082 -0.082i) 

      5 (-0.000 +0.000i)  ( 0.998 -0.064i) 
        ( 0.064 -0.998i)  ( 0.000 -0.000i) 

      6 (-0.014 +0.014i)  (-0.298 +0.019i) 
        (-0.019 +0.298i)  (-0.014 +0.014i) 

      7 (-0.188 -0.408i)  ( 0.087 +0.076i) 
        (-0.115 +0.101i)  (-0.188 +0.408i) 

      8 (-0.188 +0.408i)  (-0.115 -0.101i) 
        ( 0.087 -0.076i)  (-0.188 -0.408i) 

 39 (   4.086):

      1 ( 1.000 -0.000i)  ( 0.000 +0.000i) 
        ( 0.000 -0.000i)  ( 1.000 -0.000i) 

      2 (-0.186 +0.000i)  ( 0.095 +0.075i) 
        ( 0.095 -0.075i)  (-0.186 +0.000i) 

      3 ( 0.102 -0.102i)  (-0.063 -0.162i) 
        ( 0.162 +0.063i)  (-0.182 +0.182i) 

      4 (-0.182 +0.182i)  (-0.024 +0.172i) 
        (-0.172 +0.024i)  ( 0.102 -0.102i) 

      5 (-0.000 +0.000i)  (-0.993 +0.117i) 
        (-0.117 +0.993i)  ( 0.000 -0.000i) 

      6 (-0.085 +0.085i)  ( 0.185 -0.022i) 
        ( 0.022 -0.185i)  (-0.085 +0.085i) 

      7 ( 0.044 +0.168i)  (-0.113 -0.089i) 
        ( 0.202 -0.160i)  ( 0.044 -0.168i) 

      8 ( 0.044 -0.168i)  ( 0.202 +0.160i) 
        (-0.113 +0.089i)  ( 0.044 +0.168i) 

 41 (   4.683):

      1 ( 1.000 -0.000i)  (-0.000 +0.000i) 
        (-0.000 -0.000i)  ( 1.000 -0.000i) 

      2 (-0.265 -0.000i)  ( 0.113 -0.239i) 
        ( 0.113 +0.239i)  (-0.265 -0.000i) 

      3 ( 0.376 -0.376i)  ( 0.024 +0.127i) 
        (-0.127 -0.024i)  (-0.307 +0.307i) 

      4 (-0.307 +0.307i)  ( 0.062 +0.113i) 
        (-0.113 -0.062i)  ( 0.376 -0.376i) 

      5 (-0.000 +0.000i)  (-0.338 -0.941i) 
        ( 0.941 +0.338i)  ( 0.000 -0.000i) 

      6 ( 0.187 -0.187i)  ( 0.089 +0.249i) 
        (-0.249 -0.089i)  ( 0.187 -0.187i) 

      7 (-0.127 -0.020i)  ( 0.227 -0.481i) 
        (-0.186 -0.393i)  (-0.127 +0.020i) 

      8 (-0.127 +0.020i)  (-0.186 +0.393i) 
        ( 0.227 +0.481i)  (-0.127 -0.020i) 

 43 (   4.700):

      1 ( 1.000 -0.000i)  ( 0.000 -0.000i) 
        ( 0.000 +0.000i)  ( 1.000 -0.000i) 

      2 (-0.407 -0.000i)  (-0.003 -0.013i) 
        (-0.003 +0.013i)  (-0.407 -0.000i) 

      3 ( 0.048 -0.048i)  (-0.208 +0.554i) 
        (-0.554 +0.208i)  (-0.041 +0.041i) 

      4 (-0.041 +0.041i)  ( 0.409 -0.427i) 
        ( 0.427 -0.409i)  ( 0.048 -0.048i) 

      5 (-0.000 +0.000i)  ( 0.846 +0.532i) 
        (-0.532 -0.846i)  ( 0.000 -0.000i) 

      6 (-0.010 +0.010i)  (-0.345 -0.217i) 
        ( 0.217 +0.345i)  (-0.010 +0.010i) 

      7 ( 0.119 +0.580i)  ( 0.015 +0.067i) 
        (-0.013 +0.057i)  ( 0.119 -0.580i) 

      8 ( 0.119 -0.580i)  (-0.013 -0.057i) 
        ( 0.015 -0.067i)  ( 0.119 +0.580i) 

 45 (   4.766):

      1 ( 1.000 -0.000i)  (-0.000 +0.000i) 
        (-0.000 -0.000i)  ( 1.000 -0.000i) 

      2 ( 0.266 -0.000i)  (-0.191 -0.055i) 
        (-0.191 +0.055i)  ( 0.266 -0.000i) 

      3 (-0.102 +0.102i)  ( 0.382 -0.342i) 
        ( 0.342 -0.382i)  ( 0.033 -0.033i) 

      4 ( 0.033 -0.033i)  ( 0.493 -0.141i) 
        ( 0.141 -0.493i)  (-0.102 +0.102i) 

      5 ( 0.000 -0.000i)  ( 0.876 -0.483i) 
        ( 0.483 -0.876i)  (-0.000 +0.000i) 

      6 (-0.140 +0.140i)  ( 0.233 -0.129i) 
        ( 0.129 -0.233i)  (-0.140 +0.140i) 

      7 ( 0.499 -0.115i)  (-0.139 -0.040i) 
        ( 0.045 -0.013i)  ( 0.499 +0.115i) 

      8 ( 0.499 +0.115i)  ( 0.045 +0.013i) 
        (-0.139 +0.040i)  ( 0.499 -0.115i) 

 47 (   4.953):

      1 ( 1.000 -0.000i)  ( 0.000 +0.000i) 
        ( 0.000 -0.000i)  ( 1.000 -0.000i) 

      2 ( 0.113 +0.000i)  ( 0.013 -0.049i) 
        ( 0.013 +0.049i)  ( 0.113 -0.000i) 

      3 ( 0.032 -0.032i)  (-0.426 -0.237i) 
        ( 0.237 +0.426i)  (-0.036 +0.036i) 

      4 (-0.036 +0.036i)  ( 0.011 -0.487i) 
        ( 0.487 -0.011i)  ( 0.032 -0.032i) 

      5 ( 0.000 -0.000i)  ( 0.497 +0.868i) 
        (-0.868 -0.497i)  (-0.000 +0.000i) 

      6 (-0.036 +0.036i)  ( 0.056 +0.098i) 
        (-0.098 -0.056i)  (-0.036 +0.036i) 

      7 (-0.417 +0.252i)  (-0.012 +0.044i) 
        ( 0.013 +0.050i)  (-0.417 -0.252i) 

      8 (-0.417 -0.252i)  ( 0.013 -0.050i) 
        (-0.012 -0.044i)  (-0.417 +0.252i) 

 49 (   5.050):

      1 ( 1.000 -0.000i)  ( 0.000 +0.000i) 
        ( 0.000 -0.000i)  ( 1.000 -0.000i) 

      2 ( 0.229 -0.000i)  (-0.221 +0.142i) 
        (-0.221 -0.142i)  ( 0.229 +0.000i) 

      3 (-0.009 +0.009i)  ( 0.202 -0.428i) 
        ( 0.428 -0.202i)  (-0.063 +0.063i) 

      4 (-0.063 +0.063i)  (-0.005 -0.473i) 
        ( 0.473 +0.005i)  (-0.009 +0.009i) 

      5 ( 0.000 -0.000i)  ( 0.214 -0.977i) 
        ( 0.977 -0.214i)  (-0.000 +0.000i) 

      6 (-0.186 +0.186i)  ( 0.049 -0.223i) 
        ( 0.223 -0.049i)  (-0.186 +0.186i) 

      7 ( 0.461 +0.106i)  (-0.011 +0.007i) 
        (-0.075 -0.048i)  ( 0.461 -0.106i) 

      8 ( 0.461 -0.106i)  (-0.075 +0.048i) 
        (-0.011 -0.007i)  ( 0.461 +0.106i) 

 51 (   5.109):

      1 ( 1.000 -0.000i)  (-0.000 +0.000i) 
        (-0.000 -0.000i)  ( 1.000 -0.000i) 

      2 (-0.223 -0.000i)  ( 0.136 -0.319i) 
        ( 0.136 +0.319i)  (-0.223 +0.000i) 

      3 ( 0.004 -0.004i)  (-0.104 -0.062i) 
        ( 0.062 +0.104i)  ( 0.046 -0.046i) 

      4 ( 0.046 -0.046i)  ( 0.032 -0.117i) 
        ( 0.117 -0.032i)  ( 0.004 -0.004i) 

      5 (-0.000 +0.000i)  ( 0.372 +0.928i) 
        (-0.928 -0.372i)  ( 0.000 -0.000i) 

      6 (-0.245 +0.245i)  (-0.083 -0.207i) 
        ( 0.207 +0.083i)  (-0.245 +0.245i) 

      7 (-0.096 +0.074i)  (-0.002 +0.005i) 
        (-0.026 -0.060i)  (-0.096 -0.074i) 

      8 (-0.096 -0.074i)  (-0.026 +0.060i) 
        (-0.002 -0.005i)  (-0.096 +0.074i) 

 53 (   5.160):

      1 ( 1.000 -0.000i)  (-0.000 +0.000i) 
        (-0.000 -0.000i)  ( 1.000 -0.000i) 

      2 ( 0.106 -0.000i)  ( 0.042 +0.103i) 
        ( 0.042 -0.103i)  ( 0.106 -0.000i) 

      3 (-0.014 +0.014i)  (-0.213 -0.337i) 
        ( 0.337 +0.213i)  ( 0.088 -0.088i) 

      4 ( 0.088 -0.088i)  (-0.390 +0.082i) 
        (-0.082 +0.390i)  (-0.014 +0.014i) 

      5 ( 0.000 -0.000i)  ( 0.921 +0.389i) 
        (-0.389 -0.921i)  (-0.000 +0.000i) 

      6 ( 0.079 -0.079i)  ( 0.097 +0.041i) 
        (-0.041 -0.097i)  ( 0.079 -0.079i) 

      7 (-0.327 -0.227i)  (-0.007 -0.018i) 
        ( 0.047 -0.116i)  (-0.327 +0.227i) 

      8 (-0.327 +0.227i)  ( 0.047 +0.116i) 
        (-0.007 +0.018i)  (-0.327 -0.227i) 

 55 (   5.209):

      1 ( 1.000 -0.000i)  ( 0.000 -0.000i) 
        ( 0.000 +0.000i)  ( 1.000 -0.000i) 

      2 ( 0.200 -0.000i)  ( 0.057 +0.075i) 
        ( 0.057 -0.075i)  ( 0.200 +0.000i) 

      3 ( 0.051 -0.051i)  ( 0.408 +0.052i) 
        (-0.052 -0.408i)  ( 0.049 -0.049i) 

      4 ( 0.049 -0.049i)  ( 0.408 +0.055i) 
        (-0.055 -0.408i)  ( 0.051 -0.051i) 

      5 ( 0.000 -0.000i)  (-0.992 -0.130i) 
        ( 0.130 +0.992i)  (-0.000 +0.000i) 

      6 (-0.067 +0.067i)  (-0.198 -0.026i) 
        ( 0.026 +0.198i)  (-0.067 +0.067i) 

      7 (-0.411 +0.002i)  (-0.044 -0.058i) 
        (-0.042 +0.055i)  (-0.411 -0.002i) 

      8 (-0.411 -0.002i)  (-0.042 -0.055i) 
        (-0.044 +0.058i)  (-0.411 +0.002i) 

 57 (   5.319):

      1 ( 1.000 -0.000i)  ( 0.000 -0.000i) 
        ( 0.000 +0.000i)  ( 1.000 -0.000i) 

      2 (-0.357 +0.000i)  (-0.018 -0.043i) 
        (-0.018 +0.043i)  (-0.357 +0.000i) 

      3 ( 0.001 -0.001i)  (-0.034 +0.411i) 
        (-0.411 +0.034i)  (-0.005 +0.005i) 

      4 (-0.005 +0.005i)  ( 0.265 -0.316i) 
        ( 0.316 -0.265i)  ( 0.001 -0.001i) 

      5 ( 0.000 -0.000i)  ( 0.925 +0.380i) 
        (-0.380 -0.925i)  (-0.000 +0.000i) 

      6 (-0.033 +0.033i)  (-0.330 -0.136i) 
        ( 0.136 +0.330i)  (-0.033 +0.033i) 

      7 ( 0.125 +0.393i)  ( 0.000 +0.001i) 
        (-0.002 +0.006i)  ( 0.125 -0.393i) 

      8 ( 0.125 -0.393i)  (-0.002 -0.006i) 
        ( 0.000 -0.001i)  ( 0.125 +0.393i) 

 59 (   5.432):

      1 ( 1.000 -0.000i)  (-0.000 +0.000i) 
        (-0.000 -0.000i)  ( 1.000 -0.000i) 

      2 (-0.162 +0.000i)  (-0.033 -0.265i) 
        (-0.033 +0.265i)  (-0.162 -0.000i) 

      3 ( 0.209 -0.209i)  ( 0.008 +0.225i) 
        (-0.225 -0.008i)  (-0.216 +0.216i) 

      4 (-0.216 +0.216i)  ( 0.219 -0.048i) 
        ( 0.048 -0.219i)  ( 0.209 -0.209i) 

      5 (-0.000 +0.000i)  (-0.789 -0.614i) 
        ( 0.614 +0.789i)  ( 0.000 -0.000i) 

      6 ( 0.189 -0.189i)  ( 0.128 +0.099i) 
        (-0.099 -0.128i)  ( 0.189 -0.189i) 

      7 (-0.144 -0.173i)  (-0.037 -0.294i) 
        ( 0.038 -0.303i)  (-0.144 +0.173i) 

      8 (-0.144 +0.173i)  ( 0.038 +0.303i) 
        (-0.037 +0.294i)  (-0.144 -0.173i) 

 61 (   5.457):

      1 ( 1.000 -0.000i)  (-0.000 -0.000i) 
        (-0.000 +0.000i)  ( 1.000 -0.000i) 

      2 (-0.090 -0.000i)  ( 0.216 -0.291i) 
        ( 0.216 +0.291i)  (-0.090 +0.000i) 

      3 (-0.016 +0.016i)  ( 0.040 +0.057i) 
        (-0.057 -0.040i)  (-0.030 +0.030i) 

      4 (-0.030 +0.030i)  (-0.022 +0.066i) 
        (-0.066 +0.022i)  (-0.016 +0.016i) 

      5 (-0.000 +0.000i)  (-0.147 -0.989i) 
        ( 0.989 +0.147i)  ( 0.000 -0.000i) 

      6 ( 0.256 -0.256i)  ( 0.013 +0.089i) 
        (-0.089 -0.013i)  ( 0.256 -0.256i) 

      7 (-0.062 +0.031i)  (-0.013 +0.018i) 
        (-0.025 -0.034i)  (-0.062 -0.031i) 

      8 (-0.062 -0.031i)  (-0.025 +0.034i) 
        (-0.013 -0.018i)  (-0.062 +0.031i) 

 63 (   5.760):

      1 ( 1.000 -0.000i)  (-0.000 +0.000i) 
        (-0.000 -0.000i)  ( 1.000 -0.000i) 

      2 ( 0.102 +0.000i)  ( 0.057 +0.011i) 
        ( 0.057 -0.011i)  ( 0.133 -0.000i) 

      3 (-0.104 +0.104i)  ( 0.135 -0.379i) 
        ( 0.379 -0.135i)  ( 0.093 -0.093i) 

      4 (-0.035 +0.035i)  ( 0.424 -0.004i) 
        ( 0.004 -0.424i)  ( 0.025 -0.025i) 

      5 (-0.183 +0.183i)  ( 0.797 -0.546i) 
        ( 0.546 -0.797i)  ( 0.183 -0.183i) 

      6 ( 0.021 -0.021i)  ( 0.093 -0.064i) 
        ( 0.064 -0.093i)  ( 0.064 -0.064i) 

      7 ( 0.353 -0.229i)  (-0.045 -0.071i) 
        ( 0.031 -0.068i)  ( 0.349 +0.229i) 

      8 ( 0.353 +0.229i)  ( 0.031 +0.068i) 
        (-0.045 +0.071i)  ( 0.349 -0.229i) 

 65 (  10.145):

      1 ( 1.000 -0.000i)  (-0.000 -0.000i) 
        (-0.000 +0.000i)  ( 1.000 -0.000i) 

      2 ( 0.465 +0.000i)  (-0.018 -0.032i) 
        (-0.018 +0.032i)  ( 0.465 -0.000i) 

      3 (-0.029 +0.029i)  ( 0.434 +0.118i) 
        (-0.118 -0.434i)  (-0.027 +0.027i) 

      4 (-0.027 +0.027i)  ( 0.434 +0.118i) 
        (-0.118 -0.434i)  (-0.029 +0.029i) 

      5 (-0.000 +0.000i)  ( 0.965 +0.263i) 
        (-0.263 -0.965i)  ( 0.000 -0.000i) 

      6 (-0.026 +0.026i)  ( 0.449 +0.122i) 
        (-0.122 -0.449i)  (-0.026 +0.026i) 

      7 ( 0.449 +0.000i)  (-0.021 -0.036i) 
        (-0.019 +0.034i)  ( 0.449 -0.000i) 

      8 ( 0.449 -0.000i)  (-0.019 -0.034i) 
        (-0.021 +0.036i)  ( 0.449 +0.000i) 

 67 (  10.190):

      1 ( 1.000 -0.000i)  (-0.000 +0.000i) 
        (-0.000 -0.000i)  ( 1.000 -0.000i) 

      2 ( 0.333 -0.000i)  ( 0.026 +0.056i) 
        ( 0.026 -0.056i)  ( 0.333 -0.000i) 

      3 ( 0.003 -0.003i)  (-0.254 -0.194i) 
        ( 0.194 +0.254i)  (-0.078 +0.078i) 

      4 (-0.078 +0.078i)  (-0.320 -0.016i) 
        ( 0.016 +0.320i)  ( 0.003 -0.003i) 

      5 (-0.000 +0.000i)  ( 0.939 +0.344i) 
        (-0.344 -0.939i)  ( 0.000 -0.000i) 

      6 ( 0.044 -0.044i)  ( 0.312 +0.115i) 
        (-0.115 -0.312i)  ( 0.044 -0.044i) 

      7 (-0.306 -0.095i)  ( 0.002 +0.004i) 
        (-0.046 +0.100i)  (-0.306 +0.095i) 

      8 (-0.306 +0.095i)  (-0.046 -0.100i) 
        ( 0.002 -0.004i)  (-0.306 -0.095i) 

 69 (  10.221):

      1 ( 1.000 -0.000i)  ( 0.000 +0.000i) 
        ( 0.000 -0.000i)  ( 1.000 -0.000i) 

      2 (-0.067 +0.000i)  (-0.077 -0.075i) 
        (-0.077 +0.075i)  (-0.067 +0.000i) 

      3 ( 0.303 -0.303i)  (-0.110 -0.006i) 
        ( 0.006 +0.110i)  (-0.138 +0.138i) 

      4 (-0.138 +0.138i)  (-0.110 +0.009i) 
        (-0.009 +0.110i)  ( 0.303 -0.303i) 

      5 ( 0.000 -0.000i)  ( 1.000 -0.013i) 
        ( 0.013 -1.000i)  (-0.000 +0.000i) 

      6 (-0.076 +0.076i)  (-0.067 +0.001i) 
        (-0.001 +0.067i)  (-0.076 +0.076i) 

      7 (-0.110 -0.008i)  ( 0.306 +0.299i) 
        (-0.140 +0.137i)  (-0.110 +0.008i) 

      8 (-0.110 +0.008i)  (-0.140 -0.137i) 
        ( 0.306 -0.299i)  (-0.110 -0.008i) 

 71 (  10.230):

      1 ( 1.000 -0.000i)  ( 0.000 +0.000i) 
        ( 0.000 -0.000i)  ( 1.000 -0.000i) 

      2 (-0.320 +0.000i)  ( 0.018 -0.017i) 
        ( 0.018 +0.017i)  (-0.320 +0.000i) 

      3 ( 0.097 -0.097i)  (-0.430 +0.026i) 
        (-0.026 +0.430i)  (-0.069 +0.069i) 

      4 (-0.069 +0.069i)  ( 0.430 +0.036i) 
        (-0.036 -0.430i)  ( 0.097 -0.097i) 

      5 ( 0.000 -0.000i)  ( 0.012 -1.000i) 
        ( 1.000 -0.012i)  (-0.000 +0.000i) 

      6 ( 0.018 -0.018i)  (-0.004 +0.320i) 
        (-0.320 +0.004i)  ( 0.018 -0.018i) 

      7 (-0.031 -0.430i)  ( 0.099 -0.096i) 
        (-0.070 -0.068i)  (-0.031 +0.430i) 

      8 (-0.031 +0.430i)  (-0.070 +0.068i) 
        ( 0.099 +0.096i)  (-0.031 -0.430i) 

 73 (  10.625):

      1 ( 1.000 -0.000i)  (-0.000 +0.000i) 
        (-0.000 -0.000i)  ( 1.000 -0.000i) 

      2 (-0.067 -0.000i)  ( 0.165 +0.235i) 
        ( 0.165 -0.235i)  (-0.067 -0.000i) 

      3 ( 0.068 -0.068i)  ( 0.259 +0.147i) 
        (-0.147 -0.259i)  ( 0.284 -0.284i) 

      4 ( 0.284 -0.284i)  ( 0.293 -0.051i) 
        ( 0.051 -0.293i)  ( 0.068 -0.068i) 

      5 (-0.000 +0.000i)  ( 0.985 +0.173i) 
        (-0.173 -0.985i)  ( 0.000 -0.000i) 

      6 ( 0.203 -0.203i)  (-0.066 -0.012i) 
        ( 0.012 +0.066i)  ( 0.203 -0.203i) 

      7 ( 0.280 +0.101i)  ( 0.055 +0.079i) 
        ( 0.230 -0.328i)  ( 0.280 -0.101i) 

      8 ( 0.280 -0.101i)  ( 0.230 +0.328i) 
        ( 0.055 -0.079i)  ( 0.280 +0.101i) 

 75 (  10.651):

      1 ( 1.000 -0.000i)  (-0.000 +0.000i) 
        (-0.000 -0.000i)  ( 1.000 -0.000i) 

      2 (-0.520 -0.000i)  (-0.010 -0.044i) 
        (-0.010 +0.044i)  (-0.520 -0.000i) 

      3 ( 0.063 -0.063i)  ( 0.224 -0.413i) 
        ( 0.413 -0.224i)  (-0.134 +0.134i) 

      4 (-0.134 +0.134i)  (-0.271 +0.384i) 
        (-0.384 +0.271i)  ( 0.063 -0.063i) 

      5 (-0.000 +0.000i)  (-0.849 -0.528i) 
        ( 0.528 +0.849i)  ( 0.000 -0.000i) 

      6 ( 0.032 -0.032i)  ( 0.442 +0.274i) 
        (-0.274 -0.442i)  ( 0.032 -0.032i) 

      7 ( 0.028 +0.469i)  (-0.020 -0.086i) 
        ( 0.043 -0.185i)  ( 0.028 -0.469i) 

      8 ( 0.028 -0.469i)  ( 0.043 +0.185i) 
        (-0.020 +0.086i)  ( 0.028 +0.469i) 

 77 (  10.757):

      1 ( 1.000 -0.000i)  (-0.000 +0.000i) 
        (-0.000 -0.000i)  ( 1.000 -0.000i) 

      2 (-0.269 -0.000i)  (-0.022 +0.245i) 
        (-0.022 -0.245i)  (-0.269 -0.000i) 

      3 ( 0.033 -0.033i)  (-0.040 -0.201i) 
        ( 0.201 +0.040i)  (-0.338 +0.338i) 

      4 (-0.338 +0.338i)  (-0.190 -0.075i) 
        ( 0.075 +0.190i)  ( 0.033 -0.033i) 

      5 ( 0.000 -0.000i)  (-0.641 -0.768i) 
        ( 0.768 +0.641i)  (-0.000 +0.000i) 

      6 (-0.174 +0.174i)  ( 0.173 +0.207i) 
        (-0.207 -0.173i)  (-0.174 +0.174i) 

      7 ( 0.180 +0.098i)  ( 0.004 -0.046i) 
        (-0.043 -0.476i)  ( 0.180 -0.098i) 

      8 ( 0.180 -0.098i)  (-0.043 +0.476i) 
        ( 0.004 +0.046i)  ( 0.180 +0.098i) 

 79 (  11.257):

      1 ( 1.000 -0.000i)  ( 0.000 -0.000i) 
        ( 0.000 +0.000i)  ( 1.000 -0.000i) 

      2 ( 0.114 -0.000i)  (-0.016 +0.199i) 
        (-0.016 -0.199i)  ( 0.114 -0.000i) 

      3 ( 0.108 -0.108i)  ( 0.251 +0.293i) 
        (-0.293 -0.251i)  (-0.013 +0.013i) 

      4 (-0.013 +0.013i)  ( 0.249 +0.295i) 
        (-0.295 -0.249i)  ( 0.108 -0.108i) 

      5 ( 0.000 -0.000i)  (-0.648 -0.762i) 
        ( 0.762 +0.648i)  (-0.000 +0.000i) 

      6 (-0.141 +0.141i)  (-0.074 -0.087i) 
        ( 0.087 +0.074i)  (-0.141 +0.141i) 

      7 (-0.385 +0.001i)  ( 0.012 -0.152i) 
        (-0.002 -0.019i)  (-0.385 -0.001i) 

      8 (-0.385 -0.001i)  (-0.002 +0.019i) 
        ( 0.012 +0.152i)  (-0.385 +0.001i) 

 81 (  11.308):

      1 ( 1.000 -0.000i)  (-0.000 -0.000i) 
        (-0.000 +0.000i)  ( 1.000 -0.000i) 

      2 ( 0.394 +0.000i)  ( 0.089 -0.108i) 
        ( 0.089 +0.108i)  ( 0.394 -0.000i) 

      3 (-0.052 +0.052i)  ( 0.093 +0.406i) 
        (-0.406 -0.093i)  (-0.059 +0.059i) 

      4 (-0.059 +0.059i)  (-0.016 +0.416i) 
        (-0.416 +0.016i)  (-0.052 +0.052i) 

      5 (-0.000 +0.000i)  ( 0.094 +0.996i) 
        (-0.996 -0.094i)  ( 0.000 -0.000i) 

      6 (-0.099 +0.099i)  ( 0.037 +0.392i) 
        (-0.392 -0.037i)  (-0.099 +0.099i) 

      7 ( 0.413 -0.055i)  ( 0.047 -0.056i) 
        ( 0.053 +0.064i)  ( 0.413 +0.055i) 

      8 ( 0.413 +0.055i)  ( 0.053 -0.064i) 
        ( 0.047 +0.056i)  ( 0.413 -0.055i) 

 83 (  11.466):

      1 ( 1.000 -0.000i)  (-0.000 -0.000i) 
        (-0.000 -0.000i)  ( 1.000 -0.000i) 

      2 ( 0.359 -0.000i)  (-0.026 -0.008i) 
        (-0.026 +0.008i)  ( 0.359 -0.000i) 

      3 (-0.033 +0.033i)  ( 0.429 -0.266i) 
        ( 0.266 -0.429i)  (-0.021 +0.021i) 

      4 (-0.021 +0.021i)  ( 0.465 -0.197i) 
        ( 0.197 -0.465i)  (-0.033 +0.033i) 

      5 ( 0.000 -0.000i)  (-0.888 +0.460i) 
        (-0.460 +0.888i)  (-0.000 +0.000i) 

      6 ( 0.019 -0.019i)  (-0.318 +0.165i) 
        (-0.165 +0.318i)  ( 0.019 -0.019i) 

      7 (-0.503 +0.039i)  ( 0.045 +0.014i) 
        ( 0.029 -0.009i)  (-0.503 -0.039i) 

      8 (-0.503 -0.039i)  ( 0.029 +0.009i) 
        ( 0.045 -0.014i)  (-0.503 +0.039i) 

 85 (  11.643):

      1 ( 1.000 -0.000i)  (-0.000 -0.000i) 
        (-0.000 +0.000i)  ( 1.000 -0.000i) 

      2 (-0.242 +0.000i)  (-0.006 +0.108i) 
        (-0.006 -0.108i)  (-0.242 +0.000i) 

      3 ( 0.071 -0.071i)  ( 0.329 -0.215i) 
        ( 0.215 -0.329i)  ( 0.025 -0.025i) 

      4 ( 0.025 -0.025i)  (-0.249 +0.305i) 
        (-0.305 +0.249i)  ( 0.071 -0.071i) 

      5 ( 0.000 -0.000i)  ( 0.668 +0.744i) 
        (-0.744 -0.668i)  (-0.000 +0.000i) 

      6 ( 0.076 -0.076i)  (-0.162 -0.180i) 
        ( 0.180 +0.162i)  ( 0.076 -0.076i) 

      7 ( 0.060 -0.389i)  (-0.005 +0.101i) 
        (-0.002 -0.035i)  ( 0.060 +0.389i) 

      8 ( 0.060 +0.389i)  (-0.002 +0.035i) 
        (-0.005 -0.101i)  ( 0.060 -0.389i) 

 87 (  11.869):

      1 ( 1.000 -0.000i)  (-0.000 +0.000i) 
        (-0.000 -0.000i)  ( 1.000 -0.000i) 

      2 (-0.273 +0.000i)  ( 0.131 +0.136i) 
        ( 0.131 -0.136i)  (-0.273 +0.000i) 

      3 (-0.227 +0.227i)  (-0.109 +0.181i) 
        (-0.181 +0.109i)  ( 0.174 -0.174i) 

      4 ( 0.174 -0.174i)  (-0.102 -0.185i) 
        ( 0.185 +0.102i)  (-0.227 +0.227i) 

      5 ( 0.000 -0.000i)  ( 1.000 +0.019i) 
        (-0.019 -1.000i)  (-0.000 +0.000i) 

      6 ( 0.133 -0.133i)  (-0.273 -0.005i) 
        ( 0.005 +0.273i)  ( 0.133 -0.133i) 

      7 (-0.106 +0.183i)  (-0.223 -0.231i) 
        ( 0.171 -0.178i)  (-0.106 -0.183i) 

      8 (-0.106 -0.183i)  ( 0.171 +0.178i) 
        (-0.223 +0.231i)  (-0.106 +0.183i) 

 89 (  12.723):

      1 ( 1.000 -0.000i)  ( 0.000 -0.000i) 
        ( 0.000 +0.000i)  ( 1.000 -0.000i) 

      2 ( 0.182 -0.000i)  ( 0.045 -0.009i) 
        ( 0.045 +0.009i)  ( 0.182 +0.000i) 

      3 ( 0.045 -0.045i)  (-0.494 +0.234i) 
        (-0.234 +0.494i)  (-0.050 +0.050i) 

      4 (-0.050 +0.050i)  (-0.032 +0.546i) 
        (-0.546 +0.032i)  ( 0.045 -0.045i) 

      5 ( 0.000 -0.000i)  ( 0.559 -0.829i) 
        ( 0.829 -0.559i)  (-0.000 +0.000i) 

      6 ( 0.032 -0.032i)  ( 0.102 -0.151i) 
        ( 0.151 -0.102i)  ( 0.032 -0.032i) 

      7 (-0.471 -0.279i)  ( 0.062 -0.012i) 
        (-0.069 -0.013i)  (-0.471 +0.279i) 

      8 (-0.471 +0.279i)  (-0.069 +0.013i) 
        ( 0.062 +0.012i)  (-0.471 -0.279i) 

 91 (  12.731):

      1 ( 1.000 -0.000i)  (-0.000 +0.000i) 
        (-0.000 -0.000i)  ( 1.000 -0.000i) 

      2 (-0.162 -0.000i)  ( 0.001 -0.007i) 
        ( 0.001 +0.007i)  (-0.162 -0.000i) 

      3 ( 0.193 -0.193i)  ( 0.469 +0.036i) 
        (-0.036 -0.469i)  (-0.195 +0.195i) 

      4 (-0.195 +0.195i)  (-0.157 +0.443i) 
        (-0.443 +0.157i)  ( 0.193 -0.193i) 

      5 ( 0.000 -0.000i)  (-0.545 -0.838i) 
        ( 0.838 +0.545i)  (-0.000 +0.000i) 

      6 ( 0.005 -0.005i)  ( 0.088 +0.136i) 
        (-0.136 -0.088i)  ( 0.005 -0.005i) 

      7 (-0.286 +0.374i)  ( 0.057 -0.268i) 
        (-0.057 -0.270i)  (-0.286 -0.374i) 

      8 (-0.286 -0.374i)  (-0.057 +0.270i) 
        ( 0.057 +0.268i)  (-0.286 +0.374i) 

 93 (  13.088):

      1 ( 1.000 -0.000i)  ( 0.000 -0.000i) 
        ( 0.000 +0.000i)  ( 1.000 -0.000i) 

      2 (-0.184 -0.000i)  ( 0.021 +0.005i) 
        ( 0.021 -0.005i)  (-0.184 +0.000i) 

      3 ( 0.261 -0.261i)  (-0.094 +0.407i) 
        (-0.407 +0.094i)  (-0.260 +0.260i) 

      4 (-0.260 +0.260i)  (-0.401 -0.116i) 
        ( 0.116 +0.401i)  ( 0.261 -0.261i) 

      5 (-0.000 +0.000i)  (-0.862 +0.507i) 
        (-0.507 +0.862i)  ( 0.000 -0.000i) 

      6 (-0.015 +0.015i)  ( 0.159 -0.093i) 
        ( 0.093 -0.159i)  (-0.015 +0.015i) 

      7 ( 0.287 -0.303i)  (-0.357 -0.093i) 
        ( 0.356 -0.092i)  ( 0.287 +0.303i) 

      8 ( 0.287 +0.303i)  ( 0.356 +0.092i) 
        (-0.357 +0.093i)  ( 0.287 -0.303i) 

 95 (  13.218):

      1 ( 1.000 -0.000i)  ( 0.000 -0.000i) 
        ( 0.000 +0.000i)  ( 1.000 -0.000i) 

      2 ( 0.206 +0.000i)  ( 0.009 +0.001i) 
        ( 0.009 -0.001i)  ( 0.206 -0.000i) 

      3 (-0.040 +0.040i)  (-0.217 +0.518i) 
        (-0.518 +0.217i)  ( 0.041 -0.041i) 

      4 ( 0.041 -0.041i)  (-0.553 +0.096i) 
        (-0.096 +0.553i)  (-0.040 +0.040i) 

      5 (-0.000 +0.000i)  (-0.782 +0.623i) 
        (-0.623 +0.782i)  ( 0.000 -0.000i) 

      6 (-0.006 +0.006i)  (-0.162 +0.129i) 
        (-0.129 +0.162i)  (-0.006 +0.006i) 

      7 ( 0.492 -0.270i)  ( 0.056 +0.006i) 
        (-0.057 +0.007i)  ( 0.492 +0.270i) 

      8 ( 0.492 +0.270i)  (-0.057 -0.007i) 
        ( 0.056 -0.006i)  ( 0.492 -0.270i) 

# X point (Primitive coordinates)
# k_prim = [0.5000, 0.0000, 0.5000]
# k_BCS  = [0.0000, 1.0000, 0.0000]  (BCS label: X)
============================================================
# band  freq(THz)  freq(cm-1)     label(M)   label(BCS)  IR  Raman  OPD(BCS)        OPD(prim)       Daughter SG          Chiral  
     0     0.5469       18.24            -           X2  .     .    (a, 0)          (a, 0)          Pnn2(#34)            -       
     1     0.5469       18.24            -           X2  .     .    (a, -ia)        (0, a)          Pnn2(#34)            -       
     2     0.5958       19.88            -           X4  .     .    (a, 0)          (a, 0)          P4_32_12(#96)        II-pair 
     3     0.5958       19.88            -           X4  .     .    (a, -ia)        (0, a)          P4_12_12(#92)        II-pair 
     4     0.8427       28.11            -           X3  .     .    (a, 0)          (a, 0)          P4_322(#95)          II-pair 
     5     0.8427       28.11            -           X3  .     .    (a, -ia)        (0, a)          P4_122(#91)          II-pair 
     6     1.1516       38.41            -           X4  .     .    (a, 0)          (a, 0)          P4_32_12(#96)        II-pair 
     7     1.1516       38.41            -           X4  .     .    (a, -ia)        (0, a)          P4_12_12(#92)        II-pair 
     8     1.3491       45.00            -           X1  .     .    (a, 0)          (a, 0)          Pmm2(#25)            -       
     9     1.3491       45.00            -           X1  .     .    (a, -ia)        (0, a)          Pmm2(#25)            -       
    10     1.5972       53.28            -           X4  .     .    (a, 0)          (a, 0)          P4_32_12(#96)        II-pair 
    11     1.5972       53.28            -           X4  .     .    (a, -ia)        (0, a)          P4_12_12(#92)        II-pair 
    12     1.6573       55.28            -           X3  .     .    (a, 0)          (a, 0)          P4_322(#95)          II-pair 
    13     1.6573       55.28            -           X3  .     .    (a, -ia)        (0, a)          P4_122(#91)          II-pair 
    14     1.8405       61.39            -           X3  .     .    (a, 0)          (a, 0)          P4_322(#95)          II-pair 
    15     1.8405       61.39            -           X3  .     .    (a, -ia)        (0, a)          P4_122(#91)          II-pair 
    16     1.8605       62.06            -           X1  .     .    (a, 0)          (a, 0)          Pmm2(#25)            -       
    17     1.8605       62.06            -           X1  .     .    (a, -ia)        (0, a)          Pmm2(#25)            -       
    18     1.8755       62.56            -           X2  .     .    (a, 0)          (a, 0)          Pnn2(#34)            -       
    19     1.8755       62.56            -           X2  .     .    (a, -ia)        (0, a)          Pnn2(#34)            -       
    20     2.0412       68.09            -           X4  .     .    (a, 0)          (a, 0)          P4_32_12(#96)        II-pair 
    21     2.0412       68.09            -           X4  .     .    (a, -ia)        (0, a)          P4_12_12(#92)        II-pair 
    22     2.4519       81.79            -           X1  .     .    (a, 0)          (a, 0)          Pmm2(#25)            -       
    23     2.4519       81.79            -           X1  .     .    (a, -ia)        (0, a)          Pmm2(#25)            -       
    24     2.8402       94.74            -           X3  .     .    (a, 0)          (a, 0)          P4_322(#95)          II-pair 
    25     2.8402       94.74            -           X3  .     .    (a, -ia)        (0, a)          P4_122(#91)          II-pair 
    26     2.8523       95.14            -           X2  .     .    (a, 0)          (a, 0)          Pnn2(#34)            -       
    27     2.8523       95.14            -           X2  .     .    (a, -ia)        (0, a)          Pnn2(#34)            -       
    28     2.9029       96.83            -           X4  .     .    (a, 0)          (a, 0)          P4_32_12(#96)        II-pair 
    29     2.9029       96.83            -           X4  .     .    (a, -ia)        (0, a)          P4_12_12(#92)        II-pair 
    30     3.0048      100.23            -           X2  .     .    (a, 0)          (a, 0)          Pnn2(#34)            -       
    31     3.0048      100.23            -           X2  .     .    (a, -ia)        (0, a)          Pnn2(#34)            -       
    32     3.0307      101.09            -           X1  .     .    (a, 0)          (a, 0)          Pmm2(#25)            -       
    33     3.0307      101.09            -           X1  .     .    (a, -ia)        (0, a)          Pmm2(#25)            -       
    34     3.8463      128.30            -           X4  .     .    (a, 0)          (a, 0)          P4_32_12(#96)        II-pair 
    35     3.8463      128.30            -           X4  .     .    (a, -ia)        (0, a)          P4_12_12(#92)        II-pair 
    36     4.0359      134.62            -           X3  .     .    (a, 0)          (a, 0)          P4_322(#95)          II-pair 
    37     4.0359      134.62            -           X3  .     .    (a, -ia)        (0, a)          P4_122(#91)          II-pair 
    38     4.0730      135.86            -           X1  .     .    (a, 0)          (a, 0)          Pmm2(#25)            -       
    39     4.0730      135.86            -           X1  .     .    (a, -ia)        (0, a)          Pmm2(#25)            -       
    40     4.6577      155.36            -           X2  .     .    (a, 0)          (a, 0)          Pnn2(#34)            -       
    41     4.6577      155.36            -           X2  .     .    (a, -ia)        (0, a)          Pnn2(#34)            -       
    42     4.7087      157.06            -           X4  .     .    (a, 0)          (a, 0)          P4_32_12(#96)        II-pair 
    43     4.7087      157.06            -           X4  .     .    (a, -ia)        (0, a)          P4_12_12(#92)        II-pair 
    44     4.7468      158.34            -           X3  .     .    (a, 0)          (a, 0)          P4_322(#95)          II-pair 
    45     4.7468      158.34            -           X3  .     .    (a, -ia)        (0, a)          P4_122(#91)          II-pair 
    46     4.9971      166.69            -           X1  .     .    (a, 0)          (a, 0)          Pmm2(#25)            -       
    47     4.9971      166.69            -           X1  .     .    (a, -ia)        (0, a)          Pmm2(#25)            -       
    48     5.0588      168.74            -           X2  .     .    (a, 0)          (a, 0)          Pnn2(#34)            -       
    49     5.0588      168.74            -           X2  .     .    (a, -ia)        (0, a)          Pnn2(#34)            -       
    50     5.1023      170.19            -           X3  .     .    (a, 0)          (a, 0)          P4_322(#95)          II-pair 
    51     5.1023      170.19            -           X3  .     .    (a, -ia)        (0, a)          P4_122(#91)          II-pair 
    52     5.1576      172.04            -           X4  .     .    (a, 0)          (a, 0)          P4_32_12(#96)        II-pair 
    53     5.1576      172.04            -           X4  .     .    (a, -ia)        (0, a)          P4_12_12(#92)        II-pair 
    54     5.2467      175.01            -           X4  .     .    (a, 0)          (a, 0)          P4_32_12(#96)        II-pair 
    55     5.2467      175.01            -           X4  .     .    (a, -ia)        (0, a)          P4_12_12(#92)        II-pair 
    56     5.2557      175.31            -           X1  .     .    (a, 0)          (a, 0)          Pmm2(#25)            -       
    57     5.2557      175.31            -           X1  .     .    (a, -ia)        (0, a)          Pmm2(#25)            -       
    58     5.3920      179.86            -           X1  .     .    (a, 0)          (a, 0)          Pmm2(#25)            -       
    59     5.3920      179.86            -           X1  .     .    (a, -ia)        (0, a)          Pmm2(#25)            -       
    60     5.4891      183.10            -           X3  .     .    (a, 0)          (a, 0)          P4_322(#95)          II-pair 
    61     5.4891      183.10            -           X3  .     .    (a, -ia)        (0, a)          P4_122(#91)          II-pair 
    62     5.7694      192.44            -           X1  .     .    (a, 0)          (a, 0)          Pmm2(#25)            -       
    63     5.7694      192.44            -           X1  .     .    (a, -ia)        (0, a)          Pmm2(#25)            -       
    64    10.1452      338.41            -           X1  .     .    (a, 0)          (a, 0)          Pmm2(#25)            -       
    65    10.1452      338.41            -           X1  .     .    (a, -ia)        (0, a)          Pmm2(#25)            -       
    66    10.1920      339.97            -           X4  .     .    (a, 0)          (a, 0)          P4_32_12(#96)        II-pair 
    67    10.1920      339.97            -           X4  .     .    (a, -ia)        (0, a)          P4_12_12(#92)        II-pair 
    68    10.2114      340.61            -           X3  .     .    (a, 0)          (a, 0)          P4_322(#95)          II-pair 
    69    10.2114      340.61            -           X3  .     .    (a, -ia)        (0, a)          P4_122(#91)          II-pair 
    70    10.2408      341.60            -           X1  .     .    (a, 0)          (a, 0)          Pmm2(#25)            -       
    71    10.2408      341.60            -           X1  .     .    (a, -ia)        (0, a)          Pmm2(#25)            -       
    72    10.6145      354.06            -           X4  .     .    (a, 0)          (a, 0)          P4_32_12(#96)        II-pair 
    73    10.6145      354.06            -           X4  .     .    (a, -ia)        (0, a)          P4_12_12(#92)        II-pair 
    74    10.6746      356.07            -           X2  .     .    (a, 0)          (a, 0)          Pnn2(#34)            -       
    75    10.6746      356.07            -           X2  .     .    (a, -ia)        (0, a)          Pnn2(#34)            -       
    76    10.7434      358.36            -           X3  .     .    (a, 0)          (a, 0)          P4_322(#95)          II-pair 
    77    10.7434      358.36            -           X3  .     .    (a, -ia)        (0, a)          P4_122(#91)          II-pair 
    78    11.2899      376.59            -           X1  .     .    (a, 0)          (a, 0)          Pmm2(#25)            -       
    79    11.2899      376.59            -           X1  .     .    (a, -ia)        (0, a)          Pmm2(#25)            -       
    80    11.3198      377.59            -           X4  .     .    (a, 0)          (a, 0)          P4_32_12(#96)        II-pair 
    81    11.3198      377.59            -           X4  .     .    (a, -ia)        (0, a)          P4_12_12(#92)        II-pair 
    82    11.3603      378.94            -           X2  .     .    (a, 0)          (a, 0)          Pnn2(#34)            -       
    83    11.3603      378.94            -           X2  .     .    (a, -ia)        (0, a)          Pnn2(#34)            -       
    84    11.6533      388.71            -           X3  .     .    (a, 0)          (a, 0)          P4_322(#95)          II-pair 
    85    11.6533      388.71            -           X3  .     .    (a, -ia)        (0, a)          P4_122(#91)          II-pair 
    86    11.9146      397.43            -           X1  .     .    (a, 0)          (a, 0)          Pmm2(#25)            -       
    87    11.9146      397.43            -           X1  .     .    (a, -ia)        (0, a)          Pmm2(#25)            -       
    88    12.7202      424.30            -           X3  .     .    (a, 0)          (a, 0)          P4_322(#95)          II-pair 
    89    12.7202      424.30            -           X3  .     .    (a, -ia)        (0, a)          P4_122(#91)          II-pair 
    90    12.7288      424.59            -           X4  .     .    (a, 0)          (a, 0)          P4_32_12(#96)        II-pair 
    91    12.7288      424.59            -           X4  .     .    (a, -ia)        (0, a)          P4_12_12(#92)        II-pair 
    92    13.0934      436.75            -           X1  .     .    (a, 0)          (a, 0)          Pmm2(#25)            -       
    93    13.0934      436.75            -           X1  .     .    (a, -ia)        (0, a)          Pmm2(#25)            -       
    94    13.2185      440.92            -           X1  .     .    (a, 0)          (a, 0)          Pmm2(#25)            -       
    95    13.2185      440.92            -           X1  .     .    (a, -ia)        (0, a)          Pmm2(#25)            -       


# Full-star domain OPDs
label      OPD(full star)                                Daughter SG          Chiral   order
X1         (a, 0; 0, 0; 0, 0)                            Pmm2(#25)            -           16
X1         (0, a; 0, 0; 0, 0)                            Pmm2(#25)            -           16
X1         (0, 0; a, 0; 0, 0)                            Pmm2(#25)            -           16
X1         (0, 0; 0, a; 0, 0)                            Pmm2(#25)            -           16
X1         (0, 0; 0, 0; a, 0)                            Pmm2(#25)            -           16
X1         (0, 0; 0, 0; 0, a)                            Pmm2(#25)            -           16
X1         (a, 0; a, 0; a, 0)                            R3m(#160)            -           12
X1         (0, a; 0, a; 0, a)                            R3m(#160)            -           12
X1         (a, 0; a, 0; 0, 0)                            Cm(#8)               -            4
X1         (0, a; 0, a; 0, 0)                            Cm(#8)               -            4
X1         (a, 0; a, 0; -a, 0)                           R3m(#160)            -           12
X1         (0, a; 0, a; 0, -a)                           R3m(#160)            -           12
X1         (a, a; 0, 0; ia, -ia)                         P4_122(#91)          II-pair     16
X1         (a, a; ia, -ia; 0, 0)                         P4_322(#95)          II-pair     16
X1         (a, -a; 0, 0; ia, ia)                         P4_322(#95)          II-pair     16
X1         (a, -a; ia, ia; 0, 0)                         P4_122(#91)          II-pair     16
X2         (a, 0; 0, 0; 0, 0)                            Pnn2(#34)            -           16
X2         (0, a; 0, 0; 0, 0)                            Pnn2(#34)            -           16
X2         (0, 0; a, 0; 0, 0)                            Pnn2(#34)            -           16
X2         (0, 0; 0, a; 0, 0)                            Pnn2(#34)            -           16
X2         (0, 0; 0, 0; a, 0)                            Pnn2(#34)            -           16
X2         (0, 0; 0, 0; 0, a)                            Pnn2(#34)            -           16
X2         (a, 0; a, 0; a, 0)                            R3(#146)             III          6
X2         (0, a; 0, a; 0, a)                            R3(#146)             III          6
X2         (a, 0; a, 0; 0, 0)                            Cm(#8)               -            4
X2         (0, a; 0, a; 0, 0)                            Cm(#8)               -            4
X2         (a, 0; a, 0; -a, 0)                           R3(#146)             III          6
X2         (0, a; 0, a; 0, -a)                           R3(#146)             III          6
X2         (a, a; 0, 0; ia, -ia)                         P4_122(#91)          II-pair     16
X2         (a, a; ia, -ia; 0, 0)                         P4_322(#95)          II-pair     16
X2         (a, -a; 0, 0; ia, ia)                         P4_322(#95)          II-pair     16
X2         (a, -a; ia, ia; 0, 0)                         P4_122(#91)          II-pair     16
X3         (a, 0; 0, 0; 0, 0)                            P4_322(#95)          II-pair     32
X3         (0, a; 0, 0; 0, 0)                            P4_122(#91)          II-pair     32
X3         (0, 0; a, 0; 0, 0)                            P4_322(#95)          II-pair     32
X3         (0, 0; 0, a; 0, 0)                            P4_122(#91)          II-pair     32
X3         (0, 0; 0, 0; a, 0)                            P4_322(#95)          II-pair     32
X3         (0, 0; 0, 0; 0, a)                            P4_122(#91)          II-pair     32
X3         (a, 0; a, 0; a, 0)                            P4_332(#212)         II-pair     48
X3         (0, a; 0, a; 0, a)                            P4_132(#213)         II-pair     48
X3         (a, 0; a, 0; 0, 0)                            P4_32_12(#96)        II-pair     16
X3         (0, a; 0, a; 0, 0)                            P4_12_12(#92)        II-pair     16
X3         (a, 0; a, 0; -a, 0)                           P4_332(#212)         II-pair     48
X3         (0, a; 0, a; 0, -a)                           P4_132(#213)         II-pair     48
X3         (a, a; 0, 0; ia, -ia)                         Cm(#8)               -            4
X3         (a, a; ia, -ia; 0, 0)                         Cm(#8)               -            4
X3         (a, -a; 0, 0; ia, ia)                         Cm(#8)               -            4
X3         (a, -a; ia, ia; 0, 0)                         Cm(#8)               -            4
X4         (a, 0; 0, 0; 0, 0)                            P4_32_12(#96)        II-pair     32
X4         (0, a; 0, 0; 0, 0)                            P4_12_12(#92)        II-pair     32
X4         (0, 0; a, 0; 0, 0)                            P4_32_12(#96)        II-pair     32
X4         (0, 0; 0, a; 0, 0)                            P4_12_12(#92)        II-pair     32
X4         (0, 0; 0, 0; a, 0)                            P4_32_12(#96)        II-pair     32
X4         (0, 0; 0, 0; 0, a)                            P4_12_12(#92)        II-pair     32
X4         (a, 0; a, 0; a, 0)                            P2_13(#198)          III         24
X4         (0, a; 0, a; 0, a)                            P2_13(#198)          III         24
X4         (a, 0; a, 0; 0, 0)                            P4_12_12(#92)        II-pair     16
X4         (0, a; 0, a; 0, 0)                            P4_32_12(#96)        II-pair     16
X4         (a, 0; a, 0; -a, 0)                           P2_13(#198)          III         24
X4         (0, a; 0, a; 0, -a)                           P2_13(#198)          III         24
X4         (a, a; 0, 0; ia, -ia)                         Cm(#8)               -            4
X4         (a, a; ia, -ia; 0, 0)                         Cm(#8)               -            4
X4         (a, -a; 0, 0; ia, ia)                         Cm(#8)               -            4
X4         (a, -a; ia, ia; 0, 0)                         Cm(#8)               -            4

# Verbose output for X

-------------------------------
  Irreducible representations
-------------------------------
q-point: [0.5 0.  0.5]
Point group: 4/mmm

Original symmetry operations:

        1               2               3               4       
 --------------  --------------  --------------  -------------- 
  1  0  0  0.00   0  1  0  0.00  -1 -1 -1  0.00   0  0  1  0.00 
  0  1  0  0.00   1  0  0  0.00   0  0  1  0.00  -1 -1 -1  0.00 
  0  0  1  0.00  -1 -1 -1  0.00   0  1  0  0.00   1  0  0  0.00 

        5               6               7               8       
 --------------  --------------  --------------  -------------- 
 -1  0  0  0.25   0 -1  0  0.25   0  0 -1  0.25   1  1  1  0.25 
  1  1  1  0.25   0  0 -1  0.25   0 -1  0  0.25  -1  0  0  0.25 
  0  0 -1  0.25   1  1  1  0.25  -1  0  0  0.25   0 -1  0  0.25 

        9              10              11              12       
 --------------  --------------  --------------  -------------- 
 -1  0  0  0.25   0 -1  0  0.25   1  1  1  0.25   0  0 -1  0.25 
  0 -1  0  0.25  -1  0  0  0.25   0  0 -1  0.25   1  1  1  0.25 
  0  0 -1  0.25   1  1  1  0.25   0 -1  0  0.25  -1  0  0  0.25 

       13              14              15              16       
 --------------  --------------  --------------  -------------- 
  1  0  0  0.00   0  1  0  0.00   0  0  1  0.00  -1 -1 -1  0.00 
 -1 -1 -1  0.00   0  0  1  0.00   0  1  0  0.00   1  0  0  0.00 
  0  0  1  0.00  -1 -1 -1  0.00   1  0  0  0.00   0  1  0  0.00 

Transformation matrix:

 0.000  0.500  0.500
 0.500  0.000  0.500
 0.500  0.500  0.000

Rotation matrices after transformation matrix:

     1         2         3         4    
 --------  --------  --------  -------- 
  1  0  0  -1  0  0   1  0  0  -1  0  0 
  0  1  0   0 -1  0   0 -1  0   0  1  0 
  0  0  1   0  0  1   0  0 -1   0  0 -1 

     5         6         7         8    
 --------  --------  --------  -------- 
  0  0  1   0  0  1   0  0 -1   0  0 -1 
  0 -1  0   0  1  0   0 -1  0   0  1  0 
  1  0  0  -1  0  0  -1  0  0   1  0  0 

     9        10        11        12    
 --------  --------  --------  -------- 
 -1  0  0   1  0  0  -1  0  0   1  0  0 
  0 -1  0   0  1  0   0  1  0   0 -1  0 
  0  0 -1   0  0 -1   0  0  1   0  0  1 

    13        14        15        16    
 --------  --------  --------  -------- 
  0  0 -1   0  0 -1   0  0  1   0  0  1 
  0  1  0   0 -1  0   0  1  0   0 -1  0 
 -1  0  0   1  0  0   1  0  0  -1  0  0 

Character table:

  1 (   0.547): 
    ( 2,   0.0) ( 0, 180.0) ( 0, 180.0) ( 2,   0.0) ( 2,  90.0) ( 0,   0.0) 
    ( 2,  90.0) ( 0,   0.0) ( 2, 270.0) ( 0,   0.0) ( 0,   0.0) ( 2, 270.0) 
    ( 2, 180.0) ( 0,   0.0) ( 2, 180.0) ( 0,   0.0) 

  3 (   0.596): 
    ( 2,   0.0) ( 0,   0.0) ( 0,   0.0) ( 2, 180.0) ( 0,   0.0) ( 0,   0.0) 
    ( 0,   0.0) ( 0,   0.0) ( 1, 270.0) ( 0,   0.0) ( 0,   0.0) ( 1,  90.0) 
    ( 0,   0.0) ( 0,   0.0) ( 0,   0.0) ( 0,   0.0) 

  5 (   0.843): 
    ( 2,   0.0) ( 0,   0.0) ( 0,   0.0) ( 2, 180.0) ( 0,   0.0) ( 0,   0.0) 
    ( 0,   0.0) ( 0,   0.0) ( 2, 270.0) ( 0,   0.0) ( 0,   0.0) ( 2,  90.0) 
    ( 0,   0.0) ( 0,   0.0) ( 0,   0.0) ( 0,   0.0) 

  7 (   1.152): 
    ( 2,   0.0) ( 0,   0.0) ( 0,   0.0) ( 2, 180.0) ( 0,   0.0) ( 0,   0.0) 
    ( 0,   0.0) ( 0,   0.0) ( 1, 270.0) ( 0,   0.0) ( 0,   0.0) ( 1,  90.0) 
    ( 0,   0.0) ( 0,   0.0) ( 0,   0.0) ( 0,   0.0) 

  9 (   1.349): 
    ( 2,   0.0) ( 1, 180.0) ( 1, 180.0) ( 2,   0.0) ( 0, 270.0) ( 0,   0.0) 
    ( 0, 270.0) ( 0,   0.0) ( 0, 270.0) ( 0,   0.0) ( 0,   0.0) ( 0, 270.0) 
    ( 2,   0.0) ( 1, 180.0) ( 2,   0.0) ( 1, 180.0) 

 11 (   1.597): 
    ( 2,   0.0) ( 0,   0.0) ( 0,   0.0) ( 2, 180.0) ( 0,   0.0) ( 0,   0.0) 
    ( 0,   0.0) ( 0,   0.0) ( 0,  90.0) ( 0,   0.0) ( 0,   0.0) ( 0, 270.0) 
    ( 0,   0.0) ( 0,   0.0) ( 0,   0.0) ( 0,   0.0) 

 13 (   1.657): 
    ( 2,   0.0) ( 0,   0.0) ( 0,   0.0) ( 2, 180.0) ( 0,   0.0) ( 0,   0.0) 
    ( 0,   0.0) ( 0,   0.0) ( 1, 270.0) ( 0,   0.0) ( 0,   0.0) ( 1,  90.0) 
    ( 0,   0.0) ( 0,   0.0) ( 0,   0.0) ( 0,   0.0) 

 15 (   1.840): 
    ( 2,   0.0) ( 0,   0.0) ( 0,   0.0) ( 2, 180.0) ( 0,   0.0) ( 0,   0.0) 
    ( 0,   0.0) ( 0,   0.0) ( 0,  90.0) ( 0,   0.0) ( 0,   0.0) ( 0, 270.0) 
    ( 0,   0.0) ( 0,   0.0) ( 0,   0.0) ( 0,   0.0) 

 17 (   1.860): 
    ( 2,   0.0) ( 0, 180.0) ( 0, 180.0) ( 2,   0.0) ( 1, 270.0) ( 0,   0.0) 
    ( 1, 270.0) ( 0,   0.0) ( 1, 270.0) ( 0,   0.0) ( 0,   0.0) ( 1, 270.0) 
    ( 2,   0.0) ( 0, 180.0) ( 2,   0.0) ( 0, 180.0) 

 19 (   1.876): 
    ( 2,   0.0) ( 1, 180.0) ( 1, 180.0) ( 2,   0.0) ( 0,  90.0) ( 0,   0.0) 
    ( 0,  90.0) ( 0,   0.0) ( 0, 270.0) ( 0,   0.0) ( 0,   0.0) ( 0, 270.0) 
    ( 2, 180.0) ( 1,   0.0) ( 2, 180.0) ( 1,   0.0) 

 21 (   2.041): 
    ( 2,   0.0) ( 0,   0.0) ( 0,   0.0) ( 2, 180.0) ( 0,   0.0) ( 0,   0.0) 
    ( 0,   0.0) ( 0,   0.0) ( 1, 270.0) ( 0,   0.0) ( 0,   0.0) ( 1,  90.0) 
    ( 0,   0.0) ( 0,   0.0) ( 0,   0.0) ( 0,   0.0) 

 23 (   2.452): 
    ( 2,   0.0) ( 0, 180.0) ( 0, 180.0) ( 2,   0.0) ( 2, 270.0) ( 0,   0.0) 
    ( 2, 270.0) ( 0,   0.0) ( 2, 270.0) ( 0,   0.0) ( 0,   0.0) ( 2, 270.0) 
    ( 2,   0.0) ( 0, 180.0) ( 2,   0.0) ( 0, 180.0) 

 25 (   2.840): 
    ( 2,   0.0) ( 0,   0.0) ( 0,   0.0) ( 2, 180.0) ( 0,   0.0) ( 0,   0.0) 
    ( 0,   0.0) ( 0,   0.0) ( 0, 270.0) ( 0,   0.0) ( 0,   0.0) ( 0,  90.0) 
    ( 0,   0.0) ( 0,   0.0) ( 0,   0.0) ( 0,   0.0) 

 27 (   2.852): 
    ( 2,   0.0) ( 1, 180.0) ( 1, 180.0) ( 2,   0.0) ( 0, 270.0) ( 0,   0.0) 
    ( 0, 270.0) ( 0,   0.0) ( 0,  90.0) ( 0,   0.0) ( 0,   0.0) ( 0,  90.0) 
    ( 2, 180.0) ( 1,   0.0) ( 2, 180.0) ( 1,   0.0) 

 29 (   2.903): 
    ( 2,   0.0) ( 0,   0.0) ( 0,   0.0) ( 2, 180.0) ( 0,   0.0) ( 0,   0.0) 
    ( 0,   0.0) ( 0,   0.0) ( 0,  90.0) ( 0,   0.0) ( 0,   0.0) ( 0, 270.0) 
    ( 0,   0.0) ( 0,   0.0) ( 0,   0.0) ( 0,   0.0) 

 31 (   3.005): 
    ( 2,   0.0) ( 1,   0.0) ( 1,   0.0) ( 2,   0.0) ( 0,  90.0) ( 0,   0.0) 
    ( 0,  90.0) ( 0,   0.0) ( 0, 270.0) ( 0,   0.0) ( 0,   0.0) ( 0, 270.0) 
    ( 2, 180.0) ( 1, 180.0) ( 2, 180.0) ( 1, 180.0) 

 33 (   3.031): 
    ( 2,   0.0) ( 1,   0.0) ( 1,   0.0) ( 2,   0.0) ( 0,  90.0) ( 0,   0.0) 
    ( 0,  90.0) ( 0,   0.0) ( 0,  90.0) ( 0,   0.0) ( 0,   0.0) ( 0,  90.0) 
    ( 2,   0.0) ( 1,   0.0) ( 2,   0.0) ( 1,   0.0) 

 35 (   3.846): 
    ( 2,   0.0) ( 0,   0.0) ( 0,   0.0) ( 2, 180.0) ( 0,   0.0) ( 0,   0.0) 
    ( 0,   0.0) ( 0,   0.0) ( 0,  90.0) ( 0,   0.0) ( 0,   0.0) ( 0, 270.0) 
    ( 0,   0.0) ( 0,   0.0) ( 0,   0.0) ( 0,   0.0) 

 37 (   4.036): 
    ( 2,   0.0) ( 0,   0.0) ( 0,   0.0) ( 2, 180.0) ( 0,   0.0) ( 0,   0.0) 
    ( 0,   0.0) ( 0,   0.0) ( 1, 270.0) ( 0,   0.0) ( 0,   0.0) ( 1,  90.0) 
    ( 0,   0.0) ( 0,   0.0) ( 0,   0.0) ( 0,   0.0) 

 39 (   4.073): 
    ( 2,   0.0) ( 1, 180.0) ( 1, 180.0) ( 2,   0.0) ( 0, 270.0) ( 0,   0.0) 
    ( 0, 270.0) ( 0,   0.0) ( 0, 270.0) ( 0,   0.0) ( 0,   0.0) ( 0, 270.0) 
    ( 2,   0.0) ( 1, 180.0) ( 2,   0.0) ( 1, 180.0) 

 41 (   4.658): 
    ( 2,   0.0) ( 1, 180.0) ( 1, 180.0) ( 2,   0.0) ( 1,  90.0) ( 0,   0.0) 
    ( 1,  90.0) ( 0,   0.0) ( 1, 270.0) ( 0,   0.0) ( 0,   0.0) ( 1, 270.0) 
    ( 2, 180.0) ( 1,   0.0) ( 2, 180.0) ( 1,   0.0) 

 43 (   4.709): 
    ( 2,   0.0) ( 0,   0.0) ( 0,   0.0) ( 2, 180.0) ( 0,   0.0) ( 0,   0.0) 
    ( 0,   0.0) ( 0,   0.0) ( 0,  90.0) ( 0,   0.0) ( 0,   0.0) ( 0, 270.0) 
    ( 0,   0.0) ( 0,   0.0) ( 0,   0.0) ( 0,   0.0) 

 45 (   4.747): 
    ( 2,   0.0) ( 0,   0.0) ( 0,   0.0) ( 2, 180.0) ( 0,   0.0) ( 0,   0.0) 
    ( 0,   0.0) ( 0,   0.0) ( 1, 270.0) ( 0,   0.0) ( 0,   0.0) ( 1,  90.0) 
    ( 0,   0.0) ( 0,   0.0) ( 0,   0.0) ( 0,   0.0) 

 47 (   4.997): 
    ( 2,   0.0) ( 0,   0.0) ( 0,   0.0) ( 2,   0.0) ( 1,  90.0) ( 0,   0.0) 
    ( 1,  90.0) ( 0,   0.0) ( 1,  90.0) ( 0,   0.0) ( 0,   0.0) ( 1,  90.0) 
    ( 2,   0.0) ( 0,   0.0) ( 2,   0.0) ( 0,   0.0) 

 49 (   5.059): 
    ( 2,   0.0) ( 1,   0.0) ( 1,   0.0) ( 2,   0.0) ( 1, 270.0) ( 0,   0.0) 
    ( 1, 270.0) ( 0,   0.0) ( 1,  90.0) ( 0,   0.0) ( 0,   0.0) ( 1,  90.0) 
    ( 2, 180.0) ( 1, 180.0) ( 2, 180.0) ( 1, 180.0) 

 51 (   5.102): 
    ( 2,   0.0) ( 0,   0.0) ( 0,   0.0) ( 2, 180.0) ( 0,   0.0) ( 0,   0.0) 
    ( 0,   0.0) ( 0,   0.0) ( 0, 270.0) ( 0,   0.0) ( 0,   0.0) ( 0,  90.0) 
    ( 0,   0.0) ( 0,   0.0) ( 0,   0.0) ( 0,   0.0) 

 53 (   5.158): 
    ( 2,   0.0) ( 0,   0.0) ( 0,   0.0) ( 2, 180.0) ( 0,   0.0) ( 0,   0.0) 
    ( 0,   0.0) ( 0,   0.0) ( 0,  90.0) ( 0,   0.0) ( 0,   0.0) ( 0, 270.0) 
    ( 0,   0.0) ( 0,   0.0) ( 0,   0.0) ( 0,   0.0) 

 55 (   5.247): 
    ( 2,   0.0) ( 0,   0.0) ( 0,   0.0) ( 2, 180.0) ( 0,   0.0) ( 0,   0.0) 
    ( 0,   0.0) ( 0,   0.0) ( 1, 270.0) ( 0,   0.0) ( 0,   0.0) ( 1,  90.0) 
    ( 0,   0.0) ( 0,   0.0) ( 0,   0.0) ( 0,   0.0) 

 57 (   5.256): 
    ( 2,   0.0) ( 1, 180.0) ( 1, 180.0) ( 2,   0.0) ( 0,  90.0) ( 0,   0.0) 
    ( 0,  90.0) ( 0,   0.0) ( 0,  90.0) ( 0,   0.0) ( 0,   0.0) ( 0,  90.0) 
    ( 2,   0.0) ( 1, 180.0) ( 2,   0.0) ( 1, 180.0) 

 59 (   5.392): 
    ( 2,   0.0) ( 1, 180.0) ( 1, 180.0) ( 2,   0.0) ( 1, 270.0) ( 0,   0.0) 
    ( 1, 270.0) ( 0,   0.0) ( 1, 270.0) ( 0,   0.0) ( 0,   0.0) ( 1, 270.0) 
    ( 2,   0.0) ( 1, 180.0) ( 2,   0.0) ( 1, 180.0) 

 61 (   5.489): 
    ( 2,   0.0) ( 0,   0.0) ( 0,   0.0) ( 2, 180.0) ( 0,   0.0) ( 0,   0.0) 
    ( 0,   0.0) ( 0,   0.0) ( 1,  90.0) ( 0,   0.0) ( 0,   0.0) ( 1, 270.0) 
    ( 0,   0.0) ( 0,   0.0) ( 0,   0.0) ( 0,   0.0) 

 63 (   5.769): 
    ( 2,   0.0) ( 0,   0.0) ( 0,   0.0) ( 2,   0.0) ( 0, 270.0) ( 0,   0.0) 
    ( 0, 270.0) ( 0,   0.0) ( 0, 270.0) ( 0,   0.0) ( 0,   0.0) ( 0, 270.0) 
    ( 2,   0.0) ( 0,   0.0) ( 2,   0.0) ( 0,   0.0) 

 65 (  10.145): 
    ( 2,   0.0) ( 1,   0.0) ( 1,   0.0) ( 2,   0.0) ( 0,  90.0) ( 0,   0.0) 
    ( 0,  90.0) ( 0,   0.0) ( 0,  90.0) ( 0,   0.0) ( 0,   0.0) ( 0,  90.0) 
    ( 2,   0.0) ( 1,   0.0) ( 2,   0.0) ( 1,   0.0) 

 67 (  10.192): 
    ( 2,   0.0) ( 0,   0.0) ( 0,   0.0) ( 2, 180.0) ( 0,   0.0) ( 0,   0.0) 
    ( 0,   0.0) ( 0,   0.0) ( 0,  90.0) ( 0,   0.0) ( 0,   0.0) ( 0, 270.0) 
    ( 0,   0.0) ( 0,   0.0) ( 0,   0.0) ( 0,   0.0) 

 69 (  10.211): 
    ( 2,   0.0) ( 0,   0.0) ( 0,   0.0) ( 2, 180.0) ( 0,   0.0) ( 0,   0.0) 
    ( 0,   0.0) ( 0,   0.0) ( 0, 270.0) ( 0,   0.0) ( 0,   0.0) ( 0,  90.0) 
    ( 0,   0.0) ( 0,   0.0) ( 0,   0.0) ( 0,   0.0) 

 71 (  10.241): 
    ( 2,   0.0) ( 0, 180.0) ( 0, 180.0) ( 2,   0.0) ( 0, 270.0) ( 0,   0.0) 
    ( 0, 270.0) ( 0,   0.0) ( 0, 270.0) ( 0,   0.0) ( 0,   0.0) ( 0, 270.0) 
    ( 2,   0.0) ( 0, 180.0) ( 2,   0.0) ( 0, 180.0) 

 73 (  10.615): 
    ( 2,   0.0) ( 0,   0.0) ( 0,   0.0) ( 2, 180.0) ( 0,   0.0) ( 0,   0.0) 
    ( 0,   0.0) ( 0,   0.0) ( 1,  90.0) ( 0,   0.0) ( 0,   0.0) ( 1, 270.0) 
    ( 0,   0.0) ( 0,   0.0) ( 0,   0.0) ( 0,   0.0) 

 75 (  10.675): 
    ( 2,   0.0) ( 2, 180.0) ( 2, 180.0) ( 2,   0.0) ( 0,  90.0) ( 0,   0.0) 
    ( 0,  90.0) ( 0,   0.0) ( 0, 270.0) ( 0,   0.0) ( 0,   0.0) ( 0, 270.0) 
    ( 2, 180.0) ( 2,   0.0) ( 2, 180.0) ( 2,   0.0) 

 77 (  10.743): 
    ( 2,   0.0) ( 0,   0.0) ( 0,   0.0) ( 2, 180.0) ( 0,   0.0) ( 0,   0.0) 
    ( 0,   0.0) ( 0,   0.0) ( 1, 270.0) ( 0,   0.0) ( 0,   0.0) ( 1,  90.0) 
    ( 0,   0.0) ( 0,   0.0) ( 0,   0.0) ( 0,   0.0) 

 79 (  11.290): 
    ( 2,   0.0) ( 0,   0.0) ( 0,   0.0) ( 2,   0.0) ( 1,  90.0) ( 0,   0.0) 
    ( 1,  90.0) ( 0,   0.0) ( 1,  90.0) ( 0,   0.0) ( 0,   0.0) ( 1,  90.0) 
    ( 2,   0.0) ( 0,   0.0) ( 2,   0.0) ( 0,   0.0) 

 81 (  11.320): 
    ( 2,   0.0) ( 0,   0.0) ( 0,   0.0) ( 2, 180.0) ( 0,   0.0) ( 0,   0.0) 
    ( 0,   0.0) ( 0,   0.0) ( 0,  90.0) ( 0,   0.0) ( 0,   0.0) ( 0, 270.0) 
    ( 0,   0.0) ( 0,   0.0) ( 0,   0.0) ( 0,   0.0) 

 83 (  11.360): 
    ( 2,   0.0) ( 2,   0.0) ( 2,   0.0) ( 2,   0.0) ( 0, 270.0) ( 0,   0.0) 
    ( 0, 270.0) ( 0,   0.0) ( 0,  90.0) ( 0,   0.0) ( 0,   0.0) ( 0,  90.0) 
    ( 2, 180.0) ( 2, 180.0) ( 2, 180.0) ( 2, 180.0) 

 85 (  11.653): 
    ( 2,   0.0) ( 0,   0.0) ( 0,   0.0) ( 2, 180.0) ( 0,   0.0) ( 0,   0.0) 
    ( 0,   0.0) ( 0,   0.0) ( 0, 270.0) ( 0,   0.0) ( 0,   0.0) ( 0,  90.0) 
    ( 0,   0.0) ( 0,   0.0) ( 0,   0.0) ( 0,   0.0) 

 87 (  11.915): 
    ( 2,   0.0) ( 1, 180.0) ( 1, 180.0) ( 2,   0.0) ( 1, 270.0) ( 0,   0.0) 
    ( 1, 270.0) ( 0,   0.0) ( 1, 270.0) ( 0,   0.0) ( 0,   0.0) ( 1, 270.0) 
    ( 2,   0.0) ( 1, 180.0) ( 2,   0.0) ( 1, 180.0) 

 89 (  12.720): 
    ( 2,   0.0) ( 0,   0.0) ( 0,   0.0) ( 2, 180.0) ( 0,   0.0) ( 0,   0.0) 
    ( 0,   0.0) ( 0,   0.0) ( 2, 270.0) ( 0,   0.0) ( 0,   0.0) ( 2,  90.0) 
    ( 0,   0.0) ( 0,   0.0) ( 0,   0.0) ( 0,   0.0) 

 91 (  12.729): 
    ( 2,   0.0) ( 0,   0.0) ( 0,   0.0) ( 2, 180.0) ( 0,   0.0) ( 0,   0.0) 
    ( 0,   0.0) ( 0,   0.0) ( 2,  90.0) ( 0,   0.0) ( 0,   0.0) ( 2, 270.0) 
    ( 0,   0.0) ( 0,   0.0) ( 0,   0.0) ( 0,   0.0) 

 93 (  13.093): 
    ( 2,   0.0) ( 0, 180.0) ( 0, 180.0) ( 2,   0.0) ( 0, 270.0) ( 0,   0.0) 
    ( 0, 270.0) ( 0,   0.0) ( 0, 270.0) ( 0,   0.0) ( 0,   0.0) ( 0, 270.0) 
    ( 2,   0.0) ( 0, 180.0) ( 2,   0.0) ( 0, 180.0) 

 95 (  13.219): 
    ( 2,   0.0) ( 0,   0.0) ( 0,   0.0) ( 2,   0.0) ( 0,  90.0) ( 0,   0.0) 
    ( 0,  90.0) ( 0,   0.0) ( 0,  90.0) ( 0,   0.0) ( 0,   0.0) ( 0,  90.0) 
    ( 2,   0.0) ( 0,   0.0) ( 2,   0.0) ( 0,   0.0) 

IR representations:

  1 (   0.547):

      1 ( 1.000 -0.000i)  (-0.000 -0.000i) 
        (-0.000 +0.000i)  ( 1.000 -0.000i) 

      2 (-0.313 -0.000i)  ( 0.408 -0.733i) 
        ( 0.408 +0.733i)  ( 0.126 +0.000i) 

      3 (-0.313 -0.000i)  ( 0.408 -0.733i) 
        ( 0.408 +0.733i)  ( 0.126 +0.000i) 

      4 ( 1.000 -0.000i)  (-0.000 -0.000i) 
        (-0.000 +0.000i)  ( 1.000 +0.000i) 

      5 (-0.000 +0.891i)  (-0.079 -0.044i) 
        ( 0.079 -0.044i)  ( 0.000 +0.844i) 

      6 (-0.000 -0.253i)  ( 0.845 +0.471i) 
        (-0.845 +0.471i)  ( 0.000 +0.253i) 

      7 (-0.000 +0.891i)  (-0.079 -0.044i) 
        ( 0.079 -0.044i)  ( 0.000 +0.844i) 

      8 (-0.000 -0.253i)  ( 0.845 +0.471i) 
        (-0.845 +0.471i)  (-0.000 +0.253i) 

      9 (-0.000 -0.891i)  ( 0.079 +0.044i) 
        (-0.079 +0.044i)  (-0.000 -0.844i) 

     10 (-0.000 +0.253i)  (-0.845 -0.471i) 
        ( 0.845 -0.471i)  ( 0.000 -0.253i) 

     11 ( 0.000 +0.253i)  (-0.845 -0.471i) 
        ( 0.845 -0.471i)  (-0.000 -0.253i) 

     12 (-0.000 -0.891i)  ( 0.079 +0.044i) 
        (-0.079 +0.044i)  (-0.000 -0.844i) 

     13 (-1.000 -0.000i)  (-0.000 +0.000i) 
        (-0.000 -0.000i)  (-1.000 -0.000i) 

     14 ( 0.313 -0.000i)  (-0.408 +0.733i) 
        (-0.408 -0.733i)  (-0.126 +0.000i) 

     15 (-1.000 -0.000i)  (-0.000 +0.000i) 
        ( 0.000 -0.000i)  (-1.000 +0.000i) 

     16 ( 0.313 -0.000i)  (-0.408 +0.733i) 
        (-0.408 -0.733i)  (-0.126 +0.000i) 

  3 (   0.596):

      1 ( 1.000 -0.000i)  ( 0.000 -0.000i) 
        ( 0.000 +0.000i)  ( 1.000 -0.000i) 

      2 (-0.000 +0.000i)  ( 0.658 -0.284i) 
        ( 0.658 +0.284i)  ( 0.000 -0.000i) 

      3 ( 0.000 -0.000i)  (-0.658 +0.284i) 
        (-0.658 -0.284i)  (-0.000 +0.000i) 

      4 (-1.000 -0.000i)  (-0.000 -0.000i) 
        ( 0.000 -0.000i)  (-1.000 -0.000i) 

      5 (-0.000 +0.178i)  (-0.637 +0.275i) 
        ( 0.637 +0.275i)  ( 0.000 -0.178i) 

      6 (-0.969 +0.000i)  ( 0.098 +0.229i) 
        ( 0.098 -0.229i)  ( 0.969 -0.000i) 

      7 (-0.000 -0.178i)  ( 0.637 -0.275i) 
        (-0.637 -0.275i)  ( 0.000 +0.178i) 

      8 ( 0.969 -0.000i)  (-0.098 -0.229i) 
        (-0.098 +0.229i)  (-0.969 +0.000i) 

      9 (-0.000 -0.717i)  ( 0.000 -0.000i) 
        (-0.000 -0.000i)  (-0.000 -0.717i) 

     10 ( 0.000 +0.000i)  (-0.396 -0.918i) 
        ( 0.396 -0.918i)  ( 0.000 -0.000i) 

     11 (-0.000 -0.000i)  ( 0.396 +0.918i) 
        (-0.396 +0.918i)  ( 0.000 +0.000i) 

     12 ( 0.000 +0.717i)  (-0.000 +0.000i) 
        ( 0.000 +0.000i)  ( 0.000 +0.717i) 

     13 (-0.249 -0.000i)  (-0.383 -0.889i) 
        (-0.383 +0.889i)  ( 0.249 -0.000i) 

     14 (-0.000 -0.694i)  (-0.164 +0.071i) 
        ( 0.164 +0.071i)  (-0.000 +0.694i) 

     15 ( 0.249 +0.000i)  ( 0.383 +0.889i) 
        ( 0.383 -0.889i)  (-0.249 -0.000i) 

     16 (-0.000 +0.694i)  ( 0.164 -0.071i) 
        (-0.164 -0.071i)  (-0.000 -0.694i) 

  5 (   0.843):

      1 ( 1.000 -0.000i)  ( 0.000 +0.000i) 
        ( 0.000 -0.000i)  ( 1.000 -0.000i) 

      2 (-0.000 -0.000i)  ( 0.606 +0.460i) 
        ( 0.606 -0.460i)  (-0.000 +0.000i) 

      3 ( 0.000 -0.000i)  (-0.606 -0.460i) 
        (-0.606 +0.460i)  ( 0.000 +0.000i) 

      4 (-1.000 +0.000i)  (-0.000 -0.000i) 
        (-0.000 +0.000i)  (-1.000 -0.000i) 

      5 (-0.000 -0.760i)  (-0.022 -0.016i) 
        ( 0.022 -0.016i)  (-0.000 +0.760i) 

      6 (-0.036 +0.000i)  ( 0.604 -0.796i) 
        ( 0.604 +0.796i)  ( 0.036 -0.000i) 

      7 ( 0.000 +0.760i)  ( 0.022 +0.016i) 
        (-0.022 +0.016i)  (-0.000 -0.760i) 

      8 ( 0.036 -0.000i)  (-0.604 +0.796i) 
        (-0.604 -0.796i)  (-0.036 +0.000i) 

      9 (-0.000 -0.761i)  (-0.000 +0.000i) 
        ( 0.000 +0.000i)  (-0.000 -0.761i) 

     10 (-0.000 -0.000i)  ( 0.605 -0.796i) 
        (-0.605 -0.796i)  ( 0.000 +0.000i) 

     11 ( 0.000 +0.000i)  (-0.605 +0.796i) 
        ( 0.605 +0.796i)  ( 0.000 -0.000i) 

     12 (-0.000 +0.761i)  ( 0.000 -0.000i) 
        (-0.000 -0.000i)  (-0.000 +0.761i) 

     13 ( 0.999 -0.000i)  ( 0.022 -0.029i) 
        ( 0.022 +0.029i)  (-0.999 -0.000i) 

     14 (-0.000 -0.027i)  ( 0.606 +0.460i) 
        (-0.606 +0.460i)  (-0.000 +0.027i) 

     15 (-0.999 -0.000i)  (-0.022 +0.029i) 
        (-0.022 -0.029i)  ( 0.999 -0.000i) 

     16 (-0.000 +0.027i)  (-0.606 -0.460i) 
        ( 0.606 -0.460i)  ( 0.000 -0.027i) 

  7 (   1.152):

      1 ( 1.000 -0.000i)  (-0.000 -0.000i) 
        (-0.000 +0.000i)  ( 1.000 -0.000i) 

      2 ( 0.000 -0.000i)  ( 0.217 -0.424i) 
        ( 0.217 +0.424i)  (-0.000 +0.000i) 

      3 (-0.000 +0.000i)  (-0.217 +0.424i) 
        (-0.217 -0.424i)  ( 0.000 -0.000i) 

      4 (-1.000 -0.000i)  (-0.000 +0.000i) 
        (-0.000 -0.000i)  (-1.000 -0.000i) 

      5 ( 0.000 +0.381i)  ( 0.129 -0.253i) 
        (-0.129 -0.253i)  (-0.000 -0.381i) 

      6 ( 0.598 -0.000i)  ( 0.714 +0.365i) 
        ( 0.714 -0.365i)  (-0.598 +0.000i) 

      7 (-0.000 -0.381i)  (-0.129 +0.253i) 
        ( 0.129 +0.253i)  (-0.000 +0.381i) 

      8 (-0.598 +0.000i)  (-0.714 -0.365i) 
        (-0.714 +0.365i)  ( 0.598 -0.000i) 

      9 ( 0.000 -0.476i)  (-0.000 -0.000i) 
        ( 0.000 -0.000i)  (-0.000 -0.476i) 

     10 ( 0.000 -0.000i)  (-0.890 -0.455i) 
        ( 0.890 -0.455i)  (-0.000 +0.000i) 

     11 ( 0.000 +0.000i)  ( 0.890 +0.455i) 
        (-0.890 +0.455i)  (-0.000 -0.000i) 

     12 ( 0.000 +0.476i)  ( 0.000 +0.000i) 
        (-0.000 +0.000i)  (-0.000 +0.476i) 

     13 (-0.802 -0.000i)  ( 0.532 +0.272i) 
        ( 0.532 -0.272i)  ( 0.802 -0.000i) 

     14 ( 0.000 +0.284i)  (-0.174 +0.340i) 
        ( 0.174 +0.340i)  (-0.000 -0.284i) 

     15 ( 0.802 -0.000i)  (-0.532 -0.272i) 
        (-0.532 +0.272i)  (-0.802 -0.000i) 

     16 ( 0.000 -0.284i)  ( 0.174 -0.340i) 
        (-0.174 -0.340i)  (-0.000 +0.284i) 

  9 (   1.349):

      1 ( 1.000 -0.000i)  (-0.000 +0.000i) 
        (-0.000 -0.000i)  ( 1.000 -0.000i) 

      2 (-0.397 -0.000i)  ( 0.027 +0.192i) 
        ( 0.027 -0.192i)  (-0.171 -0.000i) 

      3 (-0.397 -0.000i)  ( 0.027 +0.192i) 
        ( 0.027 -0.192i)  (-0.171 -0.000i) 

      4 ( 1.000 -0.000i)  (-0.000 -0.000i) 
        (-0.000 -0.000i)  ( 1.000 -0.000i) 

      5 ( 0.000 -0.367i)  (-0.243 +0.035i) 
        ( 0.243 +0.035i)  (-0.000 -0.081i) 

      6 ( 0.000 +0.503i)  ( 0.855 -0.122i) 
        (-0.855 -0.122i)  (-0.000 -0.503i) 

      7 ( 0.000 -0.367i)  (-0.243 +0.035i) 
        ( 0.243 +0.035i)  (-0.000 -0.081i) 

      8 ( 0.000 +0.503i)  ( 0.855 -0.122i) 
        (-0.855 -0.122i)  (-0.000 -0.503i) 

      9 ( 0.000 -0.367i)  (-0.243 +0.035i) 
        ( 0.243 +0.035i)  (-0.000 -0.081i) 

     10 ( 0.000 +0.503i)  ( 0.855 -0.122i) 
        (-0.855 -0.122i)  (-0.000 -0.503i) 

     11 ( 0.000 +0.503i)  ( 0.855 -0.122i) 
        (-0.855 -0.122i)  ( 0.000 -0.503i) 

     12 (-0.000 -0.367i)  (-0.243 +0.035i) 
        ( 0.243 +0.035i)  (-0.000 -0.081i) 

     13 ( 1.000 -0.000i)  ( 0.000 -0.000i) 
        ( 0.000 +0.000i)  ( 1.000 -0.000i) 

     14 (-0.397 -0.000i)  ( 0.027 +0.192i) 
        ( 0.027 -0.192i)  (-0.171 -0.000i) 

     15 ( 1.000 -0.000i)  (-0.000 -0.000i) 
        (-0.000 +0.000i)  ( 1.000 -0.000i) 

     16 (-0.397 -0.000i)  ( 0.027 +0.192i) 
        ( 0.027 -0.192i)  (-0.171 -0.000i) 

 11 (   1.597):

      1 ( 1.000 -0.000i)  ( 0.000 -0.000i) 
        ( 0.000 +0.000i)  ( 1.000 -0.000i) 

      2 ( 0.000 -0.000i)  (-0.098 +0.024i) 
        (-0.098 -0.024i)  (-0.000 +0.000i) 

      3 (-0.000 -0.000i)  ( 0.098 -0.024i) 
        ( 0.098 +0.024i)  ( 0.000 -0.000i) 

      4 (-1.000 +0.000i)  (-0.000 +0.000i) 
        (-0.000 -0.000i)  (-1.000 -0.000i) 

      5 (-0.000 +0.100i)  ( 0.012 -0.003i) 
        (-0.012 -0.003i)  (-0.000 -0.100i) 

      6 (-0.126 +0.000i)  (-0.237 -0.963i) 
        (-0.237 +0.963i)  ( 0.126 -0.000i) 

      7 (-0.000 -0.100i)  (-0.012 +0.003i) 
        ( 0.012 +0.003i)  (-0.000 +0.100i) 

      8 ( 0.126 -0.000i)  ( 0.237 +0.963i) 
        ( 0.237 -0.963i)  (-0.126 -0.000i) 

      9 ( 0.000 +0.101i)  ( 0.000 +0.000i) 
        (-0.000 +0.000i)  ( 0.000 +0.101i) 

     10 ( 0.000 +0.000i)  (-0.239 -0.971i) 
        ( 0.239 -0.971i)  ( 0.000 -0.000i) 

     11 ( 0.000 -0.000i)  ( 0.239 +0.971i) 
        (-0.239 +0.971i)  ( 0.000 +0.000i) 

     12 (-0.000 -0.101i)  (-0.000 -0.000i) 
        ( 0.000 -0.000i)  (-0.000 -0.101i) 

     13 ( 0.992 +0.000i)  (-0.030 -0.122i) 
        (-0.030 +0.122i)  (-0.992 -0.000i) 

     14 ( 0.000 +0.013i)  (-0.097 +0.024i) 
        ( 0.097 +0.024i)  ( 0.000 -0.013i) 

     15 (-0.992 +0.000i)  ( 0.030 +0.122i) 
        ( 0.030 -0.122i)  ( 0.992 -0.000i) 

     16 ( 0.000 -0.013i)  ( 0.097 -0.024i) 
        (-0.097 -0.024i)  (-0.000 +0.013i) 

 13 (   1.657):

      1 ( 1.000 -0.000i)  ( 0.000 -0.000i) 
        ( 0.000 -0.000i)  ( 1.000 -0.000i) 

      2 (-0.000 +0.000i)  ( 0.001 +0.260i) 
        ( 0.001 -0.260i)  ( 0.000 -0.000i) 

      3 ( 0.000 -0.000i)  (-0.001 -0.260i) 
        (-0.001 +0.260i)  (-0.000 -0.000i) 

      4 (-1.000 -0.000i)  (-0.000 +0.000i) 
        (-0.000 -0.000i)  (-1.000 -0.000i) 

      5 (-0.000 -0.134i)  (-0.001 -0.223i) 
        ( 0.001 -0.223i)  ( 0.000 +0.134i) 

      6 (-0.858 +0.000i)  ( 0.513 -0.002i) 
        ( 0.513 +0.002i)  ( 0.858 -0.000i) 

      7 ( 0.000 +0.134i)  ( 0.001 +0.223i) 
        (-0.001 +0.223i)  (-0.000 -0.134i) 

      8 ( 0.858 -0.000i)  (-0.513 +0.002i) 
        (-0.513 -0.002i)  (-0.858 +0.000i) 

      9 (-0.000 -0.260i)  ( 0.000 -0.000i) 
        (-0.000 -0.000i)  (-0.000 -0.260i) 

     10 (-0.000 +0.000i)  ( 1.000 -0.003i) 
        (-1.000 -0.003i)  (-0.000 -0.000i) 

     11 (-0.000 -0.000i)  (-1.000 +0.003i) 
        ( 1.000 +0.003i)  (-0.000 +0.000i) 

     12 (-0.000 +0.260i)  (-0.000 +0.000i) 
        ( 0.000 +0.000i)  (-0.000 +0.260i) 

     13 ( 0.513 -0.000i)  ( 0.858 -0.003i) 
        ( 0.858 +0.003i)  (-0.513 -0.000i) 

     14 (-0.000 -0.223i)  ( 0.000 +0.134i) 
        (-0.000 +0.134i)  (-0.000 +0.223i) 

     15 (-0.513 +0.000i)  (-0.858 +0.003i) 
        (-0.858 -0.003i)  ( 0.513 -0.000i) 

     16 (-0.000 +0.223i)  (-0.000 -0.134i) 
        ( 0.000 -0.134i)  ( 0.000 -0.223i) 

 15 (   1.840):

      1 ( 1.000 -0.000i)  (-0.000 +0.000i) 
        (-0.000 -0.000i)  ( 1.000 -0.000i) 

      2 (-0.000 +0.000i)  (-0.059 +0.198i) 
        (-0.059 -0.198i)  ( 0.000 +0.000i) 

      3 ( 0.000 -0.000i)  ( 0.059 -0.198i) 
        ( 0.059 +0.198i)  (-0.000 -0.000i) 

      4 (-1.000 +0.000i)  (-0.000 -0.000i) 
        (-0.000 +0.000i)  (-1.000 +0.000i) 

      5 ( 0.000 -0.186i)  ( 0.025 -0.085i) 
        (-0.025 -0.085i)  ( 0.000 +0.186i) 

      6 (-0.429 +0.000i)  ( 0.865 +0.259i) 
        ( 0.865 -0.259i)  ( 0.429 -0.000i) 

      7 (-0.000 +0.186i)  (-0.025 +0.085i) 
        ( 0.025 +0.085i)  (-0.000 -0.186i) 

      8 ( 0.429 -0.000i)  (-0.865 -0.259i) 
        (-0.865 +0.259i)  (-0.429 +0.000i) 

      9 (-0.000 +0.206i)  ( 0.000 +0.000i) 
        (-0.000 +0.000i)  ( 0.000 +0.206i) 

     10 (-0.000 -0.000i)  (-0.958 -0.286i) 
        ( 0.958 -0.286i)  ( 0.000 +0.000i) 

     11 ( 0.000 +0.000i)  ( 0.958 +0.286i) 
        (-0.958 +0.286i)  (-0.000 -0.000i) 

     12 ( 0.000 -0.206i)  (-0.000 -0.000i) 
        ( 0.000 -0.000i)  (-0.000 -0.206i) 

     13 (-0.903 +0.000i)  (-0.411 -0.123i) 
        (-0.411 +0.123i)  ( 0.903 +0.000i) 

     14 (-0.000 +0.089i)  ( 0.053 -0.178i) 
        (-0.053 -0.178i)  ( 0.000 -0.089i) 

     15 ( 0.903 -0.000i)  ( 0.411 +0.123i) 
        ( 0.411 -0.123i)  (-0.903 -0.000i) 

     16 (-0.000 -0.089i)  (-0.053 +0.178i) 
        ( 0.053 +0.178i)  ( 0.000 +0.089i) 

 17 (   1.860):

      1 ( 1.000 -0.000i)  (-0.000 +0.000i) 
        (-0.000 -0.000i)  ( 1.000 -0.000i) 

      2 (-0.254 -0.000i)  ( 0.698 -0.116i) 
        ( 0.698 +0.116i)  (-0.019 -0.000i) 

      3 (-0.254 -0.000i)  ( 0.698 -0.116i) 
        ( 0.698 +0.116i)  (-0.019 -0.000i) 

      4 ( 1.000 +0.000i)  ( 0.000 +0.000i) 
        ( 0.000 -0.000i)  ( 1.000 -0.000i) 

      5 (-0.000 -0.739i)  ( 0.022 +0.133i) 
        (-0.022 +0.133i)  ( 0.000 -0.695i) 

      6 (-0.000 +0.164i)  (-0.162 -0.973i) 
        ( 0.162 -0.973i)  (-0.000 -0.164i) 

      7 (-0.000 -0.739i)  ( 0.022 +0.133i) 
        (-0.022 +0.133i)  (-0.000 -0.695i) 

      8 ( 0.000 +0.164i)  (-0.162 -0.973i) 
        ( 0.162 -0.973i)  ( 0.000 -0.164i) 

      9 (-0.000 -0.739i)  ( 0.022 +0.133i) 
        (-0.022 +0.133i)  (-0.000 -0.695i) 

     10 (-0.000 +0.164i)  (-0.162 -0.973i) 
        ( 0.162 -0.973i)  ( 0.000 -0.164i) 

     11 ( 0.000 +0.164i)  (-0.162 -0.973i) 
        ( 0.162 -0.973i)  (-0.000 -0.164i) 

     12 ( 0.000 -0.739i)  ( 0.022 +0.133i) 
        (-0.022 +0.133i)  (-0.000 -0.695i) 

     13 ( 1.000 +0.000i)  ( 0.000 +0.000i) 
        (-0.000 -0.000i)  ( 1.000 -0.000i) 

     14 (-0.254 -0.000i)  ( 0.698 -0.116i) 
        ( 0.698 +0.116i)  (-0.019 +0.000i) 

     15 ( 1.000 -0.000i)  (-0.000 +0.000i) 
        (-0.000 -0.000i)  ( 1.000 -0.000i) 

     16 (-0.254 -0.000i)  ( 0.698 -0.116i) 
        ( 0.698 +0.116i)  (-0.019 +0.000i) 

 19 (   1.876):

      1 ( 1.000 -0.000i)  (-0.000 +0.000i) 
        (-0.000 -0.000i)  ( 1.000 -0.000i) 

      2 (-0.788 -0.000i)  (-0.120 -0.017i) 
        (-0.120 +0.017i)  (-0.704 +0.000i) 

      3 (-0.788 -0.000i)  (-0.120 -0.017i) 
        (-0.120 +0.017i)  (-0.704 +0.000i) 

      4 ( 1.000 -0.000i)  (-0.000 +0.000i) 
        (-0.000 -0.000i)  ( 1.000 -0.000i) 

      5 (-0.000 +0.375i)  (-0.098 +0.697i) 
        ( 0.098 +0.697i)  ( 0.000 -0.118i) 

      6 (-0.000 -0.330i)  ( 0.132 -0.935i) 
        (-0.132 -0.935i)  ( 0.000 +0.330i) 

      7 (-0.000 +0.375i)  (-0.098 +0.697i) 
        ( 0.098 +0.697i)  ( 0.000 -0.118i) 

      8 ( 0.000 -0.330i)  ( 0.132 -0.935i) 
        (-0.132 -0.935i)  (-0.000 +0.330i) 

      9 ( 0.000 -0.375i)  ( 0.098 -0.697i) 
        (-0.098 -0.697i)  ( 0.000 +0.118i) 

     10 (-0.000 +0.330i)  (-0.132 +0.935i) 
        ( 0.132 +0.935i)  (-0.000 -0.330i) 

     11 ( 0.000 +0.330i)  (-0.132 +0.935i) 
        ( 0.132 +0.935i)  (-0.000 -0.330i) 

     12 (-0.000 -0.375i)  ( 0.098 -0.697i) 
        (-0.098 -0.697i)  ( 0.000 +0.118i) 

     13 (-1.000 -0.000i)  ( 0.000 -0.000i) 
        ( 0.000 +0.000i)  (-1.000 +0.000i) 

     14 ( 0.788 +0.000i)  ( 0.120 +0.017i) 
        ( 0.120 -0.017i)  ( 0.704 +0.000i) 

     15 (-1.000 +0.000i)  (-0.000 -0.000i) 
        (-0.000 +0.000i)  (-1.000 -0.000i) 

     16 ( 0.788 -0.000i)  ( 0.120 +0.017i) 
        ( 0.120 -0.017i)  ( 0.704 -0.000i) 

 21 (   2.041):

      1 ( 1.000 -0.000i)  ( 0.000 +0.000i) 
        ( 0.000 -0.000i)  ( 1.000 -0.000i) 

      2 (-0.000 +0.000i)  (-0.459 +0.554i) 
        (-0.459 -0.554i)  ( 0.000 +0.000i) 

      3 ( 0.000 -0.000i)  ( 0.459 -0.554i) 
        ( 0.459 +0.554i)  (-0.000 -0.000i) 

      4 (-1.000 +0.000i)  (-0.000 -0.000i) 
        (-0.000 +0.000i)  (-1.000 +0.000i) 

      5 (-0.000 +0.701i)  (-0.102 +0.123i) 
        ( 0.102 +0.123i)  ( 0.000 -0.701i) 

      6 ( 0.223 -0.000i)  (-0.751 -0.622i) 
        (-0.751 +0.622i)  (-0.223 +0.000i) 

      7 (-0.000 -0.701i)  ( 0.102 -0.123i) 
        (-0.102 -0.123i)  (-0.000 +0.701i) 

      8 (-0.223 +0.000i)  ( 0.751 +0.622i) 
        ( 0.751 -0.622i)  ( 0.223 -0.000i) 

      9 (-0.000 -0.719i)  ( 0.000 -0.000i) 
        (-0.000 -0.000i)  (-0.000 -0.719i) 

     10 (-0.000 +0.000i)  ( 0.770 +0.638i) 
        (-0.770 +0.638i)  ( 0.000 -0.000i) 

     11 (-0.000 -0.000i)  (-0.770 -0.638i) 
        ( 0.770 -0.638i)  ( 0.000 +0.000i) 

     12 (-0.000 +0.719i)  (-0.000 +0.000i) 
        ( 0.000 +0.000i)  ( 0.000 +0.719i) 

     13 (-0.975 -0.000i)  (-0.171 -0.142i) 
        (-0.171 +0.142i)  ( 0.975 -0.000i) 

     14 ( 0.000 +0.160i)  ( 0.447 -0.540i) 
        (-0.447 -0.540i)  ( 0.000 -0.160i) 

     15 ( 0.975 -0.000i)  ( 0.171 +0.142i) 
        ( 0.171 -0.142i)  (-0.975 -0.000i) 

     16 (-0.000 -0.160i)  (-0.447 +0.540i) 
        ( 0.447 +0.540i)  (-0.000 +0.160i) 

 23 (   2.452):

      1 ( 1.000 -0.000i)  (-0.000 +0.000i) 
        (-0.000 -0.000i)  ( 1.000 -0.000i) 

      2 (-0.469 -0.000i)  (-0.002 +0.784i) 
        (-0.002 -0.784i)  ( 0.314 -0.000i) 

      3 (-0.469 -0.000i)  (-0.002 +0.784i) 
        (-0.002 -0.784i)  ( 0.314 +0.000i) 

      4 ( 1.000 -0.000i)  (-0.000 +0.000i) 
        (-0.000 -0.000i)  ( 1.000 +0.000i) 

      5 (-0.000 -0.911i)  (-0.069 -0.000i) 
        ( 0.069 -0.000i)  ( 0.000 -0.842i) 

      6 ( 0.000 +0.447i)  ( 0.895 +0.002i) 
        (-0.895 +0.002i)  (-0.000 -0.447i) 

      7 (-0.000 -0.911i)  (-0.069 -0.000i) 
        ( 0.069 -0.000i)  (-0.000 -0.842i) 

      8 ( 0.000 +0.447i)  ( 0.895 +0.002i) 
        (-0.895 +0.002i)  (-0.000 -0.447i) 

      9 (-0.000 -0.911i)  (-0.069 -0.000i) 
        ( 0.069 -0.000i)  (-0.000 -0.842i) 

     10 ( 0.000 +0.447i)  ( 0.895 +0.002i) 
        (-0.895 +0.002i)  (-0.000 -0.447i) 

     11 ( 0.000 +0.447i)  ( 0.895 +0.002i) 
        (-0.895 +0.002i)  (-0.000 -0.447i) 

     12 (-0.000 -0.911i)  (-0.069 -0.000i) 
        ( 0.069 -0.000i)  (-0.000 -0.842i) 

     13 ( 1.000 -0.000i)  (-0.000 +0.000i) 
        (-0.000 -0.000i)  ( 1.000 +0.000i) 

     14 (-0.469 +0.000i)  (-0.002 +0.784i) 
        (-0.002 -0.784i)  ( 0.314 -0.000i) 

     15 ( 1.000 -0.000i)  (-0.000 +0.000i) 
        (-0.000 -0.000i)  ( 1.000 -0.000i) 

     16 (-0.469 +0.000i)  (-0.002 +0.784i) 
        (-0.002 -0.784i)  ( 0.314 +0.000i) 

 25 (   2.840):

      1 ( 1.000 -0.000i)  (-0.000 +0.000i) 
        ( 0.000 -0.000i)  ( 1.000 -0.000i) 

      2 (-0.000 +0.000i)  (-0.079 -0.128i) 
        (-0.079 +0.128i)  ( 0.000 -0.000i) 

      3 ( 0.000 -0.000i)  ( 0.079 +0.128i) 
        ( 0.079 -0.128i)  (-0.000 -0.000i) 

      4 (-1.000 -0.000i)  (-0.000 -0.000i) 
        (-0.000 +0.000i)  (-1.000 -0.000i) 

      5 ( 0.000 +0.068i)  (-0.070 -0.114i) 
        ( 0.070 -0.114i)  (-0.000 -0.068i) 

      6 ( 0.891 -0.000i)  ( 0.386 -0.238i) 
        ( 0.386 +0.238i)  (-0.891 +0.000i) 

      7 ( 0.000 -0.068i)  ( 0.070 +0.114i) 
        (-0.070 +0.114i)  (-0.000 +0.068i) 

      8 (-0.891 +0.000i)  (-0.386 +0.238i) 
        (-0.386 -0.238i)  ( 0.891 -0.000i) 

      9 (-0.000 -0.150i)  ( 0.000 -0.000i) 
        (-0.000 -0.000i)  (-0.000 -0.150i) 

     10 ( 0.000 +0.000i)  (-0.852 +0.524i) 
        ( 0.852 +0.524i)  ( 0.000 -0.000i) 

     11 (-0.000 -0.000i)  ( 0.852 -0.524i) 
        (-0.852 -0.524i)  (-0.000 +0.000i) 

     12 ( 0.000 +0.150i)  (-0.000 +0.000i) 
        ( 0.000 +0.000i)  ( 0.000 +0.150i) 

     13 (-0.454 +0.000i)  ( 0.759 -0.467i) 
        ( 0.759 +0.467i)  ( 0.454 +0.000i) 

     14 (-0.000 +0.134i)  ( 0.036 +0.058i) 
        (-0.036 +0.058i)  ( 0.000 -0.134i) 

     15 ( 0.454 +0.000i)  (-0.759 +0.467i) 
        (-0.759 -0.467i)  (-0.454 -0.000i) 

     16 (-0.000 -0.134i)  (-0.036 -0.058i) 
        ( 0.036 -0.058i)  ( 0.000 +0.134i) 

 27 (   2.852):

      1 ( 1.000 -0.000i)  ( 0.000 +0.000i) 
        ( 0.000 -0.000i)  ( 1.000 -0.000i) 

      2 (-0.409 -0.000i)  (-0.056 +0.087i) 
        (-0.056 -0.087i)  (-0.738 -0.000i) 

      3 (-0.409 -0.000i)  (-0.056 +0.087i) 
        (-0.056 -0.087i)  (-0.738 -0.000i) 

      4 ( 1.000 -0.000i)  ( 0.000 +0.000i) 
        ( 0.000 -0.000i)  ( 1.000 -0.000i) 

      5 ( 0.000 +0.292i)  (-0.256 -0.166i) 
        ( 0.256 -0.166i)  (-0.000 -0.680i) 

      6 (-0.000 -0.847i)  ( 0.447 +0.289i) 
        (-0.447 +0.289i)  ( 0.000 +0.847i) 

      7 ( 0.000 +0.292i)  (-0.256 -0.166i) 
        ( 0.256 -0.166i)  (-0.000 -0.680i) 

      8 (-0.000 -0.847i)  ( 0.447 +0.289i) 
        (-0.447 +0.289i)  ( 0.000 +0.847i) 

      9 ( 0.000 -0.292i)  ( 0.256 +0.166i) 
        (-0.256 +0.166i)  (-0.000 +0.680i) 

     10 ( 0.000 +0.847i)  (-0.447 -0.289i) 
        ( 0.447 -0.289i)  (-0.000 -0.847i) 

     11 ( 0.000 +0.847i)  (-0.447 -0.289i) 
        ( 0.447 -0.289i)  (-0.000 -0.847i) 

     12 ( 0.000 -0.292i)  ( 0.256 +0.166i) 
        (-0.256 +0.166i)  ( 0.000 +0.680i) 

     13 (-1.000 -0.000i)  (-0.000 -0.000i) 
        (-0.000 +0.000i)  (-1.000 +0.000i) 

     14 ( 0.409 +0.000i)  ( 0.056 -0.087i) 
        ( 0.056 +0.087i)  ( 0.738 +0.000i) 

     15 (-1.000 -0.000i)  (-0.000 -0.000i) 
        (-0.000 +0.000i)  (-1.000 -0.000i) 

     16 ( 0.409 +0.000i)  ( 0.056 -0.087i) 
        ( 0.056 +0.087i)  ( 0.738 -0.000i) 

 29 (   2.903):

      1 ( 1.000 -0.000i)  (-0.000 -0.000i) 
        (-0.000 +0.000i)  ( 1.000 -0.000i) 

      2 ( 0.000 +0.000i)  (-0.005 -0.002i) 
        (-0.005 +0.002i)  ( 0.000 -0.000i) 

      3 (-0.000 -0.000i)  ( 0.005 +0.002i) 
        ( 0.005 -0.002i)  (-0.000 -0.000i) 

      4 (-1.000 -0.000i)  ( 0.000 +0.000i) 
        ( 0.000 -0.000i)  (-1.000 -0.000i) 

      5 ( 0.000 +0.002i)  (-0.005 -0.002i) 
        ( 0.005 -0.002i)  (-0.000 -0.002i) 

      6 ( 0.922 -0.000i)  ( 0.119 -0.368i) 
        ( 0.119 +0.368i)  (-0.922 +0.000i) 

      7 (-0.000 -0.002i)  ( 0.005 +0.002i) 
        (-0.005 +0.002i)  ( 0.000 +0.002i) 

      8 (-0.922 +0.000i)  (-0.119 +0.368i) 
        (-0.119 -0.368i)  ( 0.922 -0.000i) 

      9 ( 0.000 +0.005i)  ( 0.000 -0.000i) 
        (-0.000 -0.000i)  (-0.000 +0.005i) 

     10 ( 0.000 -0.000i)  ( 0.308 -0.951i) 
        (-0.308 -0.951i)  ( 0.000 +0.000i) 

     11 ( 0.000 +0.000i)  (-0.308 +0.951i) 
        ( 0.308 +0.951i)  ( 0.000 -0.000i) 

     12 ( 0.000 -0.005i)  (-0.000 +0.000i) 
        ( 0.000 +0.000i)  (-0.000 -0.005i) 

     13 ( 0.386 +0.000i)  (-0.284 +0.878i) 
        (-0.284 -0.878i)  (-0.386 +0.000i) 

     14 ( 0.000 -0.005i)  (-0.002 -0.001i) 
        ( 0.002 -0.001i)  (-0.000 +0.005i) 

     15 (-0.386 -0.000i)  ( 0.284 -0.878i) 
        ( 0.284 +0.878i)  ( 0.386 -0.000i) 

     16 (-0.000 +0.005i)  ( 0.002 +0.001i) 
        (-0.002 +0.001i)  ( 0.000 -0.005i) 

 31 (   3.005):

      1 ( 1.000 -0.000i)  ( 0.000 +0.000i) 
        ( 0.000 -0.000i)  ( 1.000 -0.000i) 

      2 ( 0.762 -0.000i)  ( 0.132 -0.041i) 
        ( 0.132 +0.041i)  ( 0.478 -0.000i) 

      3 ( 0.762 -0.000i)  ( 0.132 -0.041i) 
        ( 0.132 +0.041i)  ( 0.478 -0.000i) 

      4 ( 1.000 -0.000i)  ( 0.000 +0.000i) 
        ( 0.000 -0.000i)  ( 1.000 +0.000i) 

      5 (-0.000 +0.642i)  ( 0.129 +0.413i) 
        (-0.129 +0.413i)  (-0.000 -0.246i) 

      6 ( 0.000 +0.716i)  ( 0.208 +0.666i) 
        (-0.208 +0.666i)  (-0.000 -0.716i) 

      7 ( 0.000 +0.642i)  ( 0.129 +0.413i) 
        (-0.129 +0.413i)  (-0.000 -0.246i) 

      8 ( 0.000 +0.716i)  ( 0.208 +0.666i) 
        (-0.208 +0.666i)  (-0.000 -0.716i) 

      9 (-0.000 -0.642i)  (-0.129 -0.413i) 
        ( 0.129 -0.413i)  (-0.000 +0.246i) 

     10 (-0.000 -0.716i)  (-0.208 -0.666i) 
        ( 0.208 -0.666i)  ( 0.000 +0.716i) 

     11 (-0.000 -0.716i)  (-0.208 -0.666i) 
        ( 0.208 -0.666i)  ( 0.000 +0.716i) 

     12 (-0.000 -0.642i)  (-0.129 -0.413i) 
        ( 0.129 -0.413i)  ( 0.000 +0.246i) 

     13 (-1.000 -0.000i)  (-0.000 -0.000i) 
        (-0.000 -0.000i)  (-1.000 -0.000i) 

     14 (-0.762 +0.000i)  (-0.132 +0.041i) 
        (-0.132 -0.041i)  (-0.478 -0.000i) 

     15 (-1.000 -0.000i)  (-0.000 -0.000i) 
        (-0.000 +0.000i)  (-1.000 -0.000i) 

     16 (-0.762 -0.000i)  (-0.132 +0.041i) 
        (-0.132 -0.041i)  (-0.478 -0.000i) 

 33 (   3.031):

      1 ( 1.000 -0.000i)  (-0.000 +0.000i) 
        (-0.000 -0.000i)  ( 1.000 -0.000i) 

      2 ( 0.256 -0.000i)  (-0.015 -0.018i) 
        (-0.015 +0.018i)  ( 0.246 -0.000i) 

      3 ( 0.256 -0.000i)  (-0.015 -0.018i) 
        (-0.015 +0.018i)  ( 0.246 -0.000i) 

      4 ( 1.000 -0.000i)  (-0.000 +0.000i) 
        (-0.000 -0.000i)  ( 1.000 -0.000i) 

      5 (-0.000 +0.080i)  ( 0.188 -0.156i) 
        (-0.188 -0.156i)  (-0.000 -0.033i) 

      6 ( 0.000 +0.226i)  ( 0.750 -0.621i) 
        (-0.750 -0.621i)  (-0.000 -0.226i) 

      7 (-0.000 +0.080i)  ( 0.188 -0.156i) 
        (-0.188 -0.156i)  ( 0.000 -0.033i) 

      8 ( 0.000 +0.226i)  ( 0.750 -0.621i) 
        (-0.750 -0.621i)  (-0.000 -0.226i) 

      9 ( 0.000 +0.080i)  ( 0.188 -0.156i) 
        (-0.188 -0.156i)  (-0.000 -0.033i) 

     10 ( 0.000 +0.226i)  ( 0.750 -0.621i) 
        (-0.750 -0.621i)  (-0.000 -0.226i) 

     11 (-0.000 +0.226i)  ( 0.750 -0.621i) 
        (-0.750 -0.621i)  (-0.000 -0.226i) 

     12 (-0.000 +0.080i)  ( 0.188 -0.156i) 
        (-0.188 -0.156i)  (-0.000 -0.033i) 

     13 ( 1.000 +0.000i)  (-0.000 +0.000i) 
        (-0.000 -0.000i)  ( 1.000 -0.000i) 

     14 ( 0.256 -0.000i)  (-0.015 -0.018i) 
        (-0.015 +0.018i)  ( 0.246 -0.000i) 

     15 ( 1.000 -0.000i)  (-0.000 +0.000i) 
        (-0.000 -0.000i)  ( 1.000 +0.000i) 

     16 ( 0.256 -0.000i)  (-0.015 -0.018i) 
        (-0.015 +0.018i)  ( 0.246 +0.000i) 

 35 (   3.846):

      1 ( 1.000 -0.000i)  (-0.000 -0.000i) 
        (-0.000 +0.000i)  ( 1.000 -0.000i) 

      2 (-0.000 +0.000i)  (-0.063 -0.082i) 
        (-0.063 +0.082i)  ( 0.000 -0.000i) 

      3 ( 0.000 -0.000i)  ( 0.063 +0.082i) 
        ( 0.063 -0.082i)  (-0.000 -0.000i) 

      4 (-1.000 +0.000i)  ( 0.000 +0.000i) 
        ( 0.000 -0.000i)  (-1.000 -0.000i) 

      5 ( 0.000 +0.102i)  ( 0.010 +0.013i) 
        (-0.010 +0.013i)  ( 0.000 -0.102i) 

      6 (-0.153 +0.000i)  ( 0.785 -0.600i) 
        ( 0.785 +0.600i)  ( 0.153 -0.000i) 

      7 (-0.000 -0.102i)  (-0.010 -0.013i) 
        ( 0.010 -0.013i)  ( 0.000 +0.102i) 

      8 ( 0.153 -0.000i)  (-0.785 +0.600i) 
        (-0.785 -0.600i)  (-0.153 +0.000i) 

      9 ( 0.000 +0.104i)  ( 0.000 +0.000i) 
        (-0.000 +0.000i)  (-0.000 +0.104i) 

     10 ( 0.000 -0.000i)  ( 0.795 -0.607i) 
        (-0.795 -0.607i)  (-0.000 +0.000i) 

     11 ( 0.000 +0.000i)  (-0.795 +0.607i) 
        ( 0.795 +0.607i)  ( 0.000 -0.000i) 

     12 (-0.000 -0.104i)  (-0.000 -0.000i) 
        ( 0.000 -0.000i)  (-0.000 -0.104i) 

     13 ( 0.988 +0.000i)  ( 0.121 -0.093i) 
        ( 0.121 +0.093i)  (-0.988 -0.000i) 

     14 ( 0.000 +0.016i)  (-0.062 -0.081i) 
        ( 0.062 -0.081i)  ( 0.000 -0.016i) 

     15 (-0.988 +0.000i)  (-0.121 +0.093i) 
        (-0.121 -0.093i)  ( 0.988 +0.000i) 

     16 ( 0.000 -0.016i)  ( 0.062 +0.081i) 
        (-0.062 +0.081i)  (-0.000 +0.016i) 

 37 (   4.036):

      1 ( 1.000 -0.000i)  (-0.000 -0.000i) 
        ( 0.000 +0.000i)  ( 1.000 -0.000i) 

      2 ( 0.000 +0.000i)  ( 0.007 -0.356i) 
        ( 0.007 +0.356i)  (-0.000 -0.000i) 

      3 (-0.000 +0.000i)  (-0.007 +0.356i) 
        (-0.007 -0.356i)  ( 0.000 -0.000i) 

      4 (-1.000 +0.000i)  (-0.000 +0.000i) 
        (-0.000 -0.000i)  (-1.000 -0.000i) 

      5 (-0.000 +0.328i)  (-0.003 +0.138i) 
        ( 0.003 +0.138i)  (-0.000 -0.328i) 

      6 (-0.389 +0.000i)  ( 0.921 +0.018i) 
        ( 0.921 -0.018i)  ( 0.389 -0.000i) 

      7 (-0.000 -0.328i)  ( 0.003 -0.138i) 
        (-0.003 -0.138i)  (-0.000 +0.328i) 

      8 ( 0.389 -0.000i)  (-0.921 -0.018i) 
        (-0.921 +0.018i)  (-0.389 +0.000i) 

      9 (-0.000 -0.356i)  ( 0.000 -0.000i) 
        (-0.000 -0.000i)  (-0.000 -0.356i) 

     10 (-0.000 -0.000i)  (-1.000 -0.019i) 
        ( 1.000 -0.019i)  ( 0.000 +0.000i) 

     11 ( 0.000 +0.000i)  ( 1.000 +0.019i) 
        (-1.000 +0.019i)  (-0.000 -0.000i) 

     12 ( 0.000 +0.356i)  (-0.000 +0.000i) 
        ( 0.000 +0.000i)  ( 0.000 +0.356i) 

     13 (-0.921 +0.000i)  (-0.389 -0.007i) 
        (-0.389 +0.007i)  ( 0.921 -0.000i) 

     14 ( 0.000 -0.138i)  (-0.006 +0.328i) 
        ( 0.006 +0.328i)  (-0.000 +0.138i) 

     15 ( 0.921 +0.000i)  ( 0.389 +0.007i) 
        ( 0.389 -0.007i)  (-0.921 +0.000i) 

     16 (-0.000 +0.138i)  ( 0.006 -0.328i) 
        (-0.006 -0.328i)  ( 0.000 -0.138i) 

 39 (   4.073):

      1 ( 1.000 -0.000i)  (-0.000 -0.000i) 
        (-0.000 +0.000i)  ( 1.000 -0.000i) 

      2 (-0.531 +0.000i)  (-0.005 +0.080i) 
        (-0.005 -0.080i)  (-0.419 -0.000i) 

      3 (-0.531 -0.000i)  (-0.005 +0.080i) 
        (-0.005 -0.080i)  (-0.419 -0.000i) 

      4 ( 1.000 -0.000i)  ( 0.000 -0.000i) 
        ( 0.000 +0.000i)  ( 1.000 +0.000i) 

      5 (-0.000 -0.370i)  (-0.389 -0.024i) 
        ( 0.389 -0.024i)  (-0.000 +0.174i) 

      6 ( 0.000 +0.572i)  ( 0.819 +0.050i) 
        (-0.819 +0.050i)  ( 0.000 -0.572i) 

      7 (-0.000 -0.370i)  (-0.389 -0.024i) 
        ( 0.389 -0.024i)  (-0.000 +0.174i) 

      8 (-0.000 +0.572i)  ( 0.819 +0.050i) 
        (-0.819 +0.050i)  (-0.000 -0.572i) 

      9 (-0.000 -0.370i)  (-0.389 -0.024i) 
        ( 0.389 -0.024i)  (-0.000 +0.174i) 

     10 ( 0.000 +0.572i)  ( 0.819 +0.050i) 
        (-0.819 +0.050i)  (-0.000 -0.572i) 

     11 ( 0.000 +0.572i)  ( 0.819 +0.050i) 
        (-0.819 +0.050i)  ( 0.000 -0.572i) 

     12 (-0.000 -0.370i)  (-0.389 -0.024i) 
        ( 0.389 -0.024i)  (-0.000 +0.174i) 

     13 ( 1.000 -0.000i)  (-0.000 -0.000i) 
        (-0.000 +0.000i)  ( 1.000 -0.000i) 

     14 (-0.531 -0.000i)  (-0.005 +0.080i) 
        (-0.005 -0.080i)  (-0.419 -0.000i) 

     15 ( 1.000 -0.000i)  ( 0.000 -0.000i) 
        ( 0.000 +0.000i)  ( 1.000 -0.000i) 

     16 (-0.531 +0.000i)  (-0.005 +0.080i) 
        (-0.005 -0.080i)  (-0.419 +0.000i) 

 41 (   4.658):

      1 ( 1.000 -0.000i)  (-0.000 +0.000i) 
        (-0.000 -0.000i)  ( 1.000 -0.000i) 

      2 (-0.152 +0.000i)  (-0.152 +0.245i) 
        (-0.152 -0.245i)  (-0.667 -0.000i) 

      3 (-0.152 -0.000i)  (-0.152 +0.245i) 
        (-0.152 -0.245i)  (-0.667 +0.000i) 

      4 ( 1.000 -0.000i)  ( 0.000 +0.000i) 
        (-0.000 -0.000i)  ( 1.000 -0.000i) 

      5 (-0.000 +0.113i)  ( 0.259 +0.161i) 
        (-0.259 +0.161i)  (-0.000 +0.659i) 

      6 ( 0.000 +0.666i)  (-0.633 -0.394i) 
        ( 0.633 -0.394i)  ( 0.000 -0.666i) 

      7 (-0.000 +0.113i)  ( 0.259 +0.161i) 
        (-0.259 +0.161i)  ( 0.000 +0.659i) 

      8 ( 0.000 +0.666i)  (-0.633 -0.394i) 
        ( 0.633 -0.394i)  (-0.000 -0.666i) 

      9 ( 0.000 -0.113i)  (-0.259 -0.161i) 
        ( 0.259 -0.161i)  ( 0.000 -0.659i) 

     10 (-0.000 -0.666i)  ( 0.633 +0.394i) 
        (-0.633 +0.394i)  ( 0.000 +0.666i) 

     11 (-0.000 -0.666i)  ( 0.633 +0.394i) 
        (-0.633 +0.394i)  (-0.000 +0.666i) 

     12 (-0.000 -0.113i)  (-0.259 -0.161i) 
        ( 0.259 -0.161i)  (-0.000 -0.659i) 

     13 (-1.000 -0.000i)  ( 0.000 +0.000i) 
        ( 0.000 -0.000i)  (-1.000 +0.000i) 

     14 ( 0.152 -0.000i)  ( 0.152 -0.245i) 
        ( 0.152 +0.245i)  ( 0.667 -0.000i) 

     15 (-1.000 +0.000i)  (-0.000 -0.000i) 
        (-0.000 +0.000i)  (-1.000 -0.000i) 

     16 ( 0.152 -0.000i)  ( 0.152 -0.245i) 
        ( 0.152 +0.245i)  ( 0.667 +0.000i) 

 43 (   4.709):

      1 ( 1.000 -0.000i)  ( 0.000 +0.000i) 
        ( 0.000 -0.000i)  ( 1.000 -0.000i) 

      2 ( 0.000 +0.000i)  (-0.025 +0.240i) 
        (-0.025 -0.240i)  (-0.000 -0.000i) 

      3 (-0.000 -0.000i)  ( 0.025 -0.240i) 
        ( 0.025 +0.240i)  ( 0.000 -0.000i) 

      4 (-1.000 +0.000i)  (-0.000 -0.000i) 
        (-0.000 +0.000i)  (-1.000 -0.000i) 

      5 (-0.000 +0.146i)  ( 0.020 -0.191i) 
        (-0.020 -0.191i)  (-0.000 -0.146i) 

      6 (-0.796 +0.000i)  (-0.602 -0.063i) 
        (-0.602 +0.063i)  ( 0.796 -0.000i) 

      7 (-0.000 -0.146i)  (-0.020 +0.191i) 
        ( 0.020 +0.191i)  (-0.000 +0.146i) 

      8 ( 0.796 -0.000i)  ( 0.602 +0.063i) 
        ( 0.602 -0.063i)  (-0.796 +0.000i) 

      9 (-0.000 +0.241i)  (-0.000 +0.000i) 
        ( 0.000 +0.000i)  ( 0.000 +0.241i) 

     10 (-0.000 +0.000i)  (-0.995 -0.104i) 
        ( 0.995 -0.104i)  (-0.000 -0.000i) 

     11 ( 0.000 -0.000i)  ( 0.995 +0.104i) 
        (-0.995 +0.104i)  (-0.000 +0.000i) 

     12 ( 0.000 -0.241i)  ( 0.000 -0.000i) 
        (-0.000 -0.000i)  (-0.000 -0.241i) 

     13 ( 0.606 -0.000i)  (-0.791 -0.083i) 
        (-0.791 +0.083i)  (-0.606 -0.000i) 

     14 (-0.000 +0.192i)  (-0.015 +0.145i) 
        ( 0.015 +0.145i)  (-0.000 -0.192i) 

     15 (-0.606 +0.000i)  ( 0.791 +0.083i) 
        ( 0.791 -0.083i)  ( 0.606 -0.000i) 

     16 ( 0.000 -0.192i)  ( 0.015 -0.145i) 
        (-0.015 -0.145i)  ( 0.000 +0.192i) 

 45 (   4.747):

      1 ( 1.000 -0.000i)  (-0.000 -0.000i) 
        (-0.000 +0.000i)  ( 1.000 -0.000i) 

      2 ( 0.000 -0.000i)  ( 0.298 -0.285i) 
        ( 0.298 +0.285i)  (-0.000 -0.000i) 

      3 (-0.000 +0.000i)  (-0.298 +0.285i) 
        (-0.298 -0.285i)  ( 0.000 -0.000i) 

      4 (-1.000 -0.000i)  ( 0.000 +0.000i) 
        ( 0.000 -0.000i)  (-1.000 -0.000i) 

      5 ( 0.000 +0.321i)  (-0.188 +0.179i) 
        ( 0.188 +0.179i)  (-0.000 -0.321i) 

      6 (-0.629 +0.000i)  ( 0.537 +0.562i) 
        ( 0.537 -0.562i)  ( 0.629 -0.000i) 

      7 (-0.000 -0.321i)  ( 0.188 -0.179i) 
        (-0.188 -0.179i)  ( 0.000 +0.321i) 

      8 ( 0.629 -0.000i)  (-0.537 -0.562i) 
        (-0.537 +0.562i)  (-0.629 +0.000i) 

      9 (-0.000 -0.413i)  ( 0.000 -0.000i) 
        (-0.000 -0.000i)  (-0.000 -0.413i) 

     10 (-0.000 -0.000i)  (-0.691 -0.723i) 
        ( 0.691 -0.723i)  (-0.000 +0.000i) 

     11 (-0.000 +0.000i)  ( 0.691 +0.723i) 
        (-0.691 +0.723i)  (-0.000 -0.000i) 

     12 ( 0.000 +0.413i)  (-0.000 +0.000i) 
        ( 0.000 +0.000i)  (-0.000 +0.413i) 

     13 (-0.778 -0.000i)  (-0.434 -0.454i) 
        (-0.434 +0.454i)  ( 0.778 -0.000i) 

     14 (-0.000 -0.259i)  (-0.232 +0.222i) 
        ( 0.232 +0.222i)  (-0.000 +0.259i) 

     15 ( 0.778 -0.000i)  ( 0.434 +0.454i) 
        ( 0.434 -0.454i)  (-0.778 -0.000i) 

     16 ( 0.000 +0.259i)  ( 0.232 -0.222i) 
        (-0.232 -0.222i)  (-0.000 -0.259i) 

 47 (   4.997):

      1 ( 1.000 -0.000i)  ( 0.000 -0.000i) 
        ( 0.000 +0.000i)  ( 1.000 -0.000i) 

      2 ( 0.494 -0.000i)  ( 0.175 -0.201i) 
        ( 0.175 +0.201i)  (-0.017 -0.000i) 

      3 ( 0.494 -0.000i)  ( 0.175 -0.201i) 
        ( 0.175 +0.201i)  (-0.017 -0.000i) 

      4 ( 1.000 -0.000i)  ( 0.000 -0.000i) 
        ( 0.000 +0.000i)  ( 1.000 +0.000i) 

      5 (-0.000 +0.534i)  ( 0.130 +0.113i) 
        (-0.130 +0.113i)  ( 0.000 +0.204i) 

      6 (-0.000 +0.691i)  ( 0.546 +0.474i) 
        (-0.546 +0.474i)  (-0.000 -0.691i) 

      7 ( 0.000 +0.534i)  ( 0.130 +0.113i) 
        (-0.130 +0.113i)  (-0.000 +0.204i) 

      8 ( 0.000 +0.691i)  ( 0.546 +0.474i) 
        (-0.546 +0.474i)  (-0.000 -0.691i) 

      9 (-0.000 +0.534i)  ( 0.130 +0.113i) 
        (-0.130 +0.113i)  (-0.000 +0.204i) 

     10 ( 0.000 +0.691i)  ( 0.546 +0.474i) 
        (-0.546 +0.474i)  (-0.000 -0.691i) 

     11 ( 0.000 +0.691i)  ( 0.546 +0.474i) 
        (-0.546 +0.474i)  (-0.000 -0.691i) 

     12 (-0.000 +0.534i)  ( 0.130 +0.113i) 
        (-0.130 +0.113i)  ( 0.000 +0.204i) 

     13 ( 1.000 +0.000i)  ( 0.000 -0.000i) 
        ( 0.000 +0.000i)  ( 1.000 +0.000i) 

     14 ( 0.494 +0.000i)  ( 0.175 -0.201i) 
        ( 0.175 +0.201i)  (-0.017 -0.000i) 

     15 ( 1.000 -0.000i)  ( 0.000 -0.000i) 
        ( 0.000 +0.000i)  ( 1.000 -0.000i) 

     16 ( 0.494 -0.000i)  ( 0.175 -0.201i) 
        ( 0.175 +0.201i)  (-0.017 -0.000i) 

 49 (   5.059):

      1 ( 1.000 -0.000i)  ( 0.000 -0.000i) 
        ( 0.000 +0.000i)  ( 1.000 -0.000i) 

      2 ( 0.213 -0.000i)  (-0.002 +0.397i) 
        (-0.002 -0.397i)  ( 0.399 +0.000i) 

      3 ( 0.213 -0.000i)  (-0.002 +0.397i) 
        (-0.002 -0.397i)  ( 0.399 +0.000i) 

      4 ( 1.000 -0.000i)  ( 0.000 -0.000i) 
        ( 0.000 +0.000i)  ( 1.000 +0.000i) 

      5 (-0.000 -0.337i)  ( 0.298 +0.001i) 
        (-0.298 +0.001i)  (-0.000 -0.477i) 

      6 ( 0.000 +0.228i)  ( 0.974 +0.004i) 
        (-0.974 +0.004i)  (-0.000 -0.228i) 

      7 (-0.000 -0.337i)  ( 0.298 +0.001i) 
        (-0.298 +0.001i)  (-0.000 -0.477i) 

      8 (-0.000 +0.228i)  ( 0.974 +0.004i) 
        (-0.974 +0.004i)  (-0.000 -0.228i) 

      9 (-0.000 +0.337i)  (-0.298 -0.001i) 
        ( 0.298 -0.001i)  ( 0.000 +0.477i) 

     10 (-0.000 -0.228i)  (-0.974 -0.004i) 
        ( 0.974 -0.004i)  (-0.000 +0.228i) 

     11 (-0.000 -0.228i)  (-0.974 -0.004i) 
        ( 0.974 -0.004i)  ( 0.000 +0.228i) 

     12 ( 0.000 +0.337i)  (-0.298 -0.001i) 
        ( 0.298 -0.001i)  ( 0.000 +0.477i) 

     13 (-1.000 +0.000i)  ( 0.000 +0.000i) 
        ( 0.000 -0.000i)  (-1.000 +0.000i) 

     14 (-0.213 +0.000i)  ( 0.002 -0.397i) 
        ( 0.002 +0.397i)  (-0.399 +0.000i) 

     15 (-1.000 +0.000i)  (-0.000 +0.000i) 
        (-0.000 -0.000i)  (-1.000 -0.000i) 

     16 (-0.213 -0.000i)  ( 0.002 -0.397i) 
        ( 0.002 +0.397i)  (-0.399 -0.000i) 

 51 (   5.102):

      1 ( 1.000 -0.000i)  ( 0.000 +0.000i) 
        ( 0.000 -0.000i)  ( 1.000 -0.000i) 

      2 ( 0.000 -0.000i)  (-0.000 +0.017i) 
        (-0.000 -0.017i)  (-0.000 +0.000i) 

      3 (-0.000 -0.000i)  ( 0.000 -0.017i) 
        ( 0.000 +0.017i)  ( 0.000 -0.000i) 

      4 (-1.000 -0.000i)  (-0.000 -0.000i) 
        (-0.000 +0.000i)  (-1.000 +0.000i) 

      5 (-0.000 +0.015i)  ( 0.000 -0.008i) 
        (-0.000 -0.008i)  (-0.000 -0.015i) 

      6 (-0.470 +0.000i)  (-0.883 -0.000i) 
        (-0.883 +0.000i)  ( 0.470 -0.000i) 

      7 (-0.000 -0.015i)  (-0.000 +0.008i) 
        ( 0.000 +0.008i)  (-0.000 +0.015i) 

      8 ( 0.470 -0.000i)  ( 0.883 +0.000i) 
        ( 0.883 -0.000i)  (-0.470 +0.000i) 

      9 ( 0.000 -0.017i)  ( 0.000 +0.000i) 
        (-0.000 +0.000i)  (-0.000 -0.017i) 

     10 ( 0.000 -0.000i)  ( 1.000 +0.000i) 
        (-1.000 +0.000i)  (-0.000 +0.000i) 

     11 (-0.000 +0.000i)  (-1.000 -0.000i) 
        ( 1.000 -0.000i)  ( 0.000 -0.000i) 

     12 (-0.000 +0.017i)  (-0.000 -0.000i) 
        ( 0.000 -0.000i)  (-0.000 +0.017i) 

     13 (-0.883 -0.000i)  ( 0.470 +0.000i) 
        ( 0.470 -0.000i)  ( 0.883 +0.000i) 

     14 (-0.000 -0.008i)  ( 0.000 -0.015i) 
        (-0.000 -0.015i)  ( 0.000 +0.008i) 

     15 ( 0.883 -0.000i)  (-0.470 -0.000i) 
        (-0.470 +0.000i)  (-0.883 +0.000i) 

     16 (-0.000 +0.008i)  (-0.000 +0.015i) 
        ( 0.000 +0.015i)  (-0.000 -0.008i) 

 53 (   5.158):

      1 ( 1.000 -0.000i)  ( 0.000 +0.000i) 
        ( 0.000 -0.000i)  ( 1.000 -0.000i) 

      2 (-0.000 +0.000i)  ( 0.012 -0.120i) 
        ( 0.012 +0.120i)  (-0.000 +0.000i) 

      3 ( 0.000 +0.000i)  (-0.012 +0.120i) 
        (-0.012 -0.120i)  ( 0.000 -0.000i) 

      4 (-1.000 +0.000i)  (-0.000 -0.000i) 
        (-0.000 +0.000i)  (-1.000 -0.000i) 

      5 (-0.000 -0.068i)  ( 0.010 -0.099i) 
        (-0.010 -0.099i)  ( 0.000 +0.068i) 

      6 ( 0.823 -0.000i)  (-0.565 -0.057i) 
        (-0.565 +0.057i)  (-0.823 +0.000i) 

      7 ( 0.000 +0.068i)  (-0.010 +0.099i) 
        ( 0.010 +0.099i)  ( 0.000 -0.068i) 

      8 (-0.823 +0.000i)  ( 0.565 +0.057i) 
        ( 0.565 -0.057i)  ( 0.823 -0.000i) 

      9 ( 0.000 +0.120i)  (-0.000 +0.000i) 
        ( 0.000 +0.000i)  ( 0.000 +0.120i) 

     10 ( 0.000 -0.000i)  ( 0.995 +0.101i) 
        (-0.995 +0.101i)  ( 0.000 +0.000i) 

     11 (-0.000 +0.000i)  (-0.995 -0.101i) 
        ( 0.995 -0.101i)  ( 0.000 -0.000i) 

     12 (-0.000 -0.120i)  ( 0.000 -0.000i) 
        (-0.000 -0.000i)  ( 0.000 -0.120i) 

     13 (-0.568 +0.000i)  (-0.819 -0.083i) 
        (-0.819 +0.083i)  ( 0.568 -0.000i) 

     14 (-0.000 -0.099i)  (-0.007 +0.068i) 
        ( 0.007 +0.068i)  (-0.000 +0.099i) 

     15 ( 0.568 +0.000i)  ( 0.819 +0.083i) 
        ( 0.819 -0.083i)  (-0.568 -0.000i) 

     16 (-0.000 +0.099i)  ( 0.007 -0.068i) 
        (-0.007 -0.068i)  (-0.000 -0.099i) 

 55 (   5.247):

      1 ( 1.000 -0.000i)  ( 0.000 -0.000i) 
        ( 0.000 +0.000i)  ( 1.000 -0.000i) 

      2 (-0.000 -0.000i)  ( 0.285 -0.335i) 
        ( 0.285 +0.335i)  ( 0.000 +0.000i) 

      3 ( 0.000 +0.000i)  (-0.285 +0.335i) 
        (-0.285 -0.335i)  (-0.000 -0.000i) 

      4 (-1.000 -0.000i)  (-0.000 +0.000i) 
        (-0.000 -0.000i)  (-1.000 +0.000i) 

      5 ( 0.000 +0.427i)  ( 0.070 -0.082i) 
        (-0.070 -0.082i)  (-0.000 -0.427i) 

      6 ( 0.244 -0.000i)  ( 0.738 +0.629i) 
        ( 0.738 -0.629i)  (-0.244 +0.000i) 

      7 (-0.000 -0.427i)  (-0.070 +0.082i) 
        ( 0.070 +0.082i)  ( 0.000 +0.427i) 

      8 (-0.244 +0.000i)  (-0.738 -0.629i) 
        (-0.738 +0.629i)  ( 0.244 -0.000i) 

      9 ( 0.000 -0.440i)  (-0.000 +0.000i) 
        ( 0.000 +0.000i)  ( 0.000 -0.440i) 

     10 (-0.000 +0.000i)  (-0.761 -0.648i) 
        ( 0.761 -0.648i)  ( 0.000 -0.000i) 

     11 ( 0.000 -0.000i)  ( 0.761 +0.648i) 
        (-0.761 +0.648i)  ( 0.000 +0.000i) 

     12 ( 0.000 +0.440i)  ( 0.000 -0.000i) 
        (-0.000 -0.000i)  (-0.000 +0.440i) 

     13 (-0.970 -0.000i)  ( 0.186 +0.158i) 
        ( 0.186 -0.158i)  ( 0.970 -0.000i) 

     14 ( 0.000 +0.107i)  (-0.277 +0.325i) 
        ( 0.277 +0.325i)  (-0.000 -0.107i) 

     15 ( 0.970 +0.000i)  (-0.186 -0.158i) 
        (-0.186 +0.158i)  (-0.970 +0.000i) 

     16 (-0.000 -0.107i)  ( 0.277 -0.325i) 
        (-0.277 -0.325i)  (-0.000 +0.107i) 

 57 (   5.256):

      1 ( 1.000 -0.000i)  ( 0.000 +0.000i) 
        ( 0.000 -0.000i)  ( 1.000 -0.000i) 

      2 (-0.465 -0.000i)  (-0.143 -0.066i) 
        (-0.143 +0.066i)  (-0.284 +0.000i) 

      3 (-0.465 -0.000i)  (-0.143 -0.066i) 
        (-0.143 +0.066i)  (-0.284 +0.000i) 

      4 ( 1.000 -0.000i)  ( 0.000 +0.000i) 
        ( 0.000 -0.000i)  ( 1.000 +0.000i) 

      5 ( 0.000 +0.368i)  (-0.137 +0.294i) 
        ( 0.137 +0.294i)  (-0.000 -0.005i) 

      6 ( 0.000 -0.498i)  ( 0.366 -0.786i) 
        (-0.366 -0.786i)  ( 0.000 +0.498i) 

      7 ( 0.000 +0.368i)  (-0.137 +0.294i) 
        ( 0.137 +0.294i)  (-0.000 -0.005i) 

      8 ( 0.000 -0.498i)  ( 0.366 -0.786i) 
        (-0.366 -0.786i)  ( 0.000 +0.498i) 

      9 ( 0.000 +0.368i)  (-0.137 +0.294i) 
        ( 0.137 +0.294i)  ( 0.000 -0.005i) 

     10 (-0.000 -0.498i)  ( 0.366 -0.786i) 
        (-0.366 -0.786i)  ( 0.000 +0.498i) 

     11 (-0.000 -0.498i)  ( 0.366 -0.786i) 
        (-0.366 -0.786i)  ( 0.000 +0.498i) 

     12 ( 0.000 +0.368i)  (-0.137 +0.294i) 
        ( 0.137 +0.294i)  (-0.000 -0.005i) 

     13 ( 1.000 +0.000i)  ( 0.000 +0.000i) 
        ( 0.000 -0.000i)  ( 1.000 -0.000i) 

     14 (-0.465 -0.000i)  (-0.143 -0.066i) 
        (-0.143 +0.066i)  (-0.284 -0.000i) 

     15 ( 1.000 -0.000i)  ( 0.000 +0.000i) 
        ( 0.000 -0.000i)  ( 1.000 +0.000i) 

     16 (-0.465 -0.000i)  (-0.143 -0.066i) 
        (-0.143 +0.066i)  (-0.284 +0.000i) 

 59 (   5.392):

      1 ( 1.000 -0.000i)  ( 0.000 -0.000i) 
        (-0.000 +0.000i)  ( 1.000 -0.000i) 

      2 (-0.410 +0.000i)  ( 0.236 +0.424i) 
        ( 0.236 -0.424i)  (-0.216 +0.000i) 

      3 (-0.410 -0.000i)  ( 0.236 +0.424i) 
        ( 0.236 -0.424i)  (-0.216 +0.000i) 

      4 ( 1.000 -0.000i)  (-0.000 +0.000i) 
        (-0.000 -0.000i)  ( 1.000 +0.000i) 

      5 ( 0.000 -0.556i)  (-0.268 +0.150i) 
        ( 0.268 +0.150i)  (-0.000 -0.433i) 

      6 ( 0.000 +0.196i)  ( 0.856 -0.478i) 
        (-0.856 -0.478i)  (-0.000 -0.196i) 

      7 (-0.000 -0.556i)  (-0.268 +0.150i) 
        ( 0.268 +0.150i)  (-0.000 -0.433i) 

      8 (-0.000 +0.196i)  ( 0.856 -0.478i) 
        (-0.856 -0.478i)  ( 0.000 -0.196i) 

      9 ( 0.000 -0.556i)  (-0.268 +0.150i) 
        ( 0.268 +0.150i)  (-0.000 -0.433i) 

     10 ( 0.000 +0.196i)  ( 0.856 -0.478i) 
        (-0.856 -0.478i)  (-0.000 -0.196i) 

     11 ( 0.000 +0.196i)  ( 0.856 -0.478i) 
        (-0.856 -0.478i)  (-0.000 -0.196i) 

     12 (-0.000 -0.556i)  (-0.268 +0.150i) 
        ( 0.268 +0.150i)  (-0.000 -0.433i) 

     13 ( 1.000 -0.000i)  ( 0.000 -0.000i) 
        ( 0.000 -0.000i)  ( 1.000 -0.000i) 

     14 (-0.410 -0.000i)  ( 0.236 +0.424i) 
        ( 0.236 -0.424i)  (-0.216 -0.000i) 

     15 ( 1.000 -0.000i)  (-0.000 -0.000i) 
        ( 0.000 +0.000i)  ( 1.000 +0.000i) 

     16 (-0.410 +0.000i)  ( 0.236 +0.424i) 
        ( 0.236 -0.424i)  (-0.216 +0.000i) 

 61 (   5.489):

      1 ( 1.000 -0.000i)  (-0.000 +0.000i) 
        (-0.000 -0.000i)  ( 1.000 -0.000i) 

      2 ( 0.000 -0.000i)  ( 0.351 +0.358i) 
        ( 0.351 -0.358i)  (-0.000 -0.000i) 

      3 (-0.000 -0.000i)  (-0.351 -0.358i) 
        (-0.351 +0.358i)  ( 0.000 +0.000i) 

      4 (-1.000 +0.000i)  ( 0.000 -0.000i) 
        ( 0.000 +0.000i)  (-1.000 -0.000i) 

      5 (-0.000 -0.498i)  (-0.045 -0.046i) 
        ( 0.045 -0.046i)  ( 0.000 +0.498i) 

      6 (-0.128 +0.000i)  ( 0.708 -0.694i) 
        ( 0.708 +0.694i)  ( 0.128 -0.000i) 

      7 (-0.000 +0.498i)  ( 0.045 +0.046i) 
        (-0.045 +0.046i)  (-0.000 -0.498i) 

      8 ( 0.128 -0.000i)  (-0.708 +0.694i) 
        (-0.708 -0.694i)  (-0.128 +0.000i) 

      9 (-0.000 +0.502i)  (-0.000 +0.000i) 
        ( 0.000 +0.000i)  ( 0.000 +0.502i) 

     10 (-0.000 +0.000i)  (-0.714 +0.700i) 
        ( 0.714 +0.700i)  (-0.000 -0.000i) 

     11 ( 0.000 -0.000i)  ( 0.714 -0.700i) 
        (-0.714 -0.700i)  (-0.000 +0.000i) 

     12 ( 0.000 -0.502i)  ( 0.000 -0.000i) 
        (-0.000 -0.000i)  ( 0.000 -0.502i) 

     13 (-0.992 -0.000i)  (-0.092 +0.090i) 
        (-0.092 -0.090i)  ( 0.992 +0.000i) 

     14 ( 0.000 +0.064i)  (-0.348 -0.356i) 
        ( 0.348 -0.356i)  (-0.000 -0.064i) 

     15 ( 0.992 -0.000i)  ( 0.092 -0.090i) 
        ( 0.092 +0.090i)  (-0.992 -0.000i) 

     16 ( 0.000 -0.064i)  ( 0.348 +0.356i) 
        (-0.348 +0.356i)  (-0.000 +0.064i) 

 63 (   5.769):

      1 ( 1.000 -0.000i)  (-0.000 +0.000i) 
        (-0.000 -0.000i)  ( 1.000 -0.000i) 

      2 ( 0.079 -0.000i)  ( 0.152 -0.044i) 
        ( 0.152 +0.044i)  ( 0.164 -0.000i) 

      3 ( 0.079 -0.000i)  ( 0.152 -0.044i) 
        ( 0.152 +0.044i)  ( 0.164 -0.000i) 

      4 ( 1.000 +0.000i)  (-0.000 +0.000i) 
        (-0.000 -0.000i)  ( 1.000 -0.000i) 

      5 ( 0.000 -0.132i)  (-0.033 -0.113i) 
        ( 0.033 -0.113i)  ( 0.000 -0.195i) 

      6 (-0.000 +0.260i)  (-0.270 -0.927i) 
        ( 0.270 -0.927i)  (-0.000 -0.260i) 

      7 (-0.000 -0.132i)  (-0.033 -0.113i) 
        ( 0.033 -0.113i)  ( 0.000 -0.195i) 

      8 ( 0.000 +0.260i)  (-0.270 -0.927i) 
        ( 0.270 -0.927i)  (-0.000 -0.260i) 

      9 (-0.000 -0.132i)  (-0.033 -0.113i) 
        ( 0.033 -0.113i)  ( 0.000 -0.195i) 

     10 (-0.000 +0.260i)  (-0.270 -0.927i) 
        ( 0.270 -0.927i)  (-0.000 -0.260i) 

     11 (-0.000 +0.260i)  (-0.270 -0.927i) 
        ( 0.270 -0.927i)  (-0.000 -0.260i) 

     12 ( 0.000 -0.132i)  (-0.033 -0.113i) 
        ( 0.033 -0.113i)  ( 0.000 -0.195i) 

     13 ( 1.000 -0.000i)  (-0.000 +0.000i) 
        (-0.000 -0.000i)  ( 1.000 +0.000i) 

     14 ( 0.079 +0.000i)  ( 0.152 -0.044i) 
        ( 0.152 +0.044i)  ( 0.164 -0.000i) 

     15 ( 1.000 +0.000i)  (-0.000 +0.000i) 
        (-0.000 -0.000i)  ( 1.000 -0.000i) 

     16 ( 0.079 -0.000i)  ( 0.152 -0.044i) 
        ( 0.152 +0.044i)  ( 0.164 +0.000i) 

 65 (  10.145):

      1 ( 1.000 -0.000i)  (-0.000 -0.000i) 
        (-0.000 +0.000i)  ( 1.000 -0.000i) 

      2 ( 0.464 -0.000i)  ( 0.003 -0.011i) 
        ( 0.003 +0.011i)  ( 0.487 +0.000i) 

      3 ( 0.464 +0.000i)  ( 0.003 -0.011i) 
        ( 0.003 +0.011i)  ( 0.487 +0.000i) 

      4 ( 1.000 +0.000i)  (-0.000 -0.000i) 
        (-0.000 +0.000i)  ( 1.000 -0.000i) 

      5 ( 0.000 -0.327i)  ( 0.315 +0.096i) 
        (-0.315 +0.096i)  ( 0.000 +0.359i) 

      6 (-0.000 -0.722i)  ( 0.662 +0.202i) 
        (-0.662 +0.202i)  (-0.000 +0.722i) 

      7 ( 0.000 -0.327i)  ( 0.315 +0.096i) 
        (-0.315 +0.096i)  ( 0.000 +0.359i) 

      8 (-0.000 -0.722i)  ( 0.662 +0.202i) 
        (-0.662 +0.202i)  ( 0.000 +0.722i) 

      9 ( 0.000 -0.327i)  ( 0.315 +0.096i) 
        (-0.315 +0.096i)  ( 0.000 +0.359i) 

     10 (-0.000 -0.722i)  ( 0.662 +0.202i) 
        (-0.662 +0.202i)  (-0.000 +0.722i) 

     11 (-0.000 -0.722i)  ( 0.662 +0.202i) 
        (-0.662 +0.202i)  ( 0.000 +0.722i) 

     12 ( 0.000 -0.327i)  ( 0.315 +0.096i) 
        (-0.315 +0.096i)  ( 0.000 +0.359i) 

     13 ( 1.000 -0.000i)  (-0.000 -0.000i) 
        (-0.000 +0.000i)  ( 1.000 -0.000i) 

     14 ( 0.464 +0.000i)  ( 0.003 -0.011i) 
        ( 0.003 +0.011i)  ( 0.487 -0.000i) 

     15 ( 1.000 -0.000i)  (-0.000 -0.000i) 
        (-0.000 +0.000i)  ( 1.000 +0.000i) 

     16 ( 0.464 -0.000i)  ( 0.003 -0.011i) 
        ( 0.003 +0.011i)  ( 0.487 +0.000i) 

 67 (  10.192):

      1 ( 1.000 -0.000i)  (-0.000 +0.000i) 
        (-0.000 -0.000i)  ( 1.000 -0.000i) 

      2 ( 0.000 -0.000i)  ( 0.095 +0.045i) 
        ( 0.095 -0.045i)  (-0.000 -0.000i) 

      3 (-0.000 -0.000i)  (-0.095 -0.045i) 
        (-0.095 +0.045i)  ( 0.000 -0.000i) 

      4 (-1.000 +0.000i)  (-0.000 -0.000i) 
        ( 0.000 +0.000i)  (-1.000 +0.000i) 

      5 (-0.000 +0.105i)  (-0.009 -0.004i) 
        ( 0.009 -0.004i)  ( 0.000 -0.105i) 

      6 (-0.099 +0.000i)  (-0.429 +0.898i) 
        (-0.429 -0.898i)  ( 0.099 -0.000i) 

      7 ( 0.000 -0.105i)  ( 0.009 +0.004i) 
        (-0.009 +0.004i)  (-0.000 +0.105i) 

      8 ( 0.099 -0.000i)  ( 0.429 -0.898i) 
        ( 0.429 +0.898i)  (-0.099 +0.000i) 

      9 (-0.000 +0.105i)  ( 0.000 -0.000i) 
        (-0.000 -0.000i)  ( 0.000 +0.105i) 

     10 (-0.000 +0.000i)  (-0.431 +0.902i) 
        ( 0.431 +0.902i)  ( 0.000 -0.000i) 

     11 (-0.000 -0.000i)  ( 0.431 -0.902i) 
        (-0.431 -0.902i)  (-0.000 +0.000i) 

     12 (-0.000 -0.105i)  (-0.000 +0.000i) 
        ( 0.000 +0.000i)  (-0.000 -0.105i) 

     13 ( 0.995 +0.000i)  (-0.043 +0.089i) 
        (-0.043 -0.089i)  (-0.995 -0.000i) 

     14 ( 0.000 +0.010i)  ( 0.095 +0.045i) 
        (-0.095 +0.045i)  ( 0.000 -0.010i) 

     15 (-0.995 +0.000i)  ( 0.043 -0.089i) 
        ( 0.043 +0.089i)  ( 0.995 +0.000i) 

     16 ( 0.000 -0.010i)  (-0.095 -0.045i) 
        ( 0.095 -0.045i)  (-0.000 +0.010i) 

 69 (  10.211):

      1 ( 1.000 -0.000i)  ( 0.000 +0.000i) 
        ( 0.000 -0.000i)  ( 1.000 -0.000i) 

      2 ( 0.000 -0.000i)  (-0.012 +0.171i) 
        (-0.012 -0.171i)  (-0.000 -0.000i) 

      3 (-0.000 -0.000i)  ( 0.012 -0.171i) 
        ( 0.012 +0.171i)  ( 0.000 +0.000i) 

      4 (-1.000 -0.000i)  (-0.000 -0.000i) 
        (-0.000 +0.000i)  (-1.000 +0.000i) 

      5 ( 0.000 -0.171i)  (-0.001 +0.010i) 
        ( 0.001 +0.010i)  ( 0.000 +0.171i) 

      6 ( 0.060 -0.000i)  ( 0.996 +0.071i) 
        ( 0.996 -0.071i)  (-0.060 -0.000i) 

      7 ( 0.000 +0.171i)  ( 0.001 -0.010i) 
        (-0.001 -0.010i)  ( 0.000 -0.171i) 

      8 (-0.060 -0.000i)  (-0.996 -0.071i) 
        (-0.996 +0.071i)  ( 0.060 -0.000i) 

      9 ( 0.000 -0.171i)  ( 0.000 -0.000i) 
        (-0.000 -0.000i)  ( 0.000 -0.171i) 

     10 (-0.000 +0.000i)  ( 0.997 +0.071i) 
        (-0.997 +0.071i)  ( 0.000 -0.000i) 

     11 ( 0.000 -0.000i)  (-0.997 -0.071i) 
        ( 0.997 -0.071i)  (-0.000 +0.000i) 

     12 ( 0.000 +0.171i)  (-0.000 +0.000i) 
        ( 0.000 +0.000i)  (-0.000 +0.171i) 

     13 ( 0.998 +0.000i)  (-0.060 -0.004i) 
        (-0.060 +0.004i)  (-0.998 +0.000i) 

     14 ( 0.000 +0.010i)  (-0.012 +0.170i) 
        ( 0.012 +0.170i)  ( 0.000 -0.010i) 

     15 (-0.998 -0.000i)  ( 0.060 +0.004i) 
        ( 0.060 -0.004i)  ( 0.998 -0.000i) 

     16 ( 0.000 -0.010i)  ( 0.012 -0.170i) 
        (-0.012 -0.170i)  ( 0.000 +0.010i) 

 71 (  10.241):

      1 ( 1.000 -0.000i)  ( 0.000 -0.000i) 
        ( 0.000 +0.000i)  ( 1.000 -0.000i) 

      2 (-0.079 -0.000i)  ( 0.001 -0.008i) 
        ( 0.001 +0.008i)  (-0.097 +0.000i) 

      3 (-0.079 -0.000i)  ( 0.001 -0.008i) 
        ( 0.001 +0.008i)  (-0.097 +0.000i) 

      4 ( 1.000 -0.000i)  ( 0.000 -0.000i) 
        ( 0.000 +0.000i)  ( 1.000 -0.000i) 

      5 (-0.000 +0.056i)  ( 0.057 +0.006i) 
        (-0.057 +0.006i)  ( 0.000 -0.079i) 

      6 (-0.000 -0.763i)  (-0.642 -0.074i) 
        ( 0.642 -0.074i)  ( 0.000 +0.763i) 

      7 ( 0.000 +0.056i)  ( 0.057 +0.006i) 
        (-0.057 +0.006i)  ( 0.000 -0.079i) 

      8 (-0.000 -0.763i)  (-0.642 -0.074i) 
        ( 0.642 -0.074i)  ( 0.000 +0.763i) 

      9 ( 0.000 +0.056i)  ( 0.057 +0.006i) 
        (-0.057 +0.006i)  ( 0.000 -0.079i) 

     10 (-0.000 -0.763i)  (-0.642 -0.074i) 
        ( 0.642 -0.074i)  ( 0.000 +0.763i) 

     11 (-0.000 -0.763i)  (-0.642 -0.074i) 
        ( 0.642 -0.074i)  ( 0.000 +0.763i) 

     12 ( 0.000 +0.056i)  ( 0.057 +0.006i) 
        (-0.057 +0.006i)  (-0.000 -0.079i) 

     13 ( 1.000 -0.000i)  ( 0.000 -0.000i) 
        ( 0.000 +0.000i)  ( 1.000 +0.000i) 

     14 (-0.079 -0.000i)  ( 0.001 -0.008i) 
        ( 0.001 +0.008i)  (-0.097 +0.000i) 

     15 ( 1.000 +0.000i)  ( 0.000 -0.000i) 
        ( 0.000 +0.000i)  ( 1.000 +0.000i) 

     16 (-0.079 +0.000i)  ( 0.001 -0.008i) 
        ( 0.001 +0.008i)  (-0.097 -0.000i) 

 73 (  10.615):

      1 ( 1.000 -0.000i)  (-0.000 -0.000i) 
        (-0.000 +0.000i)  ( 1.000 -0.000i) 

      2 (-0.000 -0.000i)  ( 0.380 +0.224i) 
        ( 0.380 -0.224i)  ( 0.000 +0.000i) 

      3 ( 0.000 -0.000i)  (-0.380 -0.224i) 
        (-0.380 +0.224i)  (-0.000 -0.000i) 

      4 (-1.000 -0.000i)  ( 0.000 +0.000i) 
        ( 0.000 -0.000i)  (-1.000 +0.000i) 

      5 (-0.000 -0.439i)  ( 0.037 +0.022i) 
        (-0.037 +0.022i)  (-0.000 +0.439i) 

      6 ( 0.098 -0.000i)  ( 0.505 -0.857i) 
        ( 0.505 +0.857i)  (-0.098 +0.000i) 

      7 (-0.000 +0.439i)  (-0.037 -0.022i) 
        ( 0.037 -0.022i)  (-0.000 -0.439i) 

      8 (-0.098 +0.000i)  (-0.505 +0.857i) 
        (-0.505 -0.857i)  ( 0.098 -0.000i) 

      9 (-0.000 +0.442i)  ( 0.000 +0.000i) 
        (-0.000 +0.000i)  ( 0.000 +0.442i) 

     10 ( 0.000 -0.000i)  (-0.508 +0.861i) 
        ( 0.508 +0.861i)  (-0.000 +0.000i) 

     11 ( 0.000 +0.000i)  ( 0.508 -0.861i) 
        (-0.508 -0.861i)  (-0.000 -0.000i) 

     12 (-0.000 -0.442i)  (-0.000 -0.000i) 
        ( 0.000 -0.000i)  (-0.000 -0.442i) 

     13 (-0.995 -0.000i)  ( 0.050 -0.085i) 
        ( 0.050 +0.085i)  ( 0.995 -0.000i) 

     14 (-0.000 -0.043i)  (-0.379 -0.223i) 
        ( 0.379 -0.223i)  ( 0.000 +0.043i) 

     15 ( 0.995 +0.000i)  (-0.050 +0.085i) 
        (-0.050 -0.085i)  (-0.995 -0.000i) 

     16 (-0.000 +0.043i)  ( 0.379 +0.223i) 
        (-0.379 +0.223i)  ( 0.000 -0.043i) 

 75 (  10.675):

      1 ( 1.000 -0.000i)  (-0.000 -0.000i) 
        (-0.000 +0.000i)  ( 1.000 -0.000i) 

      2 (-0.866 -0.000i)  (-0.038 -0.003i) 
        (-0.038 +0.003i)  (-0.860 +0.000i) 

      3 (-0.866 -0.000i)  (-0.038 -0.003i) 
        (-0.038 +0.003i)  (-0.860 -0.000i) 

      4 ( 1.000 -0.000i)  (-0.000 +0.000i) 
        (-0.000 -0.000i)  ( 1.000 -0.000i) 

      5 ( 0.000 +0.113i)  (-0.070 +0.857i) 
        ( 0.070 +0.857i)  (-0.000 -0.036i) 

      6 ( 0.000 -0.087i)  ( 0.081 -0.993i) 
        (-0.081 -0.993i)  ( 0.000 +0.087i) 

      7 (-0.000 +0.113i)  (-0.070 +0.857i) 
        ( 0.070 +0.857i)  ( 0.000 -0.036i) 

      8 ( 0.000 -0.087i)  ( 0.081 -0.993i) 
        (-0.081 -0.993i)  ( 0.000 +0.087i) 

      9 (-0.000 -0.113i)  ( 0.070 -0.857i) 
        (-0.070 -0.857i)  (-0.000 +0.036i) 

     10 (-0.000 +0.087i)  (-0.081 +0.993i) 
        ( 0.081 +0.993i)  (-0.000 -0.087i) 

     11 (-0.000 +0.087i)  (-0.081 +0.993i) 
        ( 0.081 +0.993i)  ( 0.000 -0.087i) 

     12 (-0.000 -0.113i)  ( 0.070 -0.857i) 
        (-0.070 -0.857i)  (-0.000 +0.036i) 

     13 (-1.000 -0.000i)  ( 0.000 +0.000i) 
        ( 0.000 -0.000i)  (-1.000 -0.000i) 

     14 ( 0.866 +0.000i)  ( 0.038 +0.003i) 
        ( 0.038 -0.003i)  ( 0.860 -0.000i) 

     15 (-1.000 +0.000i)  ( 0.000 +0.000i) 
        ( 0.000 -0.000i)  (-1.000 -0.000i) 

     16 ( 0.866 -0.000i)  ( 0.038 +0.003i) 
        ( 0.038 -0.003i)  ( 0.860 +0.000i) 

 77 (  10.743):

      1 ( 1.000 -0.000i)  ( 0.000 -0.000i) 
        ( 0.000 +0.000i)  ( 1.000 -0.000i) 

      2 ( 0.000 -0.000i)  (-0.360 +0.108i) 
        (-0.360 -0.108i)  (-0.000 +0.000i) 

      3 (-0.000 -0.000i)  ( 0.360 -0.108i) 
        ( 0.360 +0.108i)  ( 0.000 +0.000i) 

      4 (-1.000 +0.000i)  (-0.000 +0.000i) 
        (-0.000 -0.000i)  (-1.000 -0.000i) 

      5 (-0.000 -0.375i)  (-0.030 +0.009i) 
        ( 0.030 +0.009i)  ( 0.000 +0.375i) 

      6 ( 0.083 -0.000i)  ( 0.287 +0.954i) 
        ( 0.287 -0.954i)  (-0.083 +0.000i) 

      7 ( 0.000 +0.375i)  ( 0.030 -0.009i) 
        (-0.030 -0.009i)  (-0.000 -0.375i) 

      8 (-0.083 +0.000i)  (-0.287 -0.954i) 
        (-0.287 +0.954i)  ( 0.083 -0.000i) 

      9 ( 0.000 -0.376i)  (-0.000 +0.000i) 
        ( 0.000 +0.000i)  (-0.000 -0.376i) 

     10 (-0.000 -0.000i)  ( 0.288 +0.958i) 
        (-0.288 +0.958i)  ( 0.000 +0.000i) 

     11 ( 0.000 +0.000i)  (-0.288 -0.958i) 
        ( 0.288 -0.958i)  (-0.000 -0.000i) 

     12 ( 0.000 +0.376i)  ( 0.000 -0.000i) 
        (-0.000 -0.000i)  (-0.000 +0.376i) 

     13 ( 0.997 -0.000i)  (-0.024 -0.079i) 
        (-0.024 +0.079i)  (-0.997 +0.000i) 

     14 (-0.000 +0.031i)  (-0.359 +0.108i) 
        ( 0.359 +0.108i)  ( 0.000 -0.031i) 

     15 (-0.997 -0.000i)  ( 0.024 +0.079i) 
        ( 0.024 -0.079i)  ( 0.997 -0.000i) 

     16 (-0.000 -0.031i)  ( 0.359 -0.108i) 
        (-0.359 -0.108i)  ( 0.000 +0.031i) 

 79 (  11.290):

      1 ( 1.000 -0.000i)  (-0.000 +0.000i) 
        (-0.000 -0.000i)  ( 1.000 -0.000i) 

      2 ( 0.440 -0.000i)  ( 0.072 -0.091i) 
        ( 0.072 +0.091i)  (-0.366 +0.000i) 

      3 ( 0.440 -0.000i)  ( 0.072 -0.091i) 
        ( 0.072 +0.091i)  (-0.366 -0.000i) 

      4 ( 1.000 +0.000i)  (-0.000 -0.000i) 
        (-0.000 +0.000i)  ( 1.000 +0.000i) 

      5 ( 0.000 +0.455i)  ( 0.008 +0.006i) 
        (-0.008 +0.006i)  (-0.000 +0.384i) 

      6 (-0.000 +0.961i)  ( 0.218 +0.171i) 
        (-0.218 +0.171i)  (-0.000 -0.961i) 

      7 (-0.000 +0.455i)  ( 0.008 +0.006i) 
        (-0.008 +0.006i)  ( 0.000 +0.384i) 

      8 (-0.000 +0.961i)  ( 0.218 +0.171i) 
        (-0.218 +0.171i)  (-0.000 -0.961i) 

      9 (-0.000 +0.455i)  ( 0.008 +0.006i) 
        (-0.008 +0.006i)  (-0.000 +0.384i) 

     10 (-0.000 +0.961i)  ( 0.218 +0.171i) 
        (-0.218 +0.171i)  (-0.000 -0.961i) 

     11 ( 0.000 +0.961i)  ( 0.218 +0.171i) 
        (-0.218 +0.171i)  (-0.000 -0.961i) 

     12 ( 0.000 +0.455i)  ( 0.008 +0.006i) 
        (-0.008 +0.006i)  ( 0.000 +0.384i) 

     13 ( 1.000 -0.000i)  (-0.000 +0.000i) 
        (-0.000 -0.000i)  ( 1.000 -0.000i) 

     14 ( 0.440 +0.000i)  ( 0.072 -0.091i) 
        ( 0.072 +0.091i)  (-0.366 +0.000i) 

     15 ( 1.000 +0.000i)  (-0.000 +0.000i) 
        (-0.000 -0.000i)  ( 1.000 +0.000i) 

     16 ( 0.440 -0.000i)  ( 0.072 -0.091i) 
        ( 0.072 +0.091i)  (-0.366 -0.000i) 

 81 (  11.320):

      1 ( 1.000 -0.000i)  (-0.000 -0.000i) 
        (-0.000 +0.000i)  ( 1.000 -0.000i) 

      2 (-0.000 +0.000i)  (-0.046 -0.144i) 
        (-0.046 +0.144i)  ( 0.000 +0.000i) 

      3 ( 0.000 +0.000i)  ( 0.046 +0.144i) 
        ( 0.046 -0.144i)  (-0.000 -0.000i) 

      4 (-1.000 -0.000i)  ( 0.000 +0.000i) 
        (-0.000 -0.000i)  (-1.000 +0.000i) 

      5 (-0.000 +0.150i)  (-0.004 -0.013i) 
        ( 0.004 -0.013i)  (-0.000 -0.150i) 

      6 ( 0.093 -0.000i)  ( 0.948 -0.303i) 
        ( 0.948 +0.303i)  (-0.093 +0.000i) 

      7 ( 0.000 -0.150i)  ( 0.004 +0.013i) 
        (-0.004 +0.013i)  (-0.000 +0.150i) 

      8 (-0.093 -0.000i)  (-0.948 +0.303i) 
        (-0.948 -0.303i)  ( 0.093 -0.000i) 

      9 ( 0.000 +0.151i)  (-0.000 -0.000i) 
        ( 0.000 -0.000i)  (-0.000 +0.151i) 

     10 (-0.000 +0.000i)  ( 0.953 -0.304i) 
        (-0.953 -0.304i)  (-0.000 -0.000i) 

     11 (-0.000 -0.000i)  (-0.953 +0.304i) 
        ( 0.953 +0.304i)  ( 0.000 +0.000i) 

     12 ( 0.000 -0.151i)  ( 0.000 +0.000i) 
        (-0.000 +0.000i)  (-0.000 -0.151i) 

     13 ( 0.996 -0.000i)  (-0.089 +0.028i) 
        (-0.089 -0.028i)  (-0.996 +0.000i) 

     14 (-0.000 -0.014i)  (-0.046 -0.143i) 
        ( 0.046 -0.143i)  ( 0.000 +0.014i) 

     15 (-0.996 +0.000i)  ( 0.089 -0.028i) 
        ( 0.089 +0.028i)  ( 0.996 -0.000i) 

     16 (-0.000 +0.014i)  ( 0.046 +0.143i) 
        (-0.046 +0.143i)  (-0.000 -0.014i) 

 83 (  11.360):

      1 ( 1.000 -0.000i)  ( 0.000 +0.000i) 
        ( 0.000 -0.000i)  ( 1.000 -0.000i) 

      2 ( 0.763 -0.000i)  ( 0.004 +0.016i) 
        ( 0.004 -0.016i)  ( 0.756 +0.000i) 

      3 ( 0.763 +0.000i)  ( 0.004 +0.016i) 
        ( 0.004 -0.016i)  ( 0.756 -0.000i) 

      4 ( 1.000 +0.000i)  (-0.000 +0.000i) 
        (-0.000 -0.000i)  ( 1.000 +0.000i) 

      5 (-0.000 -0.167i)  ( 0.727 -0.159i) 
        (-0.727 -0.159i)  ( 0.000 +0.133i) 

      6 ( 0.000 -0.197i)  ( 0.958 -0.209i) 
        (-0.958 -0.209i)  (-0.000 +0.197i) 

      7 ( 0.000 -0.167i)  ( 0.727 -0.159i) 
        (-0.727 -0.159i)  ( 0.000 +0.133i) 

      8 (-0.000 -0.197i)  ( 0.958 -0.209i) 
        (-0.958 -0.209i)  ( 0.000 +0.197i) 

      9 (-0.000 +0.167i)  (-0.727 +0.159i) 
        ( 0.727 +0.159i)  ( 0.000 -0.133i) 

     10 ( 0.000 +0.197i)  (-0.958 +0.209i) 
        ( 0.958 +0.209i)  (-0.000 -0.197i) 

     11 (-0.000 +0.197i)  (-0.958 +0.209i) 
        ( 0.958 +0.209i)  (-0.000 -0.197i) 

     12 (-0.000 +0.167i)  (-0.727 +0.159i) 
        ( 0.727 +0.159i)  (-0.000 -0.133i) 

     13 (-1.000 -0.000i)  (-0.000 -0.000i) 
        (-0.000 +0.000i)  (-1.000 +0.000i) 

     14 (-0.763 +0.000i)  (-0.004 -0.016i) 
        (-0.004 +0.016i)  (-0.756 +0.000i) 

     15 (-1.000 -0.000i)  (-0.000 -0.000i) 
        (-0.000 +0.000i)  (-1.000 -0.000i) 

     16 (-0.763 -0.000i)  (-0.004 -0.016i) 
        (-0.004 +0.016i)  (-0.756 -0.000i) 

 85 (  11.653):

      1 ( 1.000 -0.000i)  (-0.000 -0.000i) 
        (-0.000 +0.000i)  ( 1.000 -0.000i) 

      2 (-0.000 +0.000i)  ( 0.163 +0.018i) 
        ( 0.163 -0.018i)  (-0.000 -0.000i) 

      3 ( 0.000 -0.000i)  (-0.163 -0.018i) 
        (-0.163 +0.018i)  ( 0.000 +0.000i) 

      4 (-1.000 +0.000i)  ( 0.000 +0.000i) 
        ( 0.000 -0.000i)  (-1.000 +0.000i) 

      5 (-0.000 -0.164i)  (-0.004 -0.000i) 
        ( 0.004 -0.000i)  ( 0.000 +0.164i) 

      6 (-0.024 -0.000i)  ( 0.111 -0.993i) 
        ( 0.111 +0.993i)  ( 0.024 -0.000i) 

      7 ( 0.000 +0.164i)  ( 0.004 +0.000i) 
        (-0.004 +0.000i)  ( 0.000 -0.164i) 

      8 ( 0.024 -0.000i)  (-0.111 +0.993i) 
        (-0.111 -0.993i)  (-0.024 +0.000i) 

      9 (-0.000 -0.164i)  ( 0.000 +0.000i) 
        (-0.000 +0.000i)  (-0.000 -0.164i) 

     10 ( 0.000 -0.000i)  ( 0.112 -0.994i) 
        (-0.112 -0.994i)  (-0.000 +0.000i) 

     11 (-0.000 +0.000i)  (-0.112 +0.994i) 
        ( 0.112 +0.994i)  (-0.000 -0.000i) 

     12 ( 0.000 +0.164i)  (-0.000 -0.000i) 
        ( 0.000 -0.000i)  (-0.000 +0.164i) 

     13 ( 1.000 -0.000i)  ( 0.003 -0.024i) 
        ( 0.003 +0.024i)  (-1.000 -0.000i) 

     14 ( 0.000 -0.004i)  ( 0.163 +0.018i) 
        (-0.163 +0.018i)  (-0.000 +0.004i) 

     15 (-1.000 -0.000i)  (-0.003 +0.024i) 
        (-0.003 -0.024i)  ( 1.000 +0.000i) 

     16 ( 0.000 +0.004i)  (-0.163 -0.018i) 
        ( 0.163 -0.018i)  (-0.000 -0.004i) 

 87 (  11.915):

      1 ( 1.000 -0.000i)  ( 0.000 -0.000i) 
        ( 0.000 +0.000i)  ( 1.000 -0.000i) 

      2 (-0.327 -0.000i)  (-0.069 -0.414i) 
        (-0.069 +0.414i)  (-0.470 -0.000i) 

      3 (-0.327 +0.000i)  (-0.069 -0.414i) 
        (-0.069 +0.414i)  (-0.470 -0.000i) 

      4 ( 1.000 -0.000i)  ( 0.000 -0.000i) 
        ( 0.000 -0.000i)  ( 1.000 -0.000i) 

      5 ( 0.000 -0.359i)  ( 0.388 -0.065i) 
        (-0.388 -0.065i)  ( 0.000 -0.493i) 

      6 ( 0.000 -0.168i)  (-0.972 +0.163i) 
        ( 0.972 +0.163i)  (-0.000 +0.168i) 

      7 (-0.000 -0.359i)  ( 0.388 -0.065i) 
        (-0.388 -0.065i)  (-0.000 -0.493i) 

      8 (-0.000 -0.168i)  (-0.972 +0.163i) 
        ( 0.972 +0.163i)  ( 0.000 +0.168i) 

      9 (-0.000 -0.359i)  ( 0.388 -0.065i) 
        (-0.388 -0.065i)  (-0.000 -0.493i) 

     10 ( 0.000 -0.168i)  (-0.972 +0.163i) 
        ( 0.972 +0.163i)  ( 0.000 +0.168i) 

     11 (-0.000 -0.168i)  (-0.972 +0.163i) 
        ( 0.972 +0.163i)  ( 0.000 +0.168i) 

     12 (-0.000 -0.359i)  ( 0.388 -0.065i) 
        (-0.388 -0.065i)  ( 0.000 -0.493i) 

     13 ( 1.000 +0.000i)  ( 0.000 +0.000i) 
        ( 0.000 -0.000i)  ( 1.000 -0.000i) 

     14 (-0.327 +0.000i)  (-0.069 -0.414i) 
        (-0.069 +0.414i)  (-0.470 -0.000i) 

     15 ( 1.000 -0.000i)  ( 0.000 -0.000i) 
        ( 0.000 +0.000i)  ( 1.000 -0.000i) 

     16 (-0.327 +0.000i)  (-0.069 -0.414i) 
        (-0.069 +0.414i)  (-0.470 +0.000i) 

 89 (  12.720):

      1 ( 1.000 -0.000i)  ( 0.000 +0.000i) 
        ( 0.000 -0.000i)  ( 1.000 -0.000i) 

      2 ( 0.000 -0.000i)  ( 0.729 -0.252i) 
        ( 0.729 +0.252i)  (-0.000 -0.000i) 

      3 (-0.000 -0.000i)  (-0.729 +0.252i) 
        (-0.729 -0.252i)  ( 0.000 +0.000i) 

      4 (-1.000 +0.000i)  (-0.000 -0.000i) 
        (-0.000 +0.000i)  (-1.000 +0.000i) 

      5 ( 0.000 +0.763i)  (-0.102 +0.035i) 
        ( 0.102 +0.035i)  (-0.000 -0.763i) 

      6 (-0.140 +0.000i)  ( 0.323 +0.936i) 
        ( 0.323 -0.936i)  ( 0.140 -0.000i) 

      7 (-0.000 -0.763i)  ( 0.102 -0.035i) 
        (-0.102 -0.035i)  (-0.000 +0.763i) 

      8 ( 0.140 -0.000i)  (-0.323 -0.936i) 
        (-0.323 +0.936i)  (-0.140 +0.000i) 

      9 (-0.000 -0.771i)  ( 0.000 -0.000i) 
        (-0.000 -0.000i)  ( 0.000 -0.771i) 

     10 (-0.000 -0.000i)  (-0.326 -0.945i) 
        ( 0.326 -0.945i)  ( 0.000 +0.000i) 

     11 (-0.000 +0.000i)  ( 0.326 +0.945i) 
        (-0.326 +0.945i)  (-0.000 -0.000i) 

     12 ( 0.000 +0.771i)  (-0.000 +0.000i) 
        ( 0.000 +0.000i)  (-0.000 +0.771i) 

     13 (-0.990 +0.000i)  (-0.046 -0.132i) 
        (-0.046 +0.132i)  ( 0.990 -0.000i) 

     14 ( 0.000 -0.108i)  (-0.722 +0.249i) 
        ( 0.722 +0.249i)  (-0.000 +0.108i) 

     15 ( 0.990 -0.000i)  ( 0.046 +0.132i) 
        ( 0.046 -0.132i)  (-0.990 -0.000i) 

     16 ( 0.000 +0.108i)  ( 0.722 -0.249i) 
        (-0.722 -0.249i)  (-0.000 -0.108i) 

 91 (  12.729):

      1 ( 1.000 -0.000i)  ( 0.000 +0.000i) 
        ( 0.000 +0.000i)  ( 1.000 -0.000i) 

      2 ( 0.000 -0.000i)  (-0.203 +0.788i) 
        (-0.203 -0.788i)  (-0.000 -0.000i) 

      3 (-0.000 -0.000i)  ( 0.203 -0.788i) 
        ( 0.203 +0.788i)  ( 0.000 +0.000i) 

      4 (-1.000 +0.000i)  (-0.000 -0.000i) 
        (-0.000 +0.000i)  (-1.000 -0.000i) 

      5 (-0.000 +0.810i)  ( 0.019 -0.072i) 
        (-0.019 -0.072i)  ( 0.000 -0.810i) 

      6 (-0.091 +0.000i)  (-0.964 -0.248i) 
        (-0.964 +0.248i)  ( 0.091 -0.000i) 

      7 ( 0.000 -0.810i)  (-0.019 +0.072i) 
        ( 0.019 +0.072i)  (-0.000 +0.810i) 

      8 ( 0.091 -0.000i)  ( 0.964 +0.248i) 
        ( 0.964 -0.248i)  (-0.091 +0.000i) 

      9 ( 0.000 +0.814i)  ( 0.000 -0.000i) 
        (-0.000 -0.000i)  (-0.000 +0.814i) 

     10 (-0.000 +0.000i)  (-0.969 -0.249i) 
        ( 0.969 -0.249i)  ( 0.000 -0.000i) 

     11 (-0.000 -0.000i)  ( 0.969 +0.249i) 
        (-0.969 +0.249i)  ( 0.000 +0.000i) 

     12 (-0.000 -0.814i)  (-0.000 +0.000i) 
        ( 0.000 +0.000i)  (-0.000 -0.814i) 

     13 ( 0.996 +0.000i)  (-0.089 -0.023i) 
        (-0.089 +0.023i)  (-0.996 -0.000i) 

     14 ( 0.000 +0.074i)  (-0.202 +0.785i) 
        ( 0.202 +0.785i)  ( 0.000 -0.074i) 

     15 (-0.996 -0.000i)  ( 0.089 +0.023i) 
        ( 0.089 -0.023i)  ( 0.996 -0.000i) 

     16 ( 0.000 -0.074i)  ( 0.202 -0.785i) 
        (-0.202 -0.785i)  ( 0.000 +0.074i) 

 93 (  13.093):

      1 ( 1.000 -0.000i)  ( 0.000 +0.000i) 
        ( 0.000 -0.000i)  ( 1.000 -0.000i) 

      2 (-0.086 -0.000i)  (-0.128 +0.068i) 
        (-0.128 -0.068i)  (-0.273 -0.000i) 

      3 (-0.086 -0.000i)  (-0.128 +0.068i) 
        (-0.128 -0.068i)  (-0.273 +0.000i) 

      4 ( 1.000 +0.000i)  ( 0.000 +0.000i) 
        ( 0.000 -0.000i)  ( 1.000 -0.000i) 

      5 (-0.000 -0.074i)  (-0.071 -0.133i) 
        ( 0.071 -0.133i)  (-0.000 -0.269i) 

      6 (-0.000 -0.543i)  ( 0.393 +0.742i) 
        (-0.393 +0.742i)  (-0.000 +0.543i) 

      7 (-0.000 -0.074i)  (-0.071 -0.133i) 
        ( 0.071 -0.133i)  (-0.000 -0.269i) 

      8 (-0.000 -0.543i)  ( 0.393 +0.742i) 
        (-0.393 +0.742i)  (-0.000 +0.543i) 

      9 (-0.000 -0.074i)  (-0.071 -0.133i) 
        ( 0.071 -0.133i)  (-0.000 -0.269i) 

     10 (-0.000 -0.543i)  ( 0.393 +0.742i) 
        (-0.393 +0.742i)  (-0.000 +0.543i) 

     11 (-0.000 -0.543i)  ( 0.393 +0.742i) 
        (-0.393 +0.742i)  ( 0.000 +0.543i) 

     12 (-0.000 -0.074i)  (-0.071 -0.133i) 
        ( 0.071 -0.133i)  (-0.000 -0.269i) 

     13 ( 1.000 +0.000i)  ( 0.000 +0.000i) 
        ( 0.000 -0.000i)  ( 1.000 -0.000i) 

     14 (-0.086 -0.000i)  (-0.128 +0.068i) 
        (-0.128 -0.068i)  (-0.273 -0.000i) 

     15 ( 1.000 -0.000i)  ( 0.000 +0.000i) 
        ( 0.000 -0.000i)  ( 1.000 -0.000i) 

     16 (-0.086 +0.000i)  (-0.128 +0.068i) 
        (-0.128 -0.068i)  (-0.273 -0.000i) 

 95 (  13.219):

      1 ( 1.000 -0.000i)  (-0.000 -0.000i) 
        (-0.000 -0.000i)  ( 1.000 -0.000i) 

      2 ( 0.196 -0.000i)  ( 0.014 -0.174i) 
        ( 0.014 +0.174i)  ( 0.210 +0.000i) 

      3 ( 0.196 -0.000i)  ( 0.014 -0.174i) 
        ( 0.014 +0.174i)  ( 0.210 -0.000i) 

      4 ( 1.000 +0.000i)  (-0.000 -0.000i) 
        (-0.000 -0.000i)  ( 1.000 +0.000i) 

      5 ( 0.000 +0.166i)  ( 0.202 +0.016i) 
        (-0.202 +0.016i)  ( 0.000 +0.182i) 

      6 ( 0.000 -0.039i)  ( 0.996 +0.079i) 
        (-0.996 +0.079i)  (-0.000 +0.039i) 

      7 ( 0.000 +0.166i)  ( 0.202 +0.016i) 
        (-0.202 +0.016i)  (-0.000 +0.182i) 

      8 (-0.000 -0.039i)  ( 0.996 +0.079i) 
        (-0.996 +0.079i)  ( 0.000 +0.039i) 

      9 ( 0.000 +0.166i)  ( 0.202 +0.016i) 
        (-0.202 +0.016i)  (-0.000 +0.182i) 

     10 (-0.000 -0.039i)  ( 0.996 +0.079i) 
        (-0.996 +0.079i)  ( 0.000 +0.039i) 

     11 (-0.000 -0.039i)  ( 0.996 +0.079i) 
        (-0.996 +0.079i)  ( 0.000 +0.039i) 

     12 ( 0.000 +0.166i)  ( 0.202 +0.016i) 
        (-0.202 +0.016i)  (-0.000 +0.182i) 

     13 ( 1.000 +0.000i)  (-0.000 -0.000i) 
        (-0.000 +0.000i)  ( 1.000 +0.000i) 

     14 ( 0.196 -0.000i)  ( 0.014 -0.174i) 
        ( 0.014 +0.174i)  ( 0.210 +0.000i) 

     15 ( 1.000 -0.000i)  ( 0.000 -0.000i) 
        (-0.000 +0.000i)  ( 1.000 +0.000i) 

     16 ( 0.196 -0.000i)  ( 0.014 -0.174i) 
        ( 0.014 +0.174i)  ( 0.210 -0.000i) 

